12.05.2012 17:25:00.00 86400.0 0.333333333E-05
#  Startdatum              [d] -> [s]  [mm/5min] -> [m/s]
0	0
0.00347222222222222	0
0.00694444444444444	0
0.0104166666666667	0
0.0138888888888889	0
0.0173611111111111	0
0.0208333333333333	0
0.0243055555555556	0
0.0277777777777778	0
0.03125	0
0.0347222222222222	0
0.0381944444444444	0
0.0416666666666667	0
0.0451388888888889	0
0.0486111111111111	0
0.0520833333333333	0
0.0555555555555556	0
0.0590277777777778	0
0.0625	0
0.0659722222222222	0
0.0694444444444444	0
0.0729166666666667	0
0.0763888888888889	0
0.0798611111111111	0
0.0833333333333333	0
0.0868055555555556	0
0.0902777777777778	0
0.09375	0
0.0972222222222222	0
0.100694444444444	0
0.104166666666667	0
0.107638888888889	0
0.111111111111111	0
0.114583333333333	0
0.118055555555556	0
0.121527777777778	0
0.125	0
0.128472222222222	0
0.131944444444444	0
0.135416666666667	0
0.138888888888889	0
0.142361111111111	0
0.145833333333333	0
0.149305555555556	0
0.152777777777778	0
0.15625	0
0.159722222222222	0
0.163194444444444	0
0.166666666666667	0
0.170138888888889	0
0.173611111111111	0
0.177083333333333	0
0.180555555555556	0
0.184027777777778	0
0.1875	0
0.190972222222222	0
0.194444444444444	0
0.197916666666667	0
0.201388888888889	0
0.204861111111111	0
0.208333333333333	0
0.211805555555556	0
0.215277777777778	0
0.21875	0
0.222222222222222	0
0.225694444444444	0
0.229166666666667	0
0.232638888888889	0
0.236111111111111	0
0.239583333333333	0
0.243055555555556	0
0.246527777777778	0
0.25	0
0.253472222222222	0
0.256944444444444	0
0.260416666666667	0
0.263888888888889	0
0.267361111111111	0
0.270833333333333	0
0.274305555555556	0
0.277777777777778	0
0.28125	0
0.284722222222222	0
0.288194444444444	0
0.291666666666667	0
0.295138888888889	0
0.298611111111111	0
0.302083333333333	0
0.305555555555556	0
0.309027777777778	0
0.3125	0
0.315972222222222	0
0.319444444444444	0
0.322916666666667	0
0.326388888888889	0
0.329861111111111	0
0.333333333333333	0
0.336805555555556	0
0.340277777777778	0
0.34375	0
0.347222222222222	0
0.350694444444444	0
0.354166666666667	0
0.357638888888889	0
0.361111111111111	0
0.364583333333333	0
0.368055555555556	0
0.371527777777778	0
0.375	0
0.378472222222222	0
0.381944444444444	0
0.385416666666667	0
0.388888888888889	0
0.392361111111111	0
0.395833333333333	0
0.399305555555556	0
0.402777777777778	0
0.40625	0
0.409722222222222	0
0.413194444444444	0
0.416666666666667	0
0.420138888888889	0
0.423611111111111	0
0.427083333333333	0
0.430555555555556	0
0.434027777777778	0
0.4375	0
0.440972222222222	0
0.444444444444444	0
0.447916666666667	0
0.451388888888889	0
0.454861111111111	0
0.458333333333333	0
0.461805555555556	0
0.465277777777778	0
0.46875	0
0.472222222222222	0
0.475694444444444	0
0.479166666666667	0
0.482638888888889	0
0.486111111111111	0
0.489583333333333	0
0.493055555555556	0
0.496527777777778	0
0.5	0
0.503472222222222	0
0.506944444444444	0
0.510416666666667	0
0.513888888888889	0
0.517361111111111	0
0.520833333333333	0
0.524305555555556	0
0.527777777777778	0
0.53125	0
0.534722222222222	0
0.538194444444444	0
0.541666666666667	0
0.545138888888889	0
0.548611111111111	0
0.552083333333333	0
0.555555555555556	0
0.559027777777778	0
0.5625	0
0.565972222222222	0
0.569444444444444	0
0.572916666666667	0
0.576388888888889	0
0.579861111111111	0
0.583333333333333	0
0.586805555555556	0
0.590277777777778	0
0.59375	0
0.597222222222222	0
0.600694444444444	0
0.604166666666667	0
0.607638888888889	0
0.611111111111111	0
0.614583333333333	0
0.618055555555556	0
0.621527777777778	0
0.625	0
0.628472222222222	0
0.631944444444444	0
0.635416666666667	0
0.638888888888889	0
0.642361111111111	0
0.645833333333333	0
0.649305555555556	0
0.652777777777778	0
0.65625	0
0.659722222222222	0
0.663194444444444	0
0.666666666666667	0
0.670138888888889	0
0.673611111111111	0
0.677083333333333	0
0.680555555555556	0
0.684027777777778	0
0.6875	0
0.690972222222222	0
0.694444444444444	0
0.697916666666667	0
0.701388888888889	0
0.704861111111111	0
0.708333333333333	0
0.711805555555556	0
0.715277777777778	0
0.71875	0
0.722222222222222	0
0.725694444444444	0
0.729166666666667	0
0.732638888888889	0
0.736111111111111	0
0.739583333333333	0
0.743055555555556	0
0.746527777777778	0
0.75	0
0.753472222222222	0
0.756944444444444	0
0.760416666666667	0
0.763888888888889	0
0.767361111111111	0
0.770833333333333	0
0.774305555555556	0
0.777777777777778	0
0.78125	0
0.784722222222222	0
0.788194444444444	0
0.791666666666667	0
0.795138888888889	0
0.798611111111111	0
0.802083333333333	0
0.805555555555556	0
0.809027777777778	0
0.8125	0
0.815972222222222	0
0.819444444444444	0
0.822916666666667	0
0.826388888888889	0
0.829861111111111	0
0.833333333333333	0
0.836805555555556	0
0.840277777777778	0
0.84375	0
0.847222222222222	0
0.850694444444444	0
0.854166666666667	0
0.857638888888889	0
0.861111111111111	0
0.864583333333333	0
0.868055555555556	0
0.871527777777778	0
0.875	0
0.878472222222222	0
0.881944444444444	0
0.885416666666667	0
0.888888888888889	0
0.892361111111111	0
0.895833333333333	0
0.899305555555556	0
0.902777777777778	0
0.90625	0
0.909722222222222	0
0.913194444444444	0
0.916666666666667	0
0.920138888888889	0
0.923611111111111	0
0.927083333333333	0
0.930555555555556	0
0.934027777777778	0
0.9375	0
0.940972222222222	0
0.944444444444444	0
0.947916666666667	0
0.951388888888889	0
0.954861111111111	0
0.958333333333333	0
0.961805555555556	0
0.965277777777778	0
0.96875	0
0.972222222222222	0
0.975694444444444	0
0.979166666666667	0
0.982638888888889	0
0.986111111111111	0
0.989583333333333	0
0.993055555555556	0
0.996527777777778	0
1	0
1.00347222222222	0
1.00694444444444	0
1.01041666666667	0
1.01388888888889	0
1.01736111111111	0
1.02083333333333	0
1.02430555555556	0
1.02777777777778	0
1.03125	0
1.03472222222222	0
1.03819444444444	0
1.04166666666667	0
1.04513888888889	0
1.04861111111111	0
1.05208333333333	0
1.05555555555556	0
1.05902777777778	0
1.0625	0
1.06597222222222	0
1.06944444444444	0
1.07291666666667	0
1.07638888888889	0
1.07986111111111	0
1.08333333333333	0
1.08680555555556	0
1.09027777777778	0
1.09375	0
1.09722222222222	0
1.10069444444444	0
1.10416666666667	0
1.10763888888889	0
1.11111111111111	0
1.11458333333333	0
1.11805555555556	0
1.12152777777778	0
1.125	0
1.12847222222222	0
1.13194444444444	0
1.13541666666667	0
1.13888888888889	0
1.14236111111111	0
1.14583333333333	0
1.14930555555556	0
1.15277777777778	0
1.15625	0
1.15972222222222	0
1.16319444444444	0
1.16666666666667	0
1.17013888888889	0
1.17361111111111	0
1.17708333333333	0
1.18055555555556	0
1.18402777777778	0
1.1875	0
1.19097222222222	0
1.19444444444444	0
1.19791666666667	0
1.20138888888889	0
1.20486111111111	0
1.20833333333333	0
1.21180555555556	0
1.21527777777778	0
1.21875	0
1.22222222222222	0
1.22569444444444	0
1.22916666666667	0
1.23263888888889	0
1.23611111111111	0
1.23958333333333	0
1.24305555555556	0
1.24652777777778	0
1.25	0
1.25347222222222	0
1.25694444444444	0
1.26041666666667	0
1.26388888888889	0
1.26736111111111	0
1.27083333333333	0
1.27430555555556	0
1.27777777777778	0
1.28125	0
1.28472222222222	0
1.28819444444444	0
1.29166666666667	0
1.29513888888889	0
1.29861111111111	0
1.30208333333333	0
1.30555555555556	0
1.30902777777778	0
1.3125	0
1.31597222222222	0
1.31944444444444	0
1.32291666666667	0
1.32638888888889	0
1.32986111111111	0
1.33333333333333	0
1.33680555555556	0
1.34027777777778	0
1.34375	0
1.34722222222222	0
1.35069444444444	0
1.35416666666667	0
1.35763888888889	0
1.36111111111111	0
1.36458333333333	0
1.36805555555556	0
1.37152777777778	0
1.375	0
1.37847222222222	0
1.38194444444444	0
1.38541666666667	0
1.38888888888889	0
1.39236111111111	0
1.39583333333333	0
1.39930555555556	0
1.40277777777778	0
1.40625	0
1.40972222222222	0
1.41319444444444	0
1.41666666666667	0
1.42013888888889	0
1.42361111111111	0
1.42708333333333	0
1.43055555555556	0
1.43402777777778	0
1.4375	0
1.44097222222222	0
1.44444444444444	0
1.44791666666667	0
1.45138888888889	0
1.45486111111111	0
1.45833333333333	0
1.46180555555556	0
1.46527777777778	0
1.46875	0
1.47222222222222	0
1.47569444444444	0
1.47916666666667	0
1.48263888888889	0
1.48611111111111	0
1.48958333333333	0
1.49305555555556	0
1.49652777777778	0
1.5	0
1.50347222222222	0
1.50694444444444	0
1.51041666666667	0
1.51388888888889	0
1.51736111111111	0
1.52083333333333	0
1.52430555555556	0
1.52777777777778	0
1.53125	0
1.53472222222222	0
1.53819444444444	0
1.54166666666667	0
1.54513888888889	0
1.54861111111111	0
1.55208333333333	0
1.55555555555556	0
1.55902777777778	0
1.5625	0
1.56597222222222	0
1.56944444444444	0
1.57291666666667	0
1.57638888888889	0
1.57986111111111	0
1.58333333333333	0
1.58680555555556	0
1.59027777777778	0
1.59375	0
1.59722222222222	0
1.60069444444444	0
1.60416666666667	0
1.60763888888889	0
1.61111111111111	0
1.61458333333333	0
1.61805555555556	0
1.62152777777778	0
1.625	0
1.62847222222222	0
1.63194444444444	0
1.63541666666667	0
1.63888888888889	0
1.64236111111111	0
1.64583333333333	0
1.64930555555556	0
1.65277777777778	0
1.65625	0
1.65972222222222	0
1.66319444444444	0
1.66666666666667	0
1.67013888888889	0
1.67361111111111	0
1.67708333333333	0
1.68055555555556	0
1.68402777777778	0
1.6875	0
1.69097222222222	0
1.69444444444444	0
1.69791666666667	0
1.70138888888889	0
1.70486111111111	0
1.70833333333333	0
1.71180555555556	0
1.71527777777778	0
1.71875	0
1.72222222222222	0
1.72569444444444	0
1.72916666666667	0
1.73263888888889	0
1.73611111111111	0
1.73958333333333	0
1.74305555555556	0
1.74652777777778	0
1.75	0
1.75347222222222	0
1.75694444444444	0
1.76041666666667	0
1.76388888888889	0
1.76736111111111	0
1.77083333333333	0
1.77430555555556	0
1.77777777777778	0
1.78125	0
1.78472222222222	0
1.78819444444444	0
1.79166666666667	0
1.79513888888889	0
1.79861111111111	0
1.80208333333333	0
1.80555555555556	0
1.80902777777778	0
1.8125	0
1.81597222222222	0
1.81944444444444	0
1.82291666666667	0
1.82638888888889	0
1.82986111111111	0
1.83333333333333	0
1.83680555555556	0
1.84027777777778	0
1.84375	0
1.84722222222222	0
1.85069444444444	0
1.85416666666667	0
1.85763888888889	0
1.86111111111111	0
1.86458333333333	0
1.86805555555556	0
1.87152777777778	0
1.875	0
1.87847222222222	0
1.88194444444444	0
1.88541666666667	0
1.88888888888889	0
1.89236111111111	0
1.89583333333333	0
1.89930555555556	0
1.90277777777778	0
1.90625	0
1.90972222222222	0
1.91319444444444	0
1.91666666666667	0
1.92013888888889	0
1.92361111111111	0
1.92708333333333	0
1.93055555555556	0
1.93402777777778	0
1.9375	0
1.94097222222222	0
1.94444444444444	0
1.94791666666667	0
1.95138888888889	0
1.95486111111111	0
1.95833333333333	0
1.96180555555556	0
1.96527777777778	0
1.96875	0
1.97222222222222	0
1.97569444444444	0
1.97916666666667	0
1.98263888888889	0
1.98611111111111	0
1.98958333333333	0
1.99305555555556	0
1.99652777777778	0
2	0
2.00347222222222	0
2.00694444444444	0
2.01041666666667	0
2.01388888888889	0
2.01736111111111	0
2.02083333333333	0
2.02430555555556	0
2.02777777777778	0
2.03125	0
2.03472222222222	0
2.03819444444444	0
2.04166666666667	0
2.04513888888889	0
2.04861111111111	0
2.05208333333333	0
2.05555555555556	0
2.05902777777778	0
2.0625	0
2.06597222222222	0
2.06944444444444	0
2.07291666666667	0
2.07638888888889	0
2.07986111111111	0
2.08333333333333	0
2.08680555555556	0
2.09027777777778	0
2.09375	0
2.09722222222222	0
2.10069444444444	0
2.10416666666667	0
2.10763888888889	0
2.11111111111111	0
2.11458333333333	0
2.11805555555556	0
2.12152777777778	0
2.125	0
2.12847222222222	0
2.13194444444444	0
2.13541666666667	0
2.13888888888889	0
2.14236111111111	0
2.14583333333333	0
2.14930555555556	0
2.15277777777778	0
2.15625	0
2.15972222222222	0
2.16319444444444	0
2.16666666666667	0
2.17013888888889	0
2.17361111111111	0
2.17708333333333	0
2.18055555555556	0
2.18402777777778	0
2.1875	0
2.19097222222222	0
2.19444444444444	0
2.19791666666667	0
2.20138888888889	0
2.20486111111111	0
2.20833333333333	0
2.21180555555556	0
2.21527777777778	0
2.21875	0
2.22222222222222	0
2.22569444444444	0
2.22916666666667	0
2.23263888888889	0
2.23611111111111	0
2.23958333333333	0
2.24305555555556	0
2.24652777777778	0
2.25	0
2.25347222222222	0
2.25694444444444	0
2.26041666666667	0
2.26388888888889	0
2.26736111111111	0
2.27083333333333	0
2.27430555555556	0
2.27777777777778	0
2.28125	0
2.28472222222222	0
2.28819444444444	0
2.29166666666667	0
2.29513888888889	0
2.29861111111111	0
2.30208333333333	0
2.30555555555556	0
2.30902777777778	0
2.3125	0
2.31597222222222	0
2.31944444444444	0
2.32291666666667	0
2.32638888888889	0
2.32986111111111	0
2.33333333333333	0
2.33680555555556	0
2.34027777777778	0
2.34375	0
2.34722222222222	0
2.35069444444444	0
2.35416666666667	0
2.35763888888889	0
2.36111111111111	0
2.36458333333333	0
2.36805555555556	0
2.37152777777778	0
2.375	0
2.37847222222222	0
2.38194444444444	0
2.38541666666667	0
2.38888888888889	0
2.39236111111111	0
2.39583333333333	0
2.39930555555556	0
2.40277777777778	0
2.40625	0
2.40972222222222	0
2.41319444444444	0
2.41666666666667	0
2.42013888888889	0
2.42361111111111	0
2.42708333333333	0
2.43055555555556	0
2.43402777777778	0
2.4375	0
2.44097222222222	0
2.44444444444444	0
2.44791666666667	0
2.45138888888889	0
2.45486111111111	0
2.45833333333333	0
2.46180555555556	0
2.46527777777778	0
2.46875	0
2.47222222222222	0
2.47569444444444	0
2.47916666666667	0
2.48263888888889	0
2.48611111111111	0
2.48958333333333	0.2
2.49305555555556	0.2
2.49652777777778	0
2.5	0
2.50347222222222	0
2.50694444444444	0
2.51041666666667	0
2.51388888888889	0
2.51736111111111	0
2.52083333333333	0
2.52430555555556	0
2.52777777777778	0
2.53125	0
2.53472222222222	0
2.53819444444444	0
2.54166666666667	0
2.54513888888889	0
2.54861111111111	0
2.55208333333333	0
2.55555555555556	0
2.55902777777778	0
2.5625	0
2.56597222222222	0
2.56944444444444	0
2.57291666666667	0
2.57638888888889	0
2.57986111111111	0
2.58333333333333	0
2.58680555555556	0
2.59027777777778	0
2.59375	0
2.59722222222222	0
2.60069444444444	0
2.60416666666667	0
2.60763888888889	0
2.61111111111111	0
2.61458333333333	0
2.61805555555556	0
2.62152777777778	0
2.625	0
2.62847222222222	0
2.63194444444444	0
2.63541666666667	0
2.63888888888889	0
2.64236111111111	0
2.64583333333333	0
2.64930555555556	0
2.65277777777778	0
2.65625	0
2.65972222222222	0
2.66319444444444	0
2.66666666666667	0
2.67013888888889	0
2.67361111111111	0
2.67708333333333	0
2.68055555555556	0
2.68402777777778	0
2.6875	0
2.69097222222222	0
2.69444444444444	0
2.69791666666667	0
2.70138888888889	0
2.70486111111111	0
2.70833333333333	0
2.71180555555556	0.2
2.71527777777778	0.8
2.71875	0.6
2.72222222222222	0.4
2.72569444444444	0
2.72916666666667	0
2.73263888888889	0
2.73611111111111	0
2.73958333333333	0
2.74305555555556	0
2.74652777777778	0
2.75	0
2.75347222222222	0
2.75694444444444	0
2.76041666666667	0
2.76388888888889	0
2.76736111111111	0
2.77083333333333	0
2.77430555555556	0
2.77777777777778	0
2.78125	0
2.78472222222222	0
2.78819444444444	0
2.79166666666667	0
2.79513888888889	0
2.79861111111111	0
2.80208333333333	0
2.80555555555556	0
2.80902777777778	0
2.8125	0
2.81597222222222	0
2.81944444444444	0
2.82291666666667	0
2.82638888888889	0
2.82986111111111	0
2.83333333333333	0
2.83680555555556	0
2.84027777777778	0
2.84375	0
2.84722222222222	0
2.85069444444444	0.2
2.85416666666667	0.6
2.85763888888889	0
2.86111111111111	0.2
2.86458333333333	0
2.86805555555556	0
2.87152777777778	0
2.875	0.2
2.87847222222222	0.2
2.88194444444444	0
2.88541666666667	0
2.88888888888889	0
2.89236111111111	0
2.89583333333333	0
2.89930555555556	0
2.90277777777778	0
2.90625	0
2.90972222222222	0
2.91319444444444	0
2.91666666666667	0
2.92013888888889	0
2.92361111111111	0
2.92708333333333	0
2.93055555555556	0
2.93402777777778	0
2.9375	0
2.94097222222222	0
2.94444444444444	0
2.94791666666667	0
2.95138888888889	0
2.95486111111111	0
2.95833333333333	0
2.96180555555556	0
2.96527777777778	0
2.96875	0
2.97222222222222	0
2.97569444444444	0
2.97916666666667	0
2.98263888888889	0
2.98611111111111	0
2.98958333333333	0
2.99305555555556	0
2.99652777777778	0
3	0
3.00347222222222	0
3.00694444444444	0
3.01041666666667	0
3.01388888888889	0
3.01736111111111	0
3.02083333333333	0.2
3.02430555555556	0
3.02777777777778	0
3.03125	0
3.03472222222222	0
3.03819444444444	0
3.04166666666667	0
3.04513888888889	0
3.04861111111111	0
3.05208333333333	0
3.05555555555556	0
3.05902777777778	0
3.0625	0
3.06597222222222	0
3.06944444444444	0
3.07291666666667	0
3.07638888888889	0
3.07986111111111	0
3.08333333333333	0
3.08680555555556	0
3.09027777777778	0
3.09375	0
3.09722222222222	0
3.10069444444444	0
3.10416666666667	0
3.10763888888889	0
3.11111111111111	0
3.11458333333333	0
3.11805555555556	0
3.12152777777778	0
3.125	0
3.12847222222222	0
3.13194444444444	0
3.13541666666667	0
3.13888888888889	0
3.14236111111111	0
3.14583333333333	0
3.14930555555556	0
3.15277777777778	0
3.15625	0
3.15972222222222	0
3.16319444444444	0
3.16666666666667	0
3.17013888888889	0
3.17361111111111	0
3.17708333333333	0
3.18055555555556	0
3.18402777777778	0
3.1875	0
3.19097222222222	0
3.19444444444444	0
3.19791666666667	0
3.20138888888889	0
3.20486111111111	0
3.20833333333333	0
3.21180555555556	0
3.21527777777778	0
3.21875	0
3.22222222222222	0
3.22569444444444	0
3.22916666666667	0
3.23263888888889	0
3.23611111111111	0
3.23958333333333	0
3.24305555555556	0
3.24652777777778	0
3.25	0
3.25347222222222	0
3.25694444444444	0
3.26041666666667	0
3.26388888888889	0
3.26736111111111	0
3.27083333333333	0
3.27430555555556	0
3.27777777777778	0
3.28125	0
3.28472222222222	0
3.28819444444444	0
3.29166666666667	0
3.29513888888889	0
3.29861111111111	0
3.30208333333333	0
3.30555555555556	0
3.30902777777778	0
3.3125	0
3.31597222222222	0
3.31944444444444	0.4
3.32291666666667	0
3.32638888888889	0
3.32986111111111	0.2
3.33333333333333	0
3.33680555555556	0
3.34027777777778	0.2
3.34375	0
3.34722222222222	0
3.35069444444444	0
3.35416666666667	0
3.35763888888889	0.2
3.36111111111111	0.2
3.36458333333333	0
3.36805555555556	0
3.37152777777778	0.2
3.375	0.2
3.37847222222222	0.4
3.38194444444444	0.2
3.38541666666667	0
3.38888888888889	0
3.39236111111111	0.2
3.39583333333333	0
3.39930555555556	0
3.40277777777778	0
3.40625	0
3.40972222222222	0.2
3.41319444444444	0
3.41666666666667	0.2
3.42013888888889	0
3.42361111111111	0
3.42708333333333	0
3.43055555555556	0
3.43402777777778	0
3.4375	0
3.44097222222222	0
3.44444444444444	0
3.44791666666667	0
3.45138888888889	0
3.45486111111111	0
3.45833333333333	0
3.46180555555556	0
3.46527777777778	0
3.46875	0
3.47222222222222	0
3.47569444444444	0
3.47916666666667	0
3.48263888888889	0
3.48611111111111	0
3.48958333333333	0
3.49305555555556	0
3.49652777777778	0
3.5	0
3.50347222222222	0
3.50694444444444	0
3.51041666666667	0
3.51388888888889	0
3.51736111111111	0
3.52083333333333	0
3.52430555555556	0
3.52777777777778	0
3.53125	0
3.53472222222222	0
3.53819444444444	0
3.54166666666667	0
3.54513888888889	0
3.54861111111111	0
3.55208333333333	0
3.55555555555556	0
3.55902777777778	0
3.5625	0
3.56597222222222	0
3.56944444444444	0
3.57291666666667	0
3.57638888888889	0
3.57986111111111	0
3.58333333333333	0
3.58680555555556	0
3.59027777777778	0
3.59375	0
3.59722222222222	0
3.60069444444444	0
3.60416666666667	0
3.60763888888889	0
3.61111111111111	0
3.61458333333333	0
3.61805555555556	0
3.62152777777778	0
3.625	0
3.62847222222222	0
3.63194444444444	0
3.63541666666667	0
3.63888888888889	0
3.64236111111111	0
3.64583333333333	0
3.64930555555556	0
3.65277777777778	0
3.65625	0
3.65972222222222	0
3.66319444444444	0
3.66666666666667	0.4
3.67013888888889	0
3.67361111111111	0
3.67708333333333	0
3.68055555555556	0
3.68402777777778	0
3.6875	0
3.69097222222222	0
3.69444444444444	0
3.69791666666667	0
3.70138888888889	0
3.70486111111111	0
3.70833333333333	0
3.71180555555556	0
3.71527777777778	0
3.71875	0
3.72222222222222	0
3.72569444444444	0
3.72916666666667	0.2
3.73263888888889	0.2
3.73611111111111	0
3.73958333333333	0
3.74305555555556	0
3.74652777777778	0
3.75	0
3.75347222222222	0
3.75694444444444	0
3.76041666666667	0
3.76388888888889	0
3.76736111111111	0
3.77083333333333	0
3.77430555555556	0
3.77777777777778	0
3.78125	0
3.78472222222222	0
3.78819444444444	0
3.79166666666667	0
3.79513888888889	0
3.79861111111111	0
3.80208333333333	0
3.80555555555556	0
3.80902777777778	0
3.8125	0.2
3.81597222222222	0
3.81944444444444	0
3.82291666666667	0
3.82638888888889	0
3.82986111111111	0
3.83333333333333	0.2
3.83680555555556	0
3.84027777777778	0
3.84375	0
3.84722222222222	0
3.85069444444444	0
3.85416666666667	0
3.85763888888889	0
3.86111111111111	0
3.86458333333333	0
3.86805555555556	0
3.87152777777778	0
3.875	0
3.87847222222222	0
3.88194444444444	0
3.88541666666667	0
3.88888888888889	0
3.89236111111111	0
3.89583333333333	0
3.89930555555556	0
3.90277777777778	0
3.90625	0
3.90972222222222	0
3.91319444444444	0
3.91666666666667	0
3.92013888888889	0
3.92361111111111	0
3.92708333333333	0
3.93055555555556	0
3.93402777777778	0
3.9375	0
3.94097222222222	0
3.94444444444444	0
3.94791666666667	0
3.95138888888889	0
3.95486111111111	0
3.95833333333333	0
3.96180555555556	0
3.96527777777778	0
3.96875	0
3.97222222222222	0
3.97569444444444	0
3.97916666666667	0
3.98263888888889	0
3.98611111111111	0
3.98958333333333	0
3.99305555555556	0
3.99652777777778	0
4	0
4.00347222222222	0
4.00694444444444	0
4.01041666666667	0
4.01388888888889	0
4.01736111111111	0
4.02083333333333	0
4.02430555555556	0
4.02777777777778	0
4.03125	0
4.03472222222222	0
4.03819444444444	0
4.04166666666667	0
4.04513888888889	0
4.04861111111111	0
4.05208333333333	0
4.05555555555556	0
4.05902777777778	0
4.0625	0
4.06597222222222	0
4.06944444444444	0
4.07291666666667	0
4.07638888888889	0
4.07986111111111	0
4.08333333333333	0
4.08680555555556	0
4.09027777777778	0
4.09375	0
4.09722222222222	0
4.10069444444444	0
4.10416666666667	0
4.10763888888889	0
4.11111111111111	0
4.11458333333333	0
4.11805555555556	0
4.12152777777778	0
4.125	0
4.12847222222222	0
4.13194444444444	0
4.13541666666667	0
4.13888888888889	0
4.14236111111111	0
4.14583333333333	0
4.14930555555556	0
4.15277777777778	0
4.15625	0
4.15972222222222	0
4.16319444444444	0
4.16666666666667	0
4.17013888888889	0
4.17361111111111	0
4.17708333333333	0
4.18055555555556	0
4.18402777777778	0
4.1875	0
4.19097222222222	0
4.19444444444444	0
4.19791666666667	0
4.20138888888889	0
4.20486111111111	0
4.20833333333333	0
4.21180555555556	0
4.21527777777778	0
4.21875	0
4.22222222222222	0
4.22569444444444	0
4.22916666666667	0
4.23263888888889	0
4.23611111111111	0
4.23958333333333	0
4.24305555555556	0
4.24652777777778	0
4.25	0
4.25347222222222	0
4.25694444444444	0
4.26041666666667	0
4.26388888888889	0
4.26736111111111	0
4.27083333333333	0
4.27430555555556	0
4.27777777777778	0
4.28125	0
4.28472222222222	0
4.28819444444444	0
4.29166666666667	0
4.29513888888889	0
4.29861111111111	0
4.30208333333333	0
4.30555555555556	0
4.30902777777778	0
4.3125	0
4.31597222222222	0
4.31944444444444	0
4.32291666666667	0
4.32638888888889	0
4.32986111111111	0
4.33333333333333	0
4.33680555555556	0
4.34027777777778	0
4.34375	0
4.34722222222222	0
4.35069444444444	0
4.35416666666667	0
4.35763888888889	0
4.36111111111111	0
4.36458333333333	0
4.36805555555556	0
4.37152777777778	0
4.375	0
4.37847222222222	0
4.38194444444444	0
4.38541666666667	0
4.38888888888889	0
4.39236111111111	0
4.39583333333333	0
4.39930555555556	0
4.40277777777778	0
4.40625	0
4.40972222222222	0
4.41319444444444	0
4.41666666666667	0
4.42013888888889	0
4.42361111111111	0
4.42708333333333	0
4.43055555555556	0
4.43402777777778	0
4.4375	0
4.44097222222222	0
4.44444444444444	0
4.44791666666667	0
4.45138888888889	0
4.45486111111111	0
4.45833333333333	0
4.46180555555556	0
4.46527777777778	0
4.46875	0
4.47222222222222	0
4.47569444444444	0
4.47916666666667	0
4.48263888888889	0
4.48611111111111	0
4.48958333333333	0
4.49305555555556	0
4.49652777777778	0
4.5	0
4.50347222222222	0
4.50694444444444	0
4.51041666666667	0
4.51388888888889	0
4.51736111111111	0
4.52083333333333	0
4.52430555555556	0
4.52777777777778	0
4.53125	0
4.53472222222222	0
4.53819444444444	0
4.54166666666667	0
4.54513888888889	0
4.54861111111111	0
4.55208333333333	0
4.55555555555556	0
4.55902777777778	0
4.5625	0
4.56597222222222	0
4.56944444444444	0
4.57291666666667	0
4.57638888888889	0
4.57986111111111	0
4.58333333333333	0
4.58680555555556	0
4.59027777777778	0
4.59375	0
4.59722222222222	0
4.60069444444444	0
4.60416666666667	0
4.60763888888889	0
4.61111111111111	0
4.61458333333333	0
4.61805555555556	0
4.62152777777778	0
4.625	0
4.62847222222222	0
4.63194444444444	0
4.63541666666667	0
4.63888888888889	0
4.64236111111111	0
4.64583333333333	0
4.64930555555556	0
4.65277777777778	0
4.65625	0
4.65972222222222	0
4.66319444444444	0
4.66666666666667	0
4.67013888888889	0
4.67361111111111	0
4.67708333333333	0
4.68055555555556	0
4.68402777777778	0
4.6875	0
4.69097222222222	0
4.69444444444444	0
4.69791666666667	0
4.70138888888889	0
4.70486111111111	0
4.70833333333333	0
4.71180555555556	0
4.71527777777778	0
4.71875	0
4.72222222222222	0
4.72569444444444	0
4.72916666666667	0
4.73263888888889	0
4.73611111111111	0
4.73958333333333	0
4.74305555555556	0
4.74652777777778	0
4.75	0
4.75347222222222	0
4.75694444444444	0
4.76041666666667	0
4.76388888888889	0
4.76736111111111	0
4.77083333333333	0
4.77430555555556	0
4.77777777777778	0
4.78125	0
4.78472222222222	0
4.78819444444444	0
4.79166666666667	0
4.79513888888889	0
4.79861111111111	0
4.80208333333333	0
4.80555555555556	0
4.80902777777778	0
4.8125	0
4.81597222222222	0
4.81944444444444	0
4.82291666666667	0
4.82638888888889	0
4.82986111111111	0
4.83333333333333	0
4.83680555555556	0
4.84027777777778	0
4.84375	0
4.84722222222222	0
4.85069444444444	0
4.85416666666667	0
4.85763888888889	0
4.86111111111111	0
4.86458333333333	0
4.86805555555556	0
4.87152777777778	0
4.875	0
4.87847222222222	0
4.88194444444444	0
4.88541666666667	0
4.88888888888889	0
4.89236111111111	0
4.89583333333333	0
4.89930555555556	0
4.90277777777778	0
4.90625	0
4.90972222222222	0
4.91319444444444	0
4.91666666666667	0
4.92013888888889	0
4.92361111111111	0
4.92708333333333	0
4.93055555555556	0
4.93402777777778	0
4.9375	0
4.94097222222222	0
4.94444444444444	0
4.94791666666667	0
4.95138888888889	0
4.95486111111111	0
4.95833333333333	0
4.96180555555556	0
4.96527777777778	0
4.96875	0
4.97222222222222	0
4.97569444444444	0
4.97916666666667	0
4.98263888888889	0
4.98611111111111	0
4.98958333333333	0
4.99305555555556	0
4.99652777777778	0
5	0
5.00347222222222	0
5.00694444444444	0
5.01041666666667	0
5.01388888888889	0
5.01736111111111	0
5.02083333333333	0
5.02430555555556	0
5.02777777777778	0
5.03125	0
5.03472222222222	0
5.03819444444444	0
5.04166666666667	0
5.04513888888889	0
5.04861111111111	0
5.05208333333333	0
5.05555555555556	0
5.05902777777778	0
5.0625	0
5.06597222222222	0
5.06944444444444	0
5.07291666666667	0
5.07638888888889	0
5.07986111111111	0
5.08333333333333	0
5.08680555555556	0
5.09027777777778	0
5.09375	0
5.09722222222222	0
5.10069444444444	0
5.10416666666667	0
5.10763888888889	0
5.11111111111111	0
5.11458333333333	0
5.11805555555556	0
5.12152777777778	0
5.125	0
5.12847222222222	0
5.13194444444444	0
5.13541666666667	0
5.13888888888889	0
5.14236111111111	0
5.14583333333333	0
5.14930555555556	0
5.15277777777778	0
5.15625	0
5.15972222222222	0
5.16319444444444	0
5.16666666666667	0
5.17013888888889	0
5.17361111111111	0
5.17708333333333	0
5.18055555555556	0
5.18402777777778	0
5.1875	0
5.19097222222222	0
5.19444444444444	0
5.19791666666667	0
5.20138888888889	0
5.20486111111111	0
5.20833333333333	0
5.21180555555556	0
5.21527777777778	0
5.21875	0
5.22222222222222	0
5.22569444444444	0
5.22916666666667	0
5.23263888888889	0
5.23611111111111	0
5.23958333333333	0
5.24305555555556	0
5.24652777777778	0.2
5.25	0
5.25347222222222	0
5.25694444444444	0
5.26041666666667	0
5.26388888888889	0
5.26736111111111	0
5.27083333333333	0
5.27430555555556	0
5.27777777777778	0
5.28125	0
5.28472222222222	0
5.28819444444444	0
5.29166666666667	0
5.29513888888889	0
5.29861111111111	0
5.30208333333333	0
5.30555555555556	0
5.30902777777778	0
5.3125	0
5.31597222222222	0
5.31944444444444	0
5.32291666666667	0
5.32638888888889	0
5.32986111111111	0
5.33333333333333	0
5.33680555555556	0
5.34027777777778	0
5.34375	0
5.34722222222222	0
5.35069444444444	0
5.35416666666667	0
5.35763888888889	0
5.36111111111111	0
5.36458333333333	0
5.36805555555556	0
5.37152777777778	0
5.375	0
5.37847222222222	0
5.38194444444444	0
5.38541666666667	0
5.38888888888889	0
5.39236111111111	0
5.39583333333333	0
5.39930555555556	0
5.40277777777778	0
5.40625	0
5.40972222222222	0
5.41319444444444	0
5.41666666666667	0
5.42013888888889	0
5.42361111111111	0
5.42708333333333	0
5.43055555555556	0
5.43402777777778	0
5.4375	0
5.44097222222222	0
5.44444444444444	0
5.44791666666667	0
5.45138888888889	0
5.45486111111111	0
5.45833333333333	0
5.46180555555556	0
5.46527777777778	0
5.46875	0
5.47222222222222	0
5.47569444444444	0
5.47916666666667	0
5.48263888888889	0
5.48611111111111	0
5.48958333333333	0
5.49305555555556	0
5.49652777777778	0
5.5	0
5.50347222222222	0
5.50694444444444	0
5.51041666666667	0
5.51388888888889	0
5.51736111111111	0
5.52083333333333	0
5.52430555555556	0
5.52777777777778	0
5.53125	0
5.53472222222222	0
5.53819444444444	0
5.54166666666667	0
5.54513888888889	0
5.54861111111111	0
5.55208333333333	0
5.55555555555556	0
5.55902777777778	0
5.5625	0
5.56597222222222	0
5.56944444444444	0
5.57291666666667	0
5.57638888888889	0
5.57986111111111	0
5.58333333333333	0
5.58680555555556	0
5.59027777777778	0
5.59375	0
5.59722222222222	0
5.60069444444444	0
5.60416666666667	0
5.60763888888889	0
5.61111111111111	0
5.61458333333333	0
5.61805555555556	0
5.62152777777778	0
5.625	0
5.62847222222222	0
5.63194444444444	0
5.63541666666667	0
5.63888888888889	0
5.64236111111111	0
5.64583333333333	0
5.64930555555556	0
5.65277777777778	0
5.65625	0.2
5.65972222222222	0
5.66319444444444	0
5.66666666666667	0
5.67013888888889	0
5.67361111111111	0
5.67708333333333	0
5.68055555555556	0
5.68402777777778	0
5.6875	0
5.69097222222222	0
5.69444444444444	0
5.69791666666667	0
5.70138888888889	0
5.70486111111111	0
5.70833333333333	0
5.71180555555556	0
5.71527777777778	0
5.71875	0
5.72222222222222	0
5.72569444444444	0
5.72916666666667	0
5.73263888888889	0
5.73611111111111	0
5.73958333333333	0
5.74305555555556	0
5.74652777777778	0
5.75	0
5.75347222222222	0
5.75694444444444	0
5.76041666666667	0
5.76388888888889	0
5.76736111111111	0
5.77083333333333	0
5.77430555555556	0
5.77777777777778	0
5.78125	0
5.78472222222222	0
5.78819444444444	0
5.79166666666667	0
5.79513888888889	0
5.79861111111111	0
5.80208333333333	0
5.80555555555556	0
5.80902777777778	0
5.8125	0
5.81597222222222	0
5.81944444444444	0
5.82291666666667	0
5.82638888888889	0
5.82986111111111	0
5.83333333333333	0
5.83680555555556	0
5.84027777777778	0
5.84375	0
5.84722222222222	0
5.85069444444444	0
5.85416666666667	0
5.85763888888889	0
5.86111111111111	0
5.86458333333333	0
5.86805555555556	0
5.87152777777778	0
5.875	0
5.87847222222222	0
5.88194444444444	0
5.88541666666667	0
5.88888888888889	0
5.89236111111111	0
5.89583333333333	0
5.89930555555556	0
5.90277777777778	0
5.90625	0
5.90972222222222	0
5.91319444444444	0
5.91666666666667	0
5.92013888888889	0
5.92361111111111	0
5.92708333333333	0
5.93055555555556	0
5.93402777777778	0
5.9375	0
5.94097222222222	0
5.94444444444444	0
5.94791666666667	0
5.95138888888889	0
5.95486111111111	0
5.95833333333333	0
5.96180555555556	0
5.96527777777778	0
5.96875	0
5.97222222222222	0
5.97569444444444	0
5.97916666666667	0
5.98263888888889	0
5.98611111111111	0
5.98958333333333	0
5.99305555555556	0
5.99652777777778	0
6	0
6.00347222222222	0
6.00694444444444	0
6.01041666666667	0
6.01388888888889	0
6.01736111111111	0
6.02083333333333	0
6.02430555555556	0
6.02777777777778	0
6.03125	0
6.03472222222222	0
6.03819444444444	0
6.04166666666667	0
6.04513888888889	0
6.04861111111111	0
6.05208333333333	0
6.05555555555556	0
6.05902777777778	0
6.0625	0
6.06597222222222	0
6.06944444444444	0
6.07291666666667	0
6.07638888888889	0
6.07986111111111	0
6.08333333333333	0
6.08680555555556	0
6.09027777777778	0
6.09375	0
6.09722222222222	0
6.10069444444444	0
6.10416666666667	0
6.10763888888889	0
6.11111111111111	0
6.11458333333333	0
6.11805555555556	0
6.12152777777778	0
6.125	0
6.12847222222222	0
6.13194444444444	0
6.13541666666667	0
6.13888888888889	0
6.14236111111111	0
6.14583333333333	0
6.14930555555556	0
6.15277777777778	0
6.15625	0
6.15972222222222	0
6.16319444444444	0
6.16666666666667	0
6.17013888888889	0
6.17361111111111	0
6.17708333333333	0
6.18055555555556	0
6.18402777777778	0
6.1875	0
6.19097222222222	0
6.19444444444444	0
6.19791666666667	0
6.20138888888889	0
6.20486111111111	0
6.20833333333333	0
6.21180555555556	0
6.21527777777778	0
6.21875	0
6.22222222222222	0
6.22569444444444	0
6.22916666666667	0
6.23263888888889	0
6.23611111111111	0
6.23958333333333	0
6.24305555555556	0
6.24652777777778	0
6.25	0
6.25347222222222	0
6.25694444444444	0
6.26041666666667	0
6.26388888888889	0
6.26736111111111	0
6.27083333333333	0
6.27430555555556	0
6.27777777777778	0
6.28125	0
6.28472222222222	0
6.28819444444444	0
6.29166666666667	0
6.29513888888889	0
6.29861111111111	0
6.30208333333333	0
6.30555555555556	0
6.30902777777778	0
6.3125	0
6.31597222222222	0
6.31944444444444	0
6.32291666666667	0
6.32638888888889	0
6.32986111111111	0
6.33333333333333	0
6.33680555555556	0
6.34027777777778	0
6.34375	0
6.34722222222222	0
6.35069444444444	0
6.35416666666667	0
6.35763888888889	0
6.36111111111111	0
6.36458333333333	0
6.36805555555556	0
6.37152777777778	0
6.375	0
6.37847222222222	0
6.38194444444444	0
6.38541666666667	0
6.38888888888889	0
6.39236111111111	0
6.39583333333333	0
6.39930555555556	0
6.40277777777778	0
6.40625	0
6.40972222222222	0
6.41319444444444	0
6.41666666666667	0
6.42013888888889	0
6.42361111111111	0
6.42708333333333	0
6.43055555555556	0
6.43402777777778	0
6.4375	0
6.44097222222222	0
6.44444444444444	0
6.44791666666667	0
6.45138888888889	0
6.45486111111111	0
6.45833333333333	0
6.46180555555556	0
6.46527777777778	0
6.46875	0
6.47222222222222	0
6.47569444444444	0
6.47916666666667	0
6.48263888888889	0
6.48611111111111	0
6.48958333333333	0
6.49305555555556	0
6.49652777777778	0
6.5	0
6.50347222222222	0
6.50694444444444	0
6.51041666666667	0
6.51388888888889	0
6.51736111111111	0
6.52083333333333	0
6.52430555555556	0
6.52777777777778	0
6.53125	0
6.53472222222222	0
6.53819444444444	0
6.54166666666667	0
6.54513888888889	0
6.54861111111111	0
6.55208333333333	0
6.55555555555556	0
6.55902777777778	0
6.5625	0
6.56597222222222	0
6.56944444444444	0
6.57291666666667	0
6.57638888888889	0
6.57986111111111	0
6.58333333333333	0
6.58680555555556	0
6.59027777777778	0
6.59375	0
6.59722222222222	0
6.60069444444444	0
6.60416666666667	0
6.60763888888889	0
6.61111111111111	0
6.61458333333333	0
6.61805555555556	0
6.62152777777778	0
6.625	0
6.62847222222222	0
6.63194444444444	0
6.63541666666667	0
6.63888888888889	0
6.64236111111111	0
6.64583333333333	0
6.64930555555556	0
6.65277777777778	0
6.65625	0
6.65972222222222	0
6.66319444444444	0
6.66666666666667	0
6.67013888888889	0
6.67361111111111	0
6.67708333333333	0
6.68055555555556	0
6.68402777777778	0
6.6875	0
6.69097222222222	0
6.69444444444444	0
6.69791666666667	0
6.70138888888889	0
6.70486111111111	0
6.70833333333333	0
6.71180555555556	0
6.71527777777778	0
6.71875	0
6.72222222222222	0
6.72569444444444	0
6.72916666666667	0
6.73263888888889	0
6.73611111111111	0
6.73958333333333	0
6.74305555555556	0
6.74652777777778	0
6.75	0
6.75347222222222	0
6.75694444444444	0
6.76041666666667	0
6.76388888888889	0
6.76736111111111	0
6.77083333333333	0
6.77430555555556	0
6.77777777777778	0
6.78125	0
6.78472222222222	0
6.78819444444444	0
6.79166666666667	0
6.79513888888889	0
6.79861111111111	0
6.80208333333333	0
6.80555555555556	0
6.80902777777778	0
6.8125	0
6.81597222222222	0
6.81944444444444	0
6.82291666666667	0
6.82638888888889	0
6.82986111111111	0
6.83333333333333	0
6.83680555555556	0
6.84027777777778	0
6.84375	0
6.84722222222222	0
6.85069444444444	0
6.85416666666667	0
6.85763888888889	0
6.86111111111111	0
6.86458333333333	0
6.86805555555556	0
6.87152777777778	0
6.875	0
6.87847222222222	0
6.88194444444444	0
6.88541666666667	0
6.88888888888889	0
6.89236111111111	0
6.89583333333333	0
6.89930555555556	0
6.90277777777778	0
6.90625	0
6.90972222222222	0
6.91319444444444	0
6.91666666666667	0
6.92013888888889	0
6.92361111111111	0
6.92708333333333	0
6.93055555555556	0
6.93402777777778	0
6.9375	0
6.94097222222222	0
6.94444444444444	0
6.94791666666667	0
6.95138888888889	0
6.95486111111111	0
6.95833333333333	0
6.96180555555556	0
6.96527777777778	0
6.96875	0
6.97222222222222	0
6.97569444444444	0
6.97916666666667	0
6.98263888888889	0
6.98611111111111	0
6.98958333333333	0
6.99305555555556	0
6.99652777777778	0
7	0
7.00347222222222	0
7.00694444444444	0
7.01041666666667	0
7.01388888888889	0
7.01736111111111	0
7.02083333333333	0
7.02430555555556	0
7.02777777777778	0
7.03125	0
7.03472222222222	0
7.03819444444444	0
7.04166666666667	0
7.04513888888889	0
7.04861111111111	0
7.05208333333333	0
7.05555555555556	0
7.05902777777778	0
7.0625	0
7.06597222222222	0
7.06944444444444	0
7.07291666666667	0
7.07638888888889	0
7.07986111111111	0
7.08333333333333	0
7.08680555555556	0
7.09027777777778	0
7.09375	0
7.09722222222222	0
7.10069444444444	0
7.10416666666667	0
7.10763888888889	0
7.11111111111111	0
7.11458333333333	0
7.11805555555556	0
7.12152777777778	0
7.125	0
7.12847222222222	0
7.13194444444444	0
7.13541666666667	0
7.13888888888889	0
7.14236111111111	0
7.14583333333333	0
7.14930555555556	0
7.15277777777778	0
7.15625	0
7.15972222222222	0
7.16319444444444	0
7.16666666666667	0
7.17013888888889	0
7.17361111111111	0
7.17708333333333	0
7.18055555555556	0
7.18402777777778	0
7.1875	0
7.19097222222222	0
7.19444444444444	0
7.19791666666667	0
7.20138888888889	0
7.20486111111111	0
7.20833333333333	0
7.21180555555556	0
7.21527777777778	0
7.21875	0
7.22222222222222	0
7.22569444444444	0
7.22916666666667	0
7.23263888888889	0
7.23611111111111	0
7.23958333333333	0
7.24305555555556	0
7.24652777777778	0
7.25	0
7.25347222222222	0
7.25694444444444	0
7.26041666666667	0
7.26388888888889	0
7.26736111111111	0
7.27083333333333	0
7.27430555555556	0
7.27777777777778	0
7.28125	0
7.28472222222222	0
7.28819444444444	0
7.29166666666667	0
7.29513888888889	0
7.29861111111111	0
7.30208333333333	0
7.30555555555556	0
7.30902777777778	0
7.3125	0
7.31597222222222	0
7.31944444444444	0
7.32291666666667	0
7.32638888888889	0
7.32986111111111	0
7.33333333333333	0
7.33680555555556	0
7.34027777777778	0
7.34375	0
7.34722222222222	0
7.35069444444444	0
7.35416666666667	0
7.35763888888889	0
7.36111111111111	0
7.36458333333333	0
7.36805555555556	0
7.37152777777778	0
7.375	0
7.37847222222222	0
7.38194444444444	0
7.38541666666667	0
7.38888888888889	0
7.39236111111111	0
7.39583333333333	0
7.39930555555556	0
7.40277777777778	0
7.40625	0
7.40972222222222	0
7.41319444444444	0
7.41666666666667	0
7.42013888888889	0
7.42361111111111	0
7.42708333333333	0
7.43055555555556	0
7.43402777777778	0
7.4375	0
7.44097222222222	0
7.44444444444444	0
7.44791666666667	0
7.45138888888889	0
7.45486111111111	0
7.45833333333333	0
7.46180555555556	0
7.46527777777778	0
7.46875	0
7.47222222222222	0
7.47569444444444	0
7.47916666666667	0
7.48263888888889	0
7.48611111111111	0
7.48958333333333	0
7.49305555555556	0
7.49652777777778	0
7.5	0
7.50347222222222	0
7.50694444444444	0
7.51041666666667	0
7.51388888888889	0
7.51736111111111	0
7.52083333333333	0
7.52430555555556	0
7.52777777777778	0
7.53125	0
7.53472222222222	0
7.53819444444444	0
7.54166666666667	0
7.54513888888889	0
7.54861111111111	0
7.55208333333333	0
7.55555555555556	0
7.55902777777778	0
7.5625	0
7.56597222222222	0
7.56944444444444	0
7.57291666666667	0
7.57638888888889	0
7.57986111111111	0
7.58333333333333	0
7.58680555555556	0
7.59027777777778	0
7.59375	0
7.59722222222222	0
7.60069444444444	0
7.60416666666667	0
7.60763888888889	0
7.61111111111111	0
7.61458333333333	0
7.61805555555556	0
7.62152777777778	0
7.625	0
7.62847222222222	0
7.63194444444444	0
7.63541666666667	0
7.63888888888889	0
7.64236111111111	0
7.64583333333333	0
7.64930555555556	0
7.65277777777778	0
7.65625	0
7.65972222222222	0
7.66319444444444	0
7.66666666666667	0
7.67013888888889	0
7.67361111111111	0
7.67708333333333	0
7.68055555555556	0
7.68402777777778	0
7.6875	0
7.69097222222222	0
7.69444444444444	0
7.69791666666667	0
7.70138888888889	0
7.70486111111111	0
7.70833333333333	0
7.71180555555556	0
7.71527777777778	0
7.71875	0
7.72222222222222	0
7.72569444444444	0
7.72916666666667	0
7.73263888888889	0
7.73611111111111	0
7.73958333333333	0
7.74305555555556	0
7.74652777777778	0
7.75	0
7.75347222222222	0
7.75694444444444	0
7.76041666666667	0
7.76388888888889	0
7.76736111111111	0
7.77083333333333	0
7.77430555555556	0
7.77777777777778	0
7.78125	0
7.78472222222222	0
7.78819444444444	0
7.79166666666667	0
7.79513888888889	0
7.79861111111111	0
7.80208333333333	0
7.80555555555556	0
7.80902777777778	0
7.8125	0
7.81597222222222	0
7.81944444444444	0
7.82291666666667	0
7.82638888888889	0
7.82986111111111	0
7.83333333333333	0
7.83680555555556	0
7.84027777777778	0
7.84375	0
7.84722222222222	0
7.85069444444444	0.4
7.85416666666667	0
7.85763888888889	0.2
7.86111111111111	0.2
7.86458333333333	0.2
7.86805555555556	0
7.87152777777778	0
7.875	0
7.87847222222222	0
7.88194444444444	0
7.88541666666667	0
7.88888888888889	0
7.89236111111111	0
7.89583333333333	0
7.89930555555556	0
7.90277777777778	0.2
7.90625	0.4
7.90972222222222	0
7.91319444444444	0
7.91666666666667	0
7.92013888888889	0
7.92361111111111	0
7.92708333333333	0
7.93055555555556	0
7.93402777777778	0
7.9375	0
7.94097222222222	0
7.94444444444444	0
7.94791666666667	0
7.95138888888889	0
7.95486111111111	0
7.95833333333333	0
7.96180555555556	0
7.96527777777778	0
7.96875	0
7.97222222222222	0
7.97569444444444	0
7.97916666666667	0
7.98263888888889	0
7.98611111111111	0
7.98958333333333	0
7.99305555555556	0
7.99652777777778	0
8	0
8.00347222222222	0
8.00694444444444	0
8.01041666666667	0
8.01388888888889	0
8.01736111111111	0
8.02083333333333	0
8.02430555555556	0
8.02777777777778	0
8.03125	0
8.03472222222222	0
8.03819444444444	0
8.04166666666667	0
8.04513888888889	0
8.04861111111111	0
8.05208333333333	0
8.05555555555556	0
8.05902777777778	0
8.0625	0
8.06597222222222	0
8.06944444444444	0
8.07291666666667	0
8.07638888888889	0
8.07986111111111	0
8.08333333333333	0
8.08680555555556	0
8.09027777777778	0
8.09375	0
8.09722222222222	0
8.10069444444444	0
8.10416666666667	0
8.10763888888889	0
8.11111111111111	0
8.11458333333333	0
8.11805555555556	0
8.12152777777778	0
8.125	0
8.12847222222222	0
8.13194444444444	0
8.13541666666667	0
8.13888888888889	0
8.14236111111111	0
8.14583333333333	0
8.14930555555556	0
8.15277777777778	0
8.15625	0
8.15972222222222	0
8.16319444444444	0
8.16666666666667	0
8.17013888888889	0
8.17361111111111	0
8.17708333333333	0
8.18055555555556	0
8.18402777777778	0
8.1875	0
8.19097222222222	0
8.19444444444444	0
8.19791666666667	0
8.20138888888889	0
8.20486111111111	0
8.20833333333333	0
8.21180555555556	0
8.21527777777778	0
8.21875	0
8.22222222222222	0
8.22569444444444	0
8.22916666666667	0
8.23263888888889	0
8.23611111111111	0
8.23958333333333	0
8.24305555555556	0
8.24652777777778	0
8.25	0
8.25347222222222	0
8.25694444444444	0
8.26041666666667	0
8.26388888888889	0
8.26736111111111	0
8.27083333333333	0
8.27430555555556	0
8.27777777777778	0
8.28125	0
8.28472222222222	0
8.28819444444444	0
8.29166666666667	0
8.29513888888889	0
8.29861111111111	0
8.30208333333333	0
8.30555555555556	0
8.30902777777778	0
8.3125	0
8.31597222222222	0
8.31944444444444	0
8.32291666666667	0
8.32638888888889	0
8.32986111111111	0
8.33333333333333	0
8.33680555555556	0
8.34027777777778	0
8.34375	0
8.34722222222222	0
8.35069444444444	0
8.35416666666667	0
8.35763888888889	0
8.36111111111111	0
8.36458333333333	0
8.36805555555556	0
8.37152777777778	0
8.375	0
8.37847222222222	0
8.38194444444444	0
8.38541666666667	0
8.38888888888889	0
8.39236111111111	0
8.39583333333333	0
8.39930555555556	0
8.40277777777778	0
8.40625	0
8.40972222222222	0
8.41319444444444	0
8.41666666666667	0
8.42013888888889	0
8.42361111111111	0
8.42708333333333	0
8.43055555555556	0
8.43402777777778	0
8.4375	0
8.44097222222222	0
8.44444444444444	0
8.44791666666667	0
8.45138888888889	0
8.45486111111111	0
8.45833333333333	0
8.46180555555556	0
8.46527777777778	0
8.46875	0
8.47222222222222	0
8.47569444444444	0
8.47916666666667	0
8.48263888888889	0
8.48611111111111	0
8.48958333333333	0
8.49305555555556	0
8.49652777777778	0
8.5	0
8.50347222222222	0
8.50694444444444	0
8.51041666666667	0
8.51388888888889	0
8.51736111111111	0
8.52083333333333	0
8.52430555555556	0
8.52777777777778	0
8.53125	0
8.53472222222222	0
8.53819444444444	0
8.54166666666667	0
8.54513888888889	0
8.54861111111111	0
8.55208333333333	0
8.55555555555556	0
8.55902777777778	0
8.5625	0
8.56597222222222	0
8.56944444444444	0
8.57291666666667	0
8.57638888888889	0
8.57986111111111	0
8.58333333333333	0
8.58680555555556	0
8.59027777777778	0
8.59375	0
8.59722222222222	0
8.60069444444444	0
8.60416666666667	0
8.60763888888889	0
8.61111111111111	0
8.61458333333333	0
8.61805555555556	0
8.62152777777778	0
8.625	0
8.62847222222222	0
8.63194444444444	0
8.63541666666667	0
8.63888888888889	0
8.64236111111111	0
8.64583333333333	0
8.64930555555556	0
8.65277777777778	0
8.65625	0
8.65972222222222	0
8.66319444444444	0
8.66666666666667	0
8.67013888888889	0
8.67361111111111	0
8.67708333333333	0
8.68055555555556	0
8.68402777777778	0
8.6875	0
8.69097222222222	0
8.69444444444444	0
8.69791666666667	0
8.70138888888889	0
8.70486111111111	0.2
8.70833333333333	0
8.71180555555556	0
8.71527777777778	0
8.71875	0
8.72222222222222	0
8.72569444444444	0
8.72916666666667	0
8.73263888888889	0
8.73611111111111	0
8.73958333333333	0
8.74305555555556	0
8.74652777777778	0
8.75	0
8.75347222222222	0
8.75694444444444	0
8.76041666666667	0
8.76388888888889	0
8.76736111111111	0
8.77083333333333	0
8.77430555555556	0
8.77777777777778	0
8.78125	0
8.78472222222222	0
8.78819444444444	0
8.79166666666667	0
8.79513888888889	0
8.79861111111111	0
8.80208333333333	0
8.80555555555556	0
8.80902777777778	0
8.8125	0
8.81597222222222	0
8.81944444444444	0
8.82291666666667	0
8.82638888888889	0
8.82986111111111	0
8.83333333333333	0
8.83680555555556	0
8.84027777777778	0
8.84375	0
8.84722222222222	0
8.85069444444444	0
8.85416666666667	0
8.85763888888889	0
8.86111111111111	0
8.86458333333333	0
8.86805555555556	0
8.87152777777778	0
8.875	0
8.87847222222222	0
8.88194444444444	0
8.88541666666667	0
8.88888888888889	0
8.89236111111111	0
8.89583333333333	0
8.89930555555556	0
8.90277777777778	0
8.90625	0
8.90972222222222	0
8.91319444444444	0
8.91666666666667	0
8.92013888888889	0
8.92361111111111	0
8.92708333333333	0
8.93055555555556	0
8.93402777777778	0
8.9375	0
8.94097222222222	0
8.94444444444444	0
8.94791666666667	0
8.95138888888889	0
8.95486111111111	0
8.95833333333333	0
8.96180555555556	0
8.96527777777778	0
8.96875	0
8.97222222222222	0
8.97569444444444	0
8.97916666666667	0
8.98263888888889	0.2
8.98611111111111	0.4
8.98958333333333	0
8.99305555555556	0
8.99652777777778	0
9	0
9.00347222222222	0.2
9.00694444444444	0.4
9.01041666666667	0.6
9.01388888888889	0.4
9.01736111111111	0
9.02083333333333	0
9.02430555555556	0.2
9.02777777777778	0.2
9.03125	0
9.03472222222222	0
9.03819444444444	0
9.04166666666667	0.2
9.04513888888889	0.2
9.04861111111111	0.2
9.05208333333333	0.2
9.05555555555556	0
9.05902777777778	0
9.0625	0
9.06597222222222	0
9.06944444444444	0
9.07291666666667	0
9.07638888888889	0
9.07986111111111	0
9.08333333333333	0
9.08680555555556	0
9.09027777777778	0
9.09375	0
9.09722222222222	0
9.10069444444444	0
9.10416666666667	0
9.10763888888889	0
9.11111111111111	0
9.11458333333333	0
9.11805555555556	0
9.12152777777778	0
9.125	0
9.12847222222222	0
9.13194444444444	0
9.13541666666667	0
9.13888888888889	0
9.14236111111111	0
9.14583333333333	0
9.14930555555556	0
9.15277777777778	0
9.15625	0
9.15972222222222	0
9.16319444444444	0
9.16666666666667	0
9.17013888888889	0
9.17361111111111	0
9.17708333333333	0
9.18055555555556	0
9.18402777777778	0
9.1875	0
9.19097222222222	0
9.19444444444444	0
9.19791666666667	0
9.20138888888889	0
9.20486111111111	0
9.20833333333333	0
9.21180555555556	0
9.21527777777778	0
9.21875	0
9.22222222222222	0
9.22569444444444	0
9.22916666666667	0
9.23263888888889	0
9.23611111111111	0
9.23958333333333	0
9.24305555555556	0
9.24652777777778	0
9.25	0
9.25347222222222	0
9.25694444444444	0
9.26041666666667	0
9.26388888888889	0
9.26736111111111	0
9.27083333333333	0
9.27430555555556	0
9.27777777777778	0
9.28125	0
9.28472222222222	0
9.28819444444444	0
9.29166666666667	0
9.29513888888889	0
9.29861111111111	0
9.30208333333333	0
9.30555555555556	0
9.30902777777778	0
9.3125	0
9.31597222222222	0
9.31944444444444	0
9.32291666666667	0
9.32638888888889	0.2
9.32986111111111	0.2
9.33333333333333	0.2
9.33680555555556	0.2
9.34027777777778	0.6
9.34375	1.4
9.34722222222222	0.8
9.35069444444444	0.8
9.35416666666667	0.6
9.35763888888889	0
9.36111111111111	0
9.36458333333333	0
9.36805555555556	0
9.37152777777778	0
9.375	0.2
9.37847222222222	0
9.38194444444444	0
9.38541666666667	0
9.38888888888889	0
9.39236111111111	0
9.39583333333333	0
9.39930555555556	0
9.40277777777778	0
9.40625	0
9.40972222222222	0
9.41319444444444	0
9.41666666666667	0
9.42013888888889	0
9.42361111111111	0
9.42708333333333	0
9.43055555555556	0
9.43402777777778	0
9.4375	0
9.44097222222222	0
9.44444444444444	0
9.44791666666667	0
9.45138888888889	0
9.45486111111111	0
9.45833333333333	0
9.46180555555556	0
9.46527777777778	0
9.46875	0
9.47222222222222	0
9.47569444444444	0
9.47916666666667	0
9.48263888888889	0
9.48611111111111	0
9.48958333333333	0
9.49305555555556	0
9.49652777777778	0
9.5	0
9.50347222222222	0
9.50694444444444	0
9.51041666666667	0
9.51388888888889	0
9.51736111111111	0
9.52083333333333	0
9.52430555555556	0
9.52777777777778	0
9.53125	0
9.53472222222222	0
9.53819444444444	0
9.54166666666667	0
9.54513888888889	0
9.54861111111111	0
9.55208333333333	0
9.55555555555556	0
9.55902777777778	0
9.5625	0
9.56597222222222	0
9.56944444444444	0
9.57291666666667	0
9.57638888888889	0
9.57986111111111	0
9.58333333333333	0
9.58680555555556	0
9.59027777777778	0
9.59375	0
9.59722222222222	0
9.60069444444444	0
9.60416666666667	0
9.60763888888889	0
9.61111111111111	0
9.61458333333333	0
9.61805555555556	0
9.62152777777778	0
9.625	0
9.62847222222222	0
9.63194444444444	0
9.63541666666667	0
9.63888888888889	0
9.64236111111111	0
9.64583333333333	0
9.64930555555556	0
9.65277777777778	0
9.65625	0
9.65972222222222	0
9.66319444444444	0
9.66666666666667	0
9.67013888888889	0
9.67361111111111	0
9.67708333333333	0
9.68055555555556	0
9.68402777777778	0
9.6875	0
9.69097222222222	0
9.69444444444444	0
9.69791666666667	0
9.70138888888889	0
9.70486111111111	0
9.70833333333333	0
9.71180555555556	0
9.71527777777778	0
9.71875	0
9.72222222222222	0
9.72569444444444	0
9.72916666666667	0
9.73263888888889	0
9.73611111111111	0
9.73958333333333	0
9.74305555555556	0
9.74652777777778	0
9.75	0
9.75347222222222	0
9.75694444444444	0
9.76041666666667	0
9.76388888888889	0
9.76736111111111	0
9.77083333333333	0
9.77430555555556	0
9.77777777777778	0
9.78125	0
9.78472222222222	0
9.78819444444444	0
9.79166666666667	0
9.79513888888889	0
9.79861111111111	0
9.80208333333333	0
9.80555555555556	0
9.80902777777778	0
9.8125	0
9.81597222222222	0
9.81944444444444	0
9.82291666666667	0
9.82638888888889	0
9.82986111111111	0
9.83333333333333	0
9.83680555555556	0
9.84027777777778	0
9.84375	0
9.84722222222222	0
9.85069444444444	0
9.85416666666667	0
9.85763888888889	0
9.86111111111111	0
9.86458333333333	0
9.86805555555556	0
9.87152777777778	0
9.875	0
9.87847222222222	0
9.88194444444444	0
9.88541666666667	0
9.88888888888889	0
9.89236111111111	0
9.89583333333333	0
9.89930555555556	0
9.90277777777778	0
9.90625	0
9.90972222222222	0
9.91319444444444	0
9.91666666666667	0
9.92013888888889	0
9.92361111111111	0
9.92708333333333	0
9.93055555555556	0
9.93402777777778	0
9.9375	0
9.94097222222222	0
9.94444444444444	0
9.94791666666667	0
9.95138888888889	0
9.95486111111111	0
9.95833333333333	0
9.96180555555556	0
9.96527777777778	0
9.96875	0
9.97222222222222	0
9.97569444444444	0
9.97916666666667	0
9.98263888888889	0
9.98611111111111	0
9.98958333333333	0
9.99305555555556	0
9.99652777777778	0
10	0
10.0034722222222	0
10.0069444444444	0
10.0104166666667	0
10.0138888888889	0
10.0173611111111	0
10.0208333333333	0
10.0243055555556	0
10.0277777777778	0
10.03125	0
10.0347222222222	0
10.0381944444444	0
10.0416666666667	0
10.0451388888889	0
10.0486111111111	0
10.0520833333333	0
10.0555555555556	0
10.0590277777778	0
10.0625	0
10.0659722222222	0
10.0694444444444	0
10.0729166666667	0
10.0763888888889	0
10.0798611111111	0
10.0833333333333	0
10.0868055555556	0
10.0902777777778	0
10.09375	0
10.0972222222222	0
10.1006944444444	0
10.1041666666667	0
10.1076388888889	0
10.1111111111111	0
10.1145833333333	0
10.1180555555556	0
10.1215277777778	0
10.125	0
10.1284722222222	0
10.1319444444444	0
10.1354166666667	0
10.1388888888889	0
10.1423611111111	0
10.1458333333333	0
10.1493055555556	0
10.1527777777778	0
10.15625	0
10.1597222222222	0
10.1631944444444	0
10.1666666666667	0
10.1701388888889	0
10.1736111111111	0
10.1770833333333	0
10.1805555555556	0
10.1840277777778	0
10.1875	0
10.1909722222222	0
10.1944444444444	0
10.1979166666667	0
10.2013888888889	0
10.2048611111111	0
10.2083333333333	0
10.2118055555556	0
10.2152777777778	0
10.21875	0
10.2222222222222	0
10.2256944444444	0
10.2291666666667	0
10.2326388888889	0
10.2361111111111	0
10.2395833333333	0
10.2430555555556	0
10.2465277777778	0
10.25	0
10.2534722222222	0
10.2569444444444	0
10.2604166666667	0
10.2638888888889	0
10.2673611111111	0
10.2708333333333	0
10.2743055555556	0
10.2777777777778	0
10.28125	0
10.2847222222222	0
10.2881944444444	0
10.2916666666667	0
10.2951388888889	0
10.2986111111111	0
10.3020833333333	0
10.3055555555556	0
10.3090277777778	0
10.3125	0
10.3159722222222	0
10.3194444444444	0
10.3229166666667	0
10.3263888888889	0
10.3298611111111	0
10.3333333333333	0
10.3368055555556	0
10.3402777777778	0
10.34375	0
10.3472222222222	0
10.3506944444444	0
10.3541666666667	0
10.3576388888889	0
10.3611111111111	0
10.3645833333333	0
10.3680555555556	0
10.3715277777778	0
10.375	0
10.3784722222222	0
10.3819444444444	0
10.3854166666667	0
10.3888888888889	0
10.3923611111111	0
10.3958333333333	0
10.3993055555556	0
10.4027777777778	0
10.40625	0
10.4097222222222	0
10.4131944444444	0
10.4166666666667	0
10.4201388888889	0
10.4236111111111	0
10.4270833333333	0
10.4305555555556	0
10.4340277777778	0
10.4375	0
10.4409722222222	0
10.4444444444444	0
10.4479166666667	0
10.4513888888889	0
10.4548611111111	0
10.4583333333333	0
10.4618055555556	0
10.4652777777778	0
10.46875	0
10.4722222222222	0
10.4756944444444	0
10.4791666666667	0
10.4826388888889	0
10.4861111111111	0
10.4895833333333	0
10.4930555555556	0
10.4965277777778	0
10.5	0
10.5034722222222	0
10.5069444444444	0
10.5104166666667	0
10.5138888888889	0
10.5173611111111	0
10.5208333333333	0
10.5243055555556	0
10.5277777777778	0
10.53125	0
10.5347222222222	0
10.5381944444444	0
10.5416666666667	0
10.5451388888889	0
10.5486111111111	0
10.5520833333333	0
10.5555555555556	0
10.5590277777778	0
10.5625	0
10.5659722222222	0
10.5694444444444	0
10.5729166666667	0
10.5763888888889	0
10.5798611111111	0
10.5833333333333	0
10.5868055555556	0
10.5902777777778	0
10.59375	0
10.5972222222222	0
10.6006944444444	0
10.6041666666667	0
10.6076388888889	0
10.6111111111111	0
10.6145833333333	0
10.6180555555556	0
10.6215277777778	0
10.625	0
10.6284722222222	0
10.6319444444444	0
10.6354166666667	0
10.6388888888889	0
10.6423611111111	0
10.6458333333333	0
10.6493055555556	0
10.6527777777778	0
10.65625	0
10.6597222222222	0
10.6631944444444	0
10.6666666666667	0
10.6701388888889	0
10.6736111111111	0
10.6770833333333	0
10.6805555555556	0
10.6840277777778	0
10.6875	0
10.6909722222222	0
10.6944444444444	0
10.6979166666667	0
10.7013888888889	0
10.7048611111111	0
10.7083333333333	0
10.7118055555556	0
10.7152777777778	0
10.71875	0
10.7222222222222	0
10.7256944444444	0
10.7291666666667	0
10.7326388888889	0
10.7361111111111	0
10.7395833333333	0
10.7430555555556	0
10.7465277777778	0
10.75	0
10.7534722222222	0
10.7569444444444	0
10.7604166666667	0
10.7638888888889	0
10.7673611111111	0
10.7708333333333	0
10.7743055555556	0
10.7777777777778	0
10.78125	0
10.7847222222222	0
10.7881944444444	0
10.7916666666667	0
10.7951388888889	0
10.7986111111111	0
10.8020833333333	0
10.8055555555556	0
10.8090277777778	0
10.8125	0
10.8159722222222	0
10.8194444444444	0
10.8229166666667	0
10.8263888888889	0
10.8298611111111	0
10.8333333333333	0
10.8368055555556	0
10.8402777777778	1
10.84375	0.8
10.8472222222222	1.4
10.8506944444444	1
10.8541666666667	1
10.8576388888889	0.4
10.8611111111111	0.2
10.8645833333333	0.2
10.8680555555556	0.2
10.8715277777778	0
10.875	0.2
10.8784722222222	0
10.8819444444444	0
10.8854166666667	0
10.8888888888889	0
10.8923611111111	0
10.8958333333333	0
10.8993055555556	0
10.9027777777778	0.2
10.90625	0.2
10.9097222222222	0
10.9131944444444	0
10.9166666666667	0
10.9201388888889	0
10.9236111111111	0.2
10.9270833333333	0
10.9305555555556	0.2
10.9340277777778	0
10.9375	0
10.9409722222222	0
10.9444444444444	0
10.9479166666667	0
10.9513888888889	0
10.9548611111111	0
10.9583333333333	0
10.9618055555556	0
10.9652777777778	0
10.96875	0
10.9722222222222	0
10.9756944444444	0
10.9791666666667	0
10.9826388888889	0
10.9861111111111	0
10.9895833333333	0
10.9930555555556	0
10.9965277777778	0
11	0
11.0034722222222	0
11.0069444444444	0
11.0104166666667	0
11.0138888888889	0
11.0173611111111	0
11.0208333333333	0
11.0243055555556	0
11.0277777777778	0
11.03125	0
11.0347222222222	0
11.0381944444444	0
11.0416666666667	0
11.0451388888889	0
11.0486111111111	0
11.0520833333333	0
11.0555555555556	0
11.0590277777778	0
11.0625	0
11.0659722222222	0
11.0694444444444	0
11.0729166666667	0
11.0763888888889	0
11.0798611111111	0
11.0833333333333	0
11.0868055555556	0
11.0902777777778	0
11.09375	0
11.0972222222222	0
11.1006944444444	0
11.1041666666667	0
11.1076388888889	0
11.1111111111111	0
11.1145833333333	0
11.1180555555556	0
11.1215277777778	0
11.125	0
11.1284722222222	0
11.1319444444444	0
11.1354166666667	0
11.1388888888889	0
11.1423611111111	0
11.1458333333333	0
11.1493055555556	0
11.1527777777778	0
11.15625	0
11.1597222222222	0
11.1631944444444	0
11.1666666666667	0
11.1701388888889	0
11.1736111111111	0
11.1770833333333	0
11.1805555555556	0
11.1840277777778	0
11.1875	0
11.1909722222222	0
11.1944444444444	0
11.1979166666667	0
11.2013888888889	0
11.2048611111111	0
11.2083333333333	0
11.2118055555556	0
11.2152777777778	0
11.21875	0
11.2222222222222	0
11.2256944444444	0
11.2291666666667	0
11.2326388888889	0
11.2361111111111	0
11.2395833333333	0
11.2430555555556	0
11.2465277777778	0
11.25	0
11.2534722222222	0
11.2569444444444	0
11.2604166666667	0
11.2638888888889	0
11.2673611111111	0
11.2708333333333	0
11.2743055555556	0
11.2777777777778	0
11.28125	0
11.2847222222222	0
11.2881944444444	0
11.2916666666667	0
11.2951388888889	0
11.2986111111111	0
11.3020833333333	0
11.3055555555556	0
11.3090277777778	0
11.3125	0
11.3159722222222	0
11.3194444444444	0
11.3229166666667	0
11.3263888888889	0
11.3298611111111	0
11.3333333333333	0
11.3368055555556	0
11.3402777777778	0
11.34375	0
11.3472222222222	0
11.3506944444444	0
11.3541666666667	0
11.3576388888889	0
11.3611111111111	0
11.3645833333333	0
11.3680555555556	0
11.3715277777778	0
11.375	0
11.3784722222222	0
11.3819444444444	0
11.3854166666667	0
11.3888888888889	0
11.3923611111111	0
11.3958333333333	0
11.3993055555556	0
11.4027777777778	0
11.40625	0
11.4097222222222	0
11.4131944444444	0
11.4166666666667	0
11.4201388888889	0
11.4236111111111	0
11.4270833333333	0
11.4305555555556	0
11.4340277777778	0
11.4375	0
11.4409722222222	0
11.4444444444444	0
11.4479166666667	0
11.4513888888889	0
11.4548611111111	0
11.4583333333333	0
11.4618055555556	0
11.4652777777778	0
11.46875	0
11.4722222222222	0
11.4756944444444	0
11.4791666666667	0
11.4826388888889	0
11.4861111111111	0
11.4895833333333	0
11.4930555555556	0
11.4965277777778	0
11.5	0
11.5034722222222	0
11.5069444444444	0
11.5104166666667	0
11.5138888888889	0
11.5173611111111	0
11.5208333333333	0
11.5243055555556	0
11.5277777777778	0
11.53125	0
11.5347222222222	0
11.5381944444444	0
11.5416666666667	0
11.5451388888889	0
11.5486111111111	0
11.5520833333333	0
11.5555555555556	0
11.5590277777778	0
11.5625	0
11.5659722222222	0
11.5694444444444	0
11.5729166666667	0
11.5763888888889	0
11.5798611111111	0
11.5833333333333	0
11.5868055555556	0
11.5902777777778	0
11.59375	0
11.5972222222222	0
11.6006944444444	0
11.6041666666667	0
11.6076388888889	0
11.6111111111111	0
11.6145833333333	0
11.6180555555556	0
11.6215277777778	0
11.625	0
11.6284722222222	0
11.6319444444444	0
11.6354166666667	0
11.6388888888889	0
11.6423611111111	0
11.6458333333333	0
11.6493055555556	0
11.6527777777778	0
11.65625	0
11.6597222222222	0
11.6631944444444	0
11.6666666666667	0
11.6701388888889	0
11.6736111111111	0
11.6770833333333	0
11.6805555555556	0
11.6840277777778	0
11.6875	0
11.6909722222222	0
11.6944444444444	0
11.6979166666667	0
11.7013888888889	0
11.7048611111111	0
11.7083333333333	0
11.7118055555556	0
11.7152777777778	0
11.71875	0
11.7222222222222	0
11.7256944444444	0
11.7291666666667	0
11.7326388888889	0
11.7361111111111	0
11.7395833333333	0
11.7430555555556	0
11.7465277777778	0
11.75	0
11.7534722222222	0
11.7569444444444	0
11.7604166666667	0
11.7638888888889	0
11.7673611111111	0
11.7708333333333	0
11.7743055555556	0
11.7777777777778	0
11.78125	0
11.7847222222222	0
11.7881944444444	0
11.7916666666667	0
11.7951388888889	0
11.7986111111111	0
11.8020833333333	0
11.8055555555556	0
11.8090277777778	0
11.8125	0
11.8159722222222	0
11.8194444444444	0
11.8229166666667	0
11.8263888888889	0
11.8298611111111	0
11.8333333333333	0
11.8368055555556	0
11.8402777777778	0
11.84375	0
11.8472222222222	0
11.8506944444444	0
11.8541666666667	0
11.8576388888889	0
11.8611111111111	0
11.8645833333333	0
11.8680555555556	0
11.8715277777778	0
11.875	0
11.8784722222222	0
11.8819444444444	0
11.8854166666667	0
11.8888888888889	0
11.8923611111111	0
11.8958333333333	0
11.8993055555556	0
11.9027777777778	0
11.90625	0
11.9097222222222	0
11.9131944444444	0
11.9166666666667	0
11.9201388888889	0
11.9236111111111	0
11.9270833333333	0
11.9305555555556	0
11.9340277777778	0
11.9375	0
11.9409722222222	0
11.9444444444444	0
11.9479166666667	0
11.9513888888889	0
11.9548611111111	0
11.9583333333333	0
11.9618055555556	0
11.9652777777778	0
11.96875	0
11.9722222222222	0
11.9756944444444	0
11.9791666666667	0
11.9826388888889	0
11.9861111111111	0
11.9895833333333	0
11.9930555555556	0
11.9965277777778	0
12	0
12.0034722222222	0
12.0069444444444	0
12.0104166666667	0
12.0138888888889	0
12.0173611111111	0
12.0208333333333	0
12.0243055555556	0
12.0277777777778	0
12.03125	0
12.0347222222222	0
12.0381944444444	0
12.0416666666667	0
12.0451388888889	0
12.0486111111111	0
12.0520833333333	0
12.0555555555556	0
12.0590277777778	0
12.0625	0
12.0659722222222	0
12.0694444444444	0
12.0729166666667	0
12.0763888888889	0
12.0798611111111	0
12.0833333333333	0
12.0868055555556	0
12.0902777777778	0
12.09375	0
12.0972222222222	0
12.1006944444444	0
12.1041666666667	0
12.1076388888889	0
12.1111111111111	0
12.1145833333333	0
12.1180555555556	0
12.1215277777778	0
12.125	0
12.1284722222222	0
12.1319444444444	0
12.1354166666667	0
12.1388888888889	0
12.1423611111111	0
12.1458333333333	0
12.1493055555556	0
12.1527777777778	0
12.15625	0
12.1597222222222	0
12.1631944444444	0
12.1666666666667	0
12.1701388888889	0
12.1736111111111	0
12.1770833333333	0
12.1805555555556	0
12.1840277777778	0
12.1875	0
12.1909722222222	0
12.1944444444444	0
12.1979166666667	0
12.2013888888889	0
12.2048611111111	0
12.2083333333333	0
12.2118055555556	0
12.2152777777778	0
12.21875	0
12.2222222222222	0
12.2256944444444	0
12.2291666666667	0
12.2326388888889	0
12.2361111111111	0
12.2395833333333	0
12.2430555555556	0
12.2465277777778	0
12.25	0
12.2534722222222	0
12.2569444444444	0
12.2604166666667	0
12.2638888888889	0
12.2673611111111	0
12.2708333333333	0
12.2743055555556	0
12.2777777777778	0
12.28125	0
12.2847222222222	0
12.2881944444444	0
12.2916666666667	0
12.2951388888889	0
12.2986111111111	0
12.3020833333333	0
12.3055555555556	0
12.3090277777778	0
12.3125	0
12.3159722222222	0
12.3194444444444	0
12.3229166666667	0
12.3263888888889	0
12.3298611111111	0
12.3333333333333	0
12.3368055555556	0
12.3402777777778	0
12.34375	0
12.3472222222222	0
12.3506944444444	0
12.3541666666667	0
12.3576388888889	0
12.3611111111111	0
12.3645833333333	0
12.3680555555556	0
12.3715277777778	0
12.375	0
12.3784722222222	0
12.3819444444444	0
12.3854166666667	0
12.3888888888889	0
12.3923611111111	0
12.3958333333333	0
12.3993055555556	0
12.4027777777778	0
12.40625	0
12.4097222222222	0
12.4131944444444	0
12.4166666666667	0
12.4201388888889	0
12.4236111111111	0
12.4270833333333	0
12.4305555555556	0
12.4340277777778	0
12.4375	0
12.4409722222222	0
12.4444444444444	0
12.4479166666667	0
12.4513888888889	0
12.4548611111111	0
12.4583333333333	0
12.4618055555556	0
12.4652777777778	0
12.46875	0
12.4722222222222	0
12.4756944444444	0
12.4791666666667	0
12.4826388888889	0
12.4861111111111	0
12.4895833333333	0
12.4930555555556	0
12.4965277777778	0
12.5	0
12.5034722222222	0
12.5069444444444	0
12.5104166666667	0
12.5138888888889	0
12.5173611111111	0
12.5208333333333	0
12.5243055555556	0
12.5277777777778	0
12.53125	0
12.5347222222222	0
12.5381944444444	0
12.5416666666667	0
12.5451388888889	0
12.5486111111111	0
12.5520833333333	0
12.5555555555556	0
12.5590277777778	0
12.5625	0
12.5659722222222	0
12.5694444444444	0
12.5729166666667	0
12.5763888888889	0
12.5798611111111	0
12.5833333333333	0
12.5868055555556	0
12.5902777777778	0
12.59375	0
12.5972222222222	0
12.6006944444444	0
12.6041666666667	0
12.6076388888889	0
12.6111111111111	0
12.6145833333333	0
12.6180555555556	0
12.6215277777778	0
12.625	0
12.6284722222222	0
12.6319444444444	0
12.6354166666667	0
12.6388888888889	0
12.6423611111111	0
12.6458333333333	0
12.6493055555556	0
12.6527777777778	0
12.65625	0
12.6597222222222	0
12.6631944444444	0
12.6666666666667	0
12.6701388888889	0
12.6736111111111	0
12.6770833333333	0
12.6805555555556	0
12.6840277777778	0
12.6875	0
12.6909722222222	0
12.6944444444444	0
12.6979166666667	0
12.7013888888889	0
12.7048611111111	0
12.7083333333333	0
12.7118055555556	0
12.7152777777778	0
12.71875	0
12.7222222222222	0
12.7256944444444	0
12.7291666666667	0
12.7326388888889	0
12.7361111111111	0
12.7395833333333	0
12.7430555555556	0
12.7465277777778	0
12.75	0
12.7534722222222	0
12.7569444444444	0
12.7604166666667	0
12.7638888888889	0
12.7673611111111	0
12.7708333333333	0
12.7743055555556	0
12.7777777777778	0
12.78125	0
12.7847222222222	0
12.7881944444444	0
12.7916666666667	0
12.7951388888889	0
12.7986111111111	0
12.8020833333333	0
12.8055555555556	0
12.8090277777778	0
12.8125	0
12.8159722222222	0
12.8194444444444	0
12.8229166666667	0
12.8263888888889	0
12.8298611111111	0
12.8333333333333	0
12.8368055555556	0
12.8402777777778	0
12.84375	0
12.8472222222222	0
12.8506944444444	0
12.8541666666667	0
12.8576388888889	0
12.8611111111111	0
12.8645833333333	0
12.8680555555556	0
12.8715277777778	0
12.875	0
12.8784722222222	0
12.8819444444444	0
12.8854166666667	0
12.8888888888889	0
12.8923611111111	0
12.8958333333333	0
12.8993055555556	0
12.9027777777778	0
12.90625	0
12.9097222222222	0
12.9131944444444	0
12.9166666666667	0
12.9201388888889	0
12.9236111111111	0
12.9270833333333	0
12.9305555555556	0
12.9340277777778	0
12.9375	0
12.9409722222222	0
12.9444444444444	0
12.9479166666667	0
12.9513888888889	0
12.9548611111111	0
12.9583333333333	0
12.9618055555556	0
12.9652777777778	0
12.96875	0
12.9722222222222	0
12.9756944444444	0
12.9791666666667	0
12.9826388888889	0
12.9861111111111	0
12.9895833333333	0
12.9930555555556	0
12.9965277777778	0
13	0
13.0034722222222	0
13.0069444444444	0
13.0104166666667	0
13.0138888888889	0
13.0173611111111	0
13.0208333333333	0
13.0243055555556	0
13.0277777777778	0
13.03125	0
13.0347222222222	0
13.0381944444444	0
13.0416666666667	0
13.0451388888889	0
13.0486111111111	0
13.0520833333333	0
13.0555555555556	0
13.0590277777778	0
13.0625	0
13.0659722222222	0
13.0694444444444	0
13.0729166666667	0
13.0763888888889	0
13.0798611111111	0
13.0833333333333	0
13.0868055555556	0
13.0902777777778	0
13.09375	0
13.0972222222222	0
13.1006944444444	0
13.1041666666667	0
13.1076388888889	0
13.1111111111111	0
13.1145833333333	0
13.1180555555556	0
13.1215277777778	0
13.125	0
13.1284722222222	0
13.1319444444444	0
13.1354166666667	0
13.1388888888889	0
13.1423611111111	0
13.1458333333333	0
13.1493055555556	0
13.1527777777778	0
13.15625	0
13.1597222222222	0
13.1631944444444	0
13.1666666666667	0
13.1701388888889	0
13.1736111111111	0
13.1770833333333	0
13.1805555555556	0
13.1840277777778	0
13.1875	0
13.1909722222222	0
13.1944444444444	0
13.1979166666667	0
13.2013888888889	0
13.2048611111111	0
13.2083333333333	0
13.2118055555556	0
13.2152777777778	0
13.21875	0
13.2222222222222	0
13.2256944444444	0
13.2291666666667	0
13.2326388888889	0
13.2361111111111	0
13.2395833333333	0
13.2430555555556	0
13.2465277777778	0
13.25	0
13.2534722222222	0
13.2569444444444	0
13.2604166666667	0
13.2638888888889	0
13.2673611111111	0
13.2708333333333	0
13.2743055555556	0
13.2777777777778	0
13.28125	0
13.2847222222222	0
13.2881944444444	0
13.2916666666667	0
13.2951388888889	0
13.2986111111111	0
13.3020833333333	0
13.3055555555556	0
13.3090277777778	0
13.3125	0
13.3159722222222	0
13.3194444444444	0
13.3229166666667	0
13.3263888888889	0
13.3298611111111	0
13.3333333333333	0
13.3368055555556	0
13.3402777777778	0
13.34375	0
13.3472222222222	0
13.3506944444444	0
13.3541666666667	0
13.3576388888889	0
13.3611111111111	0
13.3645833333333	0
13.3680555555556	0
13.3715277777778	0
13.375	0
13.3784722222222	0
13.3819444444444	0
13.3854166666667	0
13.3888888888889	0
13.3923611111111	0
13.3958333333333	0
13.3993055555556	0
13.4027777777778	0
13.40625	0
13.4097222222222	0
13.4131944444444	0
13.4166666666667	0
13.4201388888889	0
13.4236111111111	0
13.4270833333333	0
13.4305555555556	0
13.4340277777778	0
13.4375	0
13.4409722222222	0
13.4444444444444	0
13.4479166666667	0
13.4513888888889	0
13.4548611111111	0
13.4583333333333	0
13.4618055555556	0
13.4652777777778	0
13.46875	0
13.4722222222222	0
13.4756944444444	0
13.4791666666667	0
13.4826388888889	0
13.4861111111111	0
13.4895833333333	0
13.4930555555556	0
13.4965277777778	0
13.5	0
13.5034722222222	0
13.5069444444444	0
13.5104166666667	0
13.5138888888889	0
13.5173611111111	0
13.5208333333333	0
13.5243055555556	0
13.5277777777778	0
13.53125	0
13.5347222222222	0
13.5381944444444	0
13.5416666666667	0
13.5451388888889	0
13.5486111111111	0
13.5520833333333	0
13.5555555555556	0
13.5590277777778	0
13.5625	0
13.5659722222222	0
13.5694444444444	0
13.5729166666667	0
13.5763888888889	0
13.5798611111111	0
13.5833333333333	0
13.5868055555556	0
13.5902777777778	0
13.59375	0
13.5972222222222	0
13.6006944444444	0
13.6041666666667	0
13.6076388888889	0
13.6111111111111	0
13.6145833333333	0
13.6180555555556	0
13.6215277777778	0
13.625	0
13.6284722222222	0
13.6319444444444	0
13.6354166666667	0
13.6388888888889	0
13.6423611111111	0
13.6458333333333	0
13.6493055555556	0
13.6527777777778	0
13.65625	0
13.6597222222222	0
13.6631944444444	0
13.6666666666667	0
13.6701388888889	0
13.6736111111111	0
13.6770833333333	0
13.6805555555556	0
13.6840277777778	0
13.6875	0
13.6909722222222	0
13.6944444444444	0
13.6979166666667	0
13.7013888888889	0
13.7048611111111	0
13.7083333333333	0
13.7118055555556	0
13.7152777777778	0
13.71875	0
13.7222222222222	0
13.7256944444444	0
13.7291666666667	0
13.7326388888889	0
13.7361111111111	0
13.7395833333333	0
13.7430555555556	0
13.7465277777778	0
13.75	0
13.7534722222222	0
13.7569444444444	0
13.7604166666667	0
13.7638888888889	0
13.7673611111111	0
13.7708333333333	0
13.7743055555556	0
13.7777777777778	0
13.78125	0
13.7847222222222	0
13.7881944444444	0
13.7916666666667	0
13.7951388888889	0
13.7986111111111	0
13.8020833333333	0
13.8055555555556	0
13.8090277777778	0
13.8125	0
13.8159722222222	0
13.8194444444444	0
13.8229166666667	0
13.8263888888889	0
13.8298611111111	0
13.8333333333333	0
13.8368055555556	0
13.8402777777778	0
13.84375	0
13.8472222222222	0
13.8506944444444	0
13.8541666666667	0
13.8576388888889	0
13.8611111111111	0
13.8645833333333	0
13.8680555555556	0
13.8715277777778	0
13.875	0
13.8784722222222	0
13.8819444444444	0
13.8854166666667	0
13.8888888888889	0
13.8923611111111	0
13.8958333333333	0
13.8993055555556	0
13.9027777777778	0
13.90625	0
13.9097222222222	0
13.9131944444444	0
13.9166666666667	0
13.9201388888889	0
13.9236111111111	0
13.9270833333333	0
13.9305555555556	0
13.9340277777778	0
13.9375	0
13.9409722222222	0
13.9444444444444	0
13.9479166666667	0
13.9513888888889	0
13.9548611111111	0
13.9583333333333	0
13.9618055555556	0
13.9652777777778	0
13.96875	0
13.9722222222222	0
13.9756944444444	0
13.9791666666667	0
13.9826388888889	0
13.9861111111111	0
13.9895833333333	0
13.9930555555556	0
13.9965277777778	0
14	0
14.0034722222222	0
14.0069444444444	0
14.0104166666667	0
14.0138888888889	0
14.0173611111111	0
14.0208333333333	0
14.0243055555556	0
14.0277777777778	0
14.03125	0
14.0347222222222	0
14.0381944444444	0
14.0416666666667	0
14.0451388888889	0
14.0486111111111	0
14.0520833333333	0
14.0555555555556	0
14.0590277777778	0
14.0625	0
14.0659722222222	0
14.0694444444444	0
14.0729166666667	0
14.0763888888889	0
14.0798611111111	0
14.0833333333333	0
14.0868055555556	0
14.0902777777778	0
14.09375	0
14.0972222222222	0
14.1006944444444	0
14.1041666666667	0
14.1076388888889	0
14.1111111111111	0
14.1145833333333	0
14.1180555555556	0
14.1215277777778	0
14.125	0
14.1284722222222	0
14.1319444444444	0
14.1354166666667	0
14.1388888888889	0
14.1423611111111	0
14.1458333333333	0
14.1493055555556	0
14.1527777777778	0
14.15625	0
14.1597222222222	0
14.1631944444444	0
14.1666666666667	0
14.1701388888889	0
14.1736111111111	0
14.1770833333333	0
14.1805555555556	0
14.1840277777778	0
14.1875	0
14.1909722222222	0
14.1944444444444	0
14.1979166666667	0
14.2013888888889	0
14.2048611111111	0
14.2083333333333	0
14.2118055555556	0
14.2152777777778	0
14.21875	0
14.2222222222222	0
14.2256944444444	0
14.2291666666667	0
14.2326388888889	0
14.2361111111111	0
14.2395833333333	0
14.2430555555556	0
14.2465277777778	0
14.25	0
14.2534722222222	0
14.2569444444444	0
14.2604166666667	0
14.2638888888889	0
14.2673611111111	0
14.2708333333333	0
14.2743055555556	0
14.2777777777778	0
14.28125	0
14.2847222222222	0
14.2881944444444	0
14.2916666666667	0
14.2951388888889	0
14.2986111111111	0
14.3020833333333	0
14.3055555555556	0
14.3090277777778	0
14.3125	0
14.3159722222222	0
14.3194444444444	0
14.3229166666667	0
14.3263888888889	0
14.3298611111111	0
14.3333333333333	0
14.3368055555556	0
14.3402777777778	0
14.34375	0
14.3472222222222	0
14.3506944444444	0
14.3541666666667	0
14.3576388888889	0
14.3611111111111	0
14.3645833333333	0
14.3680555555556	0
14.3715277777778	0
14.375	0
14.3784722222222	0
14.3819444444444	0
14.3854166666667	0
14.3888888888889	0
14.3923611111111	0
14.3958333333333	0
14.3993055555556	0
14.4027777777778	0
14.40625	0
14.4097222222222	0
14.4131944444444	0
14.4166666666667	0
14.4201388888889	0
14.4236111111111	0
14.4270833333333	0
14.4305555555556	0
14.4340277777778	0
14.4375	0
14.4409722222222	0
14.4444444444444	0
14.4479166666667	0
14.4513888888889	0
14.4548611111111	0
14.4583333333333	0
14.4618055555556	0
14.4652777777778	0
14.46875	0
14.4722222222222	0
14.4756944444444	0
14.4791666666667	0
14.4826388888889	0
14.4861111111111	0
14.4895833333333	0
14.4930555555556	0
14.4965277777778	0
14.5	0
14.5034722222222	0
14.5069444444444	0
14.5104166666667	0
14.5138888888889	0
14.5173611111111	0
14.5208333333333	0
14.5243055555556	0
14.5277777777778	0
14.53125	0
14.5347222222222	0
14.5381944444444	0
14.5416666666667	0
14.5451388888889	0
14.5486111111111	0
14.5520833333333	0
14.5555555555556	0
14.5590277777778	0
14.5625	0
14.5659722222222	0
14.5694444444444	0
14.5729166666667	0
14.5763888888889	0
14.5798611111111	0
14.5833333333333	0
14.5868055555556	0
14.5902777777778	0
14.59375	0
14.5972222222222	0
14.6006944444444	0
14.6041666666667	0
14.6076388888889	0
14.6111111111111	0
14.6145833333333	0
14.6180555555556	0
14.6215277777778	0
14.625	0
14.6284722222222	0
14.6319444444444	0
14.6354166666667	0
14.6388888888889	0
14.6423611111111	0
14.6458333333333	0
14.6493055555556	0
14.6527777777778	0
14.65625	0
14.6597222222222	0
14.6631944444444	0
14.6666666666667	0
14.6701388888889	0
14.6736111111111	0
14.6770833333333	0
14.6805555555556	0
14.6840277777778	0
14.6875	0
14.6909722222222	0
14.6944444444444	0
14.6979166666667	0
14.7013888888889	0
14.7048611111111	0
14.7083333333333	0
14.7118055555556	0
14.7152777777778	0
14.71875	0
14.7222222222222	0
14.7256944444444	0
14.7291666666667	0
14.7326388888889	0
14.7361111111111	0
14.7395833333333	0
14.7430555555556	0
14.7465277777778	0
14.75	0
14.7534722222222	0
14.7569444444444	0
14.7604166666667	0
14.7638888888889	0
14.7673611111111	0
14.7708333333333	0
14.7743055555556	0
14.7777777777778	0
14.78125	0
14.7847222222222	0
14.7881944444444	0
14.7916666666667	0
14.7951388888889	0
14.7986111111111	0
14.8020833333333	0
14.8055555555556	0
14.8090277777778	0
14.8125	0
14.8159722222222	0
14.8194444444444	0
14.8229166666667	0
14.8263888888889	0
14.8298611111111	0
14.8333333333333	0
14.8368055555556	0
14.8402777777778	0
14.84375	0
14.8472222222222	0
14.8506944444444	0
14.8541666666667	0
14.8576388888889	0
14.8611111111111	0
14.8645833333333	0
14.8680555555556	0
14.8715277777778	0
14.875	0
14.8784722222222	0
14.8819444444444	0
14.8854166666667	0
14.8888888888889	0
14.8923611111111	0
14.8958333333333	0
14.8993055555556	0
14.9027777777778	0
14.90625	0
14.9097222222222	0
14.9131944444444	0
14.9166666666667	0
14.9201388888889	0
14.9236111111111	0
14.9270833333333	0
14.9305555555556	0
14.9340277777778	0
14.9375	0
14.9409722222222	0
14.9444444444444	0
14.9479166666667	0
14.9513888888889	0
14.9548611111111	0
14.9583333333333	0
14.9618055555556	0
14.9652777777778	0
14.96875	0
14.9722222222222	0
14.9756944444444	0
14.9791666666667	0
14.9826388888889	0
14.9861111111111	0
14.9895833333333	0
14.9930555555556	0
14.9965277777778	0
15	0
15.0034722222222	0
15.0069444444444	0
15.0104166666667	0
15.0138888888889	0
15.0173611111111	0
15.0208333333333	0
15.0243055555556	0
15.0277777777778	0
15.03125	0
15.0347222222222	0
15.0381944444444	0
15.0416666666667	0
15.0451388888889	0
15.0486111111111	0
15.0520833333333	0
15.0555555555556	0
15.0590277777778	0
15.0625	0
15.0659722222222	0
15.0694444444444	0
15.0729166666667	0
15.0763888888889	0
15.0798611111111	0
15.0833333333333	0
15.0868055555556	0
15.0902777777778	0
15.09375	0
15.0972222222222	0
15.1006944444444	0
15.1041666666667	0
15.1076388888889	0
15.1111111111111	0
15.1145833333333	0
15.1180555555556	0
15.1215277777778	0
15.125	0
15.1284722222222	0
15.1319444444444	0
15.1354166666667	0
15.1388888888889	0
15.1423611111111	0
15.1458333333333	0
15.1493055555556	0
15.1527777777778	0
15.15625	0
15.1597222222222	0
15.1631944444444	0
15.1666666666667	0
15.1701388888889	0
15.1736111111111	0
15.1770833333333	0
15.1805555555556	0
15.1840277777778	0
15.1875	0
15.1909722222222	0
15.1944444444444	0
15.1979166666667	0
15.2013888888889	0
15.2048611111111	0
15.2083333333333	0
15.2118055555556	0
15.2152777777778	0
15.21875	0
15.2222222222222	0
15.2256944444444	0
15.2291666666667	0
15.2326388888889	0
15.2361111111111	0
15.2395833333333	0
15.2430555555556	0
15.2465277777778	0
15.25	0
15.2534722222222	0
15.2569444444444	0
15.2604166666667	0
15.2638888888889	0
15.2673611111111	0
15.2708333333333	0
15.2743055555556	0
15.2777777777778	0
15.28125	0
15.2847222222222	0
15.2881944444444	0
15.2916666666667	0
15.2951388888889	0
15.2986111111111	0
15.3020833333333	0
15.3055555555556	0
15.3090277777778	0
15.3125	0
15.3159722222222	0
15.3194444444444	0
15.3229166666667	0
15.3263888888889	0
15.3298611111111	0
15.3333333333333	0
15.3368055555556	0
15.3402777777778	0
15.34375	0
15.3472222222222	0
15.3506944444444	0
15.3541666666667	0
15.3576388888889	0
15.3611111111111	0
15.3645833333333	0
15.3680555555556	0
15.3715277777778	0
15.375	0
15.3784722222222	0
15.3819444444444	0
15.3854166666667	0
15.3888888888889	0
15.3923611111111	0
15.3958333333333	0
15.3993055555556	0
15.4027777777778	0
15.40625	0
15.4097222222222	0
15.4131944444444	0
15.4166666666667	0
15.4201388888889	0
15.4236111111111	0
15.4270833333333	0
15.4305555555556	0
15.4340277777778	0
15.4375	0
15.4409722222222	0
15.4444444444444	0
15.4479166666667	0
15.4513888888889	0
15.4548611111111	0
15.4583333333333	0
15.4618055555556	0
15.4652777777778	0
15.46875	0
15.4722222222222	0
15.4756944444444	0
15.4791666666667	0
15.4826388888889	0
15.4861111111111	0
15.4895833333333	0
15.4930555555556	0
15.4965277777778	0
15.5	0
15.5034722222222	0
15.5069444444444	0
15.5104166666667	0
15.5138888888889	0
15.5173611111111	0
15.5208333333333	0
15.5243055555556	0
15.5277777777778	0
15.53125	0
15.5347222222222	0
15.5381944444444	0
15.5416666666667	0
15.5451388888889	0
15.5486111111111	0
15.5520833333333	0
15.5555555555556	0
15.5590277777778	0
15.5625	0
15.5659722222222	0
15.5694444444444	0
15.5729166666667	0
15.5763888888889	0
15.5798611111111	0
15.5833333333333	0
15.5868055555556	0
15.5902777777778	0
15.59375	0
15.5972222222222	0
15.6006944444444	0
15.6041666666667	0
15.6076388888889	0
15.6111111111111	0
15.6145833333333	0
15.6180555555556	0
15.6215277777778	0
15.625	0
15.6284722222222	0
15.6319444444444	0
15.6354166666667	0
15.6388888888889	0
15.6423611111111	0
15.6458333333333	0
15.6493055555556	0
15.6527777777778	0
15.65625	0
15.6597222222222	0
15.6631944444444	0
15.6666666666667	0
15.6701388888889	0
15.6736111111111	0
15.6770833333333	0
15.6805555555556	0
15.6840277777778	0
15.6875	0
15.6909722222222	0
15.6944444444444	0
15.6979166666667	0
15.7013888888889	0
15.7048611111111	0
15.7083333333333	0
15.7118055555556	0
15.7152777777778	0
15.71875	0
15.7222222222222	0
15.7256944444444	0
15.7291666666667	0
15.7326388888889	0
15.7361111111111	0
15.7395833333333	0
15.7430555555556	0
15.7465277777778	0
15.75	0
15.7534722222222	0
15.7569444444444	0
15.7604166666667	0
15.7638888888889	0
15.7673611111111	0
15.7708333333333	0
15.7743055555556	0
15.7777777777778	0
15.78125	0
15.7847222222222	0
15.7881944444444	0
15.7916666666667	0
15.7951388888889	0
15.7986111111111	0
15.8020833333333	0
15.8055555555556	0
15.8090277777778	0
15.8125	0
15.8159722222222	0
15.8194444444444	0
15.8229166666667	0
15.8263888888889	0
15.8298611111111	0
15.8333333333333	0
15.8368055555556	0
15.8402777777778	0
15.84375	0
15.8472222222222	0
15.8506944444444	0
15.8541666666667	0
15.8576388888889	0
15.8611111111111	0
15.8645833333333	0
15.8680555555556	0
15.8715277777778	0
15.875	0
15.8784722222222	0
15.8819444444444	0
15.8854166666667	0
15.8888888888889	0
15.8923611111111	0
15.8958333333333	0
15.8993055555556	0
15.9027777777778	0
15.90625	0
15.9097222222222	0
15.9131944444444	0
15.9166666666667	0
15.9201388888889	0
15.9236111111111	0
15.9270833333333	0
15.9305555555556	0
15.9340277777778	0
15.9375	0
15.9409722222222	0
15.9444444444444	0
15.9479166666667	0
15.9513888888889	0
15.9548611111111	0
15.9583333333333	0
15.9618055555556	0
15.9652777777778	0
15.96875	0
15.9722222222222	0
15.9756944444444	0
15.9791666666667	0
15.9826388888889	0
15.9861111111111	0
15.9895833333333	0
15.9930555555556	0
15.9965277777778	0
16	0
16.0034722222222	0
16.0069444444444	0
16.0104166666667	0
16.0138888888889	0
16.0173611111111	0
16.0208333333333	0
16.0243055555556	0
16.0277777777778	0
16.03125	0
16.0347222222222	0
16.0381944444444	0
16.0416666666667	0
16.0451388888889	0
16.0486111111111	0
16.0520833333333	0
16.0555555555556	0
16.0590277777778	0
16.0625	0
16.0659722222222	0
16.0694444444444	0
16.0729166666667	0
16.0763888888889	0
16.0798611111111	0
16.0833333333333	0
16.0868055555556	0
16.0902777777778	0
16.09375	0
16.0972222222222	0
16.1006944444444	0
16.1041666666667	0
16.1076388888889	0
16.1111111111111	0
16.1145833333333	0
16.1180555555556	0
16.1215277777778	0
16.125	0
16.1284722222222	0
16.1319444444444	0
16.1354166666667	0
16.1388888888889	0
16.1423611111111	0
16.1458333333333	0
16.1493055555556	0
16.1527777777778	0
16.15625	0
16.1597222222222	0
16.1631944444444	0
16.1666666666667	0
16.1701388888889	0
16.1736111111111	0
16.1770833333333	0
16.1805555555556	0
16.1840277777778	0
16.1875	0
16.1909722222222	0
16.1944444444444	0
16.1979166666667	0
16.2013888888889	0
16.2048611111111	0
16.2083333333333	0
16.2118055555556	0
16.2152777777778	0
16.21875	0
16.2222222222222	0
16.2256944444444	0
16.2291666666667	0
16.2326388888889	0
16.2361111111111	0
16.2395833333333	0
16.2430555555556	0
16.2465277777778	0
16.25	0
16.2534722222222	0
16.2569444444444	0
16.2604166666667	0
16.2638888888889	0
16.2673611111111	0
16.2708333333333	0
16.2743055555556	0
16.2777777777778	0
16.28125	0
16.2847222222222	0
16.2881944444444	0
16.2916666666667	0
16.2951388888889	0
16.2986111111111	0
16.3020833333333	0
16.3055555555556	0
16.3090277777778	0
16.3125	0
16.3159722222222	0
16.3194444444444	0
16.3229166666667	0
16.3263888888889	0
16.3298611111111	0
16.3333333333333	0
16.3368055555556	0
16.3402777777778	0
16.34375	0
16.3472222222222	0
16.3506944444444	0
16.3541666666667	0
16.3576388888889	0
16.3611111111111	0
16.3645833333333	0
16.3680555555556	0
16.3715277777778	0
16.375	0
16.3784722222222	0
16.3819444444444	0
16.3854166666667	0
16.3888888888889	0
16.3923611111111	0
16.3958333333333	0
16.3993055555556	0
16.4027777777778	0
16.40625	0
16.4097222222222	0
16.4131944444444	0
16.4166666666667	0
16.4201388888889	0
16.4236111111111	0
16.4270833333333	0
16.4305555555556	0
16.4340277777778	0
16.4375	0
16.4409722222222	0
16.4444444444444	0
16.4479166666667	0
16.4513888888889	0
16.4548611111111	0
16.4583333333333	0
16.4618055555556	0
16.4652777777778	0
16.46875	0
16.4722222222222	0
16.4756944444444	0
16.4791666666667	0
16.4826388888889	0
16.4861111111111	0
16.4895833333333	0
16.4930555555556	0
16.4965277777778	0
16.5	0
16.5034722222222	0
16.5069444444444	0
16.5104166666667	0
16.5138888888889	0
16.5173611111111	0
16.5208333333333	0
16.5243055555556	0
16.5277777777778	0
16.53125	0
16.5347222222222	0
16.5381944444444	0
16.5416666666667	0
16.5451388888889	0
16.5486111111111	0
16.5520833333333	0
16.5555555555556	0
16.5590277777778	0
16.5625	0
16.5659722222222	0
16.5694444444444	0
16.5729166666667	0
16.5763888888889	0
16.5798611111111	0
16.5833333333333	0
16.5868055555556	0
16.5902777777778	0
16.59375	0
16.5972222222222	0
16.6006944444444	0
16.6041666666667	0
16.6076388888889	0
16.6111111111111	0
16.6145833333333	0
16.6180555555556	0
16.6215277777778	0
16.625	0
16.6284722222222	0
16.6319444444444	0
16.6354166666667	0
16.6388888888889	0
16.6423611111111	0
16.6458333333333	0
16.6493055555556	0
16.6527777777778	0
16.65625	0
16.6597222222222	0
16.6631944444444	0
16.6666666666667	0
16.6701388888889	0
16.6736111111111	0
16.6770833333333	0
16.6805555555556	0
16.6840277777778	0
16.6875	0
16.6909722222222	0
16.6944444444444	0
16.6979166666667	0
16.7013888888889	0
16.7048611111111	0
16.7083333333333	0
16.7118055555556	0
16.7152777777778	0
16.71875	0
16.7222222222222	0
16.7256944444444	0
16.7291666666667	0
16.7326388888889	0
16.7361111111111	0
16.7395833333333	0
16.7430555555556	0
16.7465277777778	0
16.75	0
16.7534722222222	0
16.7569444444444	0
16.7604166666667	0
16.7638888888889	0
16.7673611111111	0
16.7708333333333	0
16.7743055555556	0
16.7777777777778	0
16.78125	0
16.7847222222222	0
16.7881944444444	0
16.7916666666667	0
16.7951388888889	0
16.7986111111111	0
16.8020833333333	0
16.8055555555556	0
16.8090277777778	0
16.8125	0
16.8159722222222	0
16.8194444444444	0
16.8229166666667	0
16.8263888888889	0
16.8298611111111	0
16.8333333333333	0
16.8368055555556	0
16.8402777777778	0
16.84375	0
16.8472222222222	0
16.8506944444444	0
16.8541666666667	0
16.8576388888889	0
16.8611111111111	0
16.8645833333333	0
16.8680555555556	0
16.8715277777778	0
16.875	0
16.8784722222222	0
16.8819444444444	0
16.8854166666667	0
16.8888888888889	0
16.8923611111111	0
16.8958333333333	0
16.8993055555556	0
16.9027777777778	0
16.90625	0
16.9097222222222	0
16.9131944444444	0
16.9166666666667	0
16.9201388888889	0
16.9236111111111	0
16.9270833333333	0
16.9305555555556	0
16.9340277777778	0
16.9375	0
16.9409722222222	0
16.9444444444444	0
16.9479166666667	0
16.9513888888889	0
16.9548611111111	0
16.9583333333333	0
16.9618055555556	0
16.9652777777778	0
16.96875	0
16.9722222222222	0
16.9756944444444	0
16.9791666666667	0
16.9826388888889	0
16.9861111111111	0
16.9895833333333	0
16.9930555555556	0
16.9965277777778	0
17	0
17.0034722222222	0
17.0069444444444	0
17.0104166666667	0
17.0138888888889	0
17.0173611111111	0
17.0208333333333	0
17.0243055555556	0
17.0277777777778	0
17.03125	0
17.0347222222222	0
17.0381944444444	0
17.0416666666667	0
17.0451388888889	0
17.0486111111111	0
17.0520833333333	0
17.0555555555556	0
17.0590277777778	0
17.0625	0
17.0659722222222	0
17.0694444444444	0
17.0729166666667	0
17.0763888888889	0
17.0798611111111	0
17.0833333333333	0
17.0868055555556	0
17.0902777777778	0
17.09375	0
17.0972222222222	0
17.1006944444444	0
17.1041666666667	0
17.1076388888889	0
17.1111111111111	0
17.1145833333333	0
17.1180555555556	0
17.1215277777778	0
17.125	0
17.1284722222222	0
17.1319444444444	0
17.1354166666667	0
17.1388888888889	0
17.1423611111111	0
17.1458333333333	0
17.1493055555556	0
17.1527777777778	0
17.15625	0
17.1597222222222	0
17.1631944444444	0
17.1666666666667	0
17.1701388888889	0
17.1736111111111	0
17.1770833333333	0
17.1805555555556	0
17.1840277777778	0
17.1875	0
17.1909722222222	0
17.1944444444444	0
17.1979166666667	0
17.2013888888889	0
17.2048611111111	0
17.2083333333333	0
17.2118055555556	0
17.2152777777778	0
17.21875	0
17.2222222222222	0
17.2256944444444	0
17.2291666666667	0
17.2326388888889	0
17.2361111111111	0
17.2395833333333	0
17.2430555555556	0
17.2465277777778	0
17.25	0
17.2534722222222	0
17.2569444444444	0
17.2604166666667	0
17.2638888888889	0
17.2673611111111	0
17.2708333333333	0
17.2743055555556	0
17.2777777777778	0
17.28125	0
17.2847222222222	0
17.2881944444444	0
17.2916666666667	0
17.2951388888889	0
17.2986111111111	0
17.3020833333333	0
17.3055555555556	0
17.3090277777778	0
17.3125	0
17.3159722222222	0
17.3194444444444	0
17.3229166666667	0
17.3263888888889	0
17.3298611111111	0
17.3333333333333	0
17.3368055555556	0
17.3402777777778	0
17.34375	0
17.3472222222222	0
17.3506944444444	0
17.3541666666667	0
17.3576388888889	0
17.3611111111111	0
17.3645833333333	0
17.3680555555556	0
17.3715277777778	0
17.375	0
17.3784722222222	0
17.3819444444444	0
17.3854166666667	0
17.3888888888889	0
17.3923611111111	0
17.3958333333333	0
17.3993055555556	0
17.4027777777778	0
17.40625	0
17.4097222222222	0
17.4131944444444	0
17.4166666666667	0
17.4201388888889	0
17.4236111111111	0
17.4270833333333	0
17.4305555555556	0
17.4340277777778	0
17.4375	0
17.4409722222222	0
17.4444444444444	0
17.4479166666667	0
17.4513888888889	0
17.4548611111111	0
17.4583333333333	0
17.4618055555556	0
17.4652777777778	0
17.46875	0
17.4722222222222	0
17.4756944444444	0
17.4791666666667	0
17.4826388888889	0
17.4861111111111	0
17.4895833333333	0
17.4930555555556	0
17.4965277777778	0
17.5	0
17.5034722222222	0
17.5069444444444	0
17.5104166666667	0
17.5138888888889	0
17.5173611111111	0
17.5208333333333	0
17.5243055555556	0
17.5277777777778	0
17.53125	0
17.5347222222222	0
17.5381944444444	0
17.5416666666667	0
17.5451388888889	0
17.5486111111111	0
17.5520833333333	0
17.5555555555556	0
17.5590277777778	0
17.5625	0
17.5659722222222	0
17.5694444444444	0
17.5729166666667	0
17.5763888888889	0
17.5798611111111	0
17.5833333333333	0
17.5868055555556	0
17.5902777777778	0
17.59375	0
17.5972222222222	0
17.6006944444444	0
17.6041666666667	0
17.6076388888889	0
17.6111111111111	0
17.6145833333333	0
17.6180555555556	0
17.6215277777778	0
17.625	0
17.6284722222222	0
17.6319444444444	0
17.6354166666667	0
17.6388888888889	0
17.6423611111111	0
17.6458333333333	0
17.6493055555556	0
17.6527777777778	0
17.65625	0
17.6597222222222	0
17.6631944444444	0
17.6666666666667	0
17.6701388888889	0
17.6736111111111	0
17.6770833333333	0
17.6805555555556	0
17.6840277777778	0
17.6875	0
17.6909722222222	0
17.6944444444444	0
17.6979166666667	0
17.7013888888889	0
17.7048611111111	0
17.7083333333333	0
17.7118055555556	0
17.7152777777778	0
17.71875	0
17.7222222222222	0
17.7256944444444	0
17.7291666666667	0
17.7326388888889	0
17.7361111111111	0
17.7395833333333	0
17.7430555555556	0
17.7465277777778	0
17.75	0
17.7534722222222	0
17.7569444444444	0
17.7604166666667	0
17.7638888888889	0
17.7673611111111	0
17.7708333333333	0
17.7743055555556	0
17.7777777777778	0
17.78125	0
17.7847222222222	0
17.7881944444444	0
17.7916666666667	0
17.7951388888889	0
17.7986111111111	0
17.8020833333333	0
17.8055555555556	0
17.8090277777778	0
17.8125	0
17.8159722222222	0
17.8194444444444	0
17.8229166666667	0
17.8263888888889	0
17.8298611111111	0
17.8333333333333	0
17.8368055555556	0
17.8402777777778	0
17.84375	0
17.8472222222222	0
17.8506944444444	0
17.8541666666667	0
17.8576388888889	0
17.8611111111111	0
17.8645833333333	0
17.8680555555556	0
17.8715277777778	0
17.875	0
17.8784722222222	0
17.8819444444444	0
17.8854166666667	0
17.8888888888889	0
17.8923611111111	0
17.8958333333333	0
17.8993055555556	0
17.9027777777778	0
17.90625	0
17.9097222222222	0
17.9131944444444	0
17.9166666666667	0
17.9201388888889	0
17.9236111111111	0
17.9270833333333	0
17.9305555555556	0
17.9340277777778	0
17.9375	0
17.9409722222222	0
17.9444444444444	0
17.9479166666667	0
17.9513888888889	0
17.9548611111111	0
17.9583333333333	0
17.9618055555556	0
17.9652777777778	0
17.96875	0
17.9722222222222	0
17.9756944444444	0
17.9791666666667	0
17.9826388888889	0
17.9861111111111	0
17.9895833333333	0
17.9930555555556	0
17.9965277777778	0
18	0
18.0034722222222	0
18.0069444444444	0
18.0104166666667	0
18.0138888888889	0
18.0173611111111	0
18.0208333333333	0
18.0243055555556	0
18.0277777777778	0
18.03125	0
18.0347222222222	0
18.0381944444444	0
18.0416666666667	0
18.0451388888889	0
18.0486111111111	0
18.0520833333333	0
18.0555555555556	0
18.0590277777778	0
18.0625	0
18.0659722222222	0
18.0694444444444	0
18.0729166666667	0
18.0763888888889	0
18.0798611111111	0
18.0833333333333	0
18.0868055555556	0
18.0902777777778	0
18.09375	0
18.0972222222222	0
18.1006944444444	0
18.1041666666667	0
18.1076388888889	0
18.1111111111111	0
18.1145833333333	0
18.1180555555556	0
18.1215277777778	0
18.125	0
18.1284722222222	0
18.1319444444444	0
18.1354166666667	0
18.1388888888889	0
18.1423611111111	0
18.1458333333333	0
18.1493055555556	0
18.1527777777778	0
18.15625	0
18.1597222222222	0
18.1631944444444	0
18.1666666666667	0
18.1701388888889	0
18.1736111111111	0
18.1770833333333	0
18.1805555555556	0
18.1840277777778	0
18.1875	0
18.1909722222222	0
18.1944444444444	0
18.1979166666667	0
18.2013888888889	0
18.2048611111111	0
18.2083333333333	0
18.2118055555556	0
18.2152777777778	0
18.21875	0
18.2222222222222	0
18.2256944444444	0
18.2291666666667	0
18.2326388888889	0
18.2361111111111	0
18.2395833333333	0
18.2430555555556	0
18.2465277777778	0
18.25	0
18.2534722222222	0
18.2569444444444	0
18.2604166666667	0
18.2638888888889	0
18.2673611111111	0
18.2708333333333	0
18.2743055555556	0
18.2777777777778	0
18.28125	0
18.2847222222222	0
18.2881944444444	0
18.2916666666667	0
18.2951388888889	0
18.2986111111111	0
18.3020833333333	0
18.3055555555556	0
18.3090277777778	0
18.3125	0
18.3159722222222	0
18.3194444444444	0
18.3229166666667	0
18.3263888888889	0
18.3298611111111	0
18.3333333333333	0
18.3368055555556	0
18.3402777777778	0
18.34375	0
18.3472222222222	0
18.3506944444444	0
18.3541666666667	0
18.3576388888889	0
18.3611111111111	0
18.3645833333333	0
18.3680555555556	0
18.3715277777778	0
18.375	0
18.3784722222222	0
18.3819444444444	0
18.3854166666667	0
18.3888888888889	0
18.3923611111111	0
18.3958333333333	0
18.3993055555556	0
18.4027777777778	0
18.40625	0
18.4097222222222	0
18.4131944444444	0
18.4166666666667	0
18.4201388888889	0
18.4236111111111	0
18.4270833333333	0
18.4305555555556	0
18.4340277777778	0
18.4375	0
18.4409722222222	0
18.4444444444444	0
18.4479166666667	0
18.4513888888889	0
18.4548611111111	0
18.4583333333333	0
18.4618055555556	0
18.4652777777778	0
18.46875	0
18.4722222222222	0
18.4756944444444	0
18.4791666666667	0
18.4826388888889	0
18.4861111111111	0
18.4895833333333	0
18.4930555555556	0
18.4965277777778	0
18.5	0
18.5034722222222	0
18.5069444444444	0
18.5104166666667	0
18.5138888888889	0
18.5173611111111	0
18.5208333333333	0
18.5243055555556	0
18.5277777777778	0
18.53125	0
18.5347222222222	0
18.5381944444444	0
18.5416666666667	0
18.5451388888889	0
18.5486111111111	0
18.5520833333333	0
18.5555555555556	0
18.5590277777778	0
18.5625	0
18.5659722222222	0
18.5694444444444	0
18.5729166666667	0
18.5763888888889	0
18.5798611111111	0
18.5833333333333	0
18.5868055555556	0
18.5902777777778	0
18.59375	0
18.5972222222222	0
18.6006944444444	0
18.6041666666667	0
18.6076388888889	0
18.6111111111111	0
18.6145833333333	0
18.6180555555556	0
18.6215277777778	0
18.625	0
18.6284722222222	0
18.6319444444444	0
18.6354166666667	0
18.6388888888889	0
18.6423611111111	0
18.6458333333333	0
18.6493055555556	0
18.6527777777778	0
18.65625	0
18.6597222222222	0
18.6631944444444	0
18.6666666666667	0
18.6701388888889	0
18.6736111111111	0
18.6770833333333	0
18.6805555555556	0
18.6840277777778	0
18.6875	0
18.6909722222222	0
18.6944444444444	0
18.6979166666667	0
18.7013888888889	0
18.7048611111111	0
18.7083333333333	0
18.7118055555556	0
18.7152777777778	0
18.71875	0
18.7222222222222	0
18.7256944444444	0
18.7291666666667	0
18.7326388888889	0
18.7361111111111	0
18.7395833333333	0
18.7430555555556	0
18.7465277777778	0
18.75	0
18.7534722222222	0
18.7569444444444	0
18.7604166666667	0
18.7638888888889	0
18.7673611111111	0
18.7708333333333	0
18.7743055555556	0
18.7777777777778	0
18.78125	0
18.7847222222222	0
18.7881944444444	0
18.7916666666667	0
18.7951388888889	0
18.7986111111111	0
18.8020833333333	0
18.8055555555556	0
18.8090277777778	0
18.8125	0
18.8159722222222	0
18.8194444444444	0
18.8229166666667	0
18.8263888888889	0
18.8298611111111	0
18.8333333333333	0
18.8368055555556	0
18.8402777777778	0
18.84375	0
18.8472222222222	0
18.8506944444444	0
18.8541666666667	0
18.8576388888889	0
18.8611111111111	0
18.8645833333333	0
18.8680555555556	0
18.8715277777778	0
18.875	0
18.8784722222222	0
18.8819444444444	0
18.8854166666667	0
18.8888888888889	0
18.8923611111111	0
18.8958333333333	0
18.8993055555556	0
18.9027777777778	0
18.90625	0
18.9097222222222	0
18.9131944444444	0
18.9166666666667	0
18.9201388888889	0
18.9236111111111	0
18.9270833333333	0
18.9305555555556	0
18.9340277777778	0
18.9375	0
18.9409722222222	0
18.9444444444444	0
18.9479166666667	0
18.9513888888889	0
18.9548611111111	0
18.9583333333333	0
18.9618055555556	0
18.9652777777778	0
18.96875	0
18.9722222222222	0
18.9756944444444	0
18.9791666666667	0
18.9826388888889	0
18.9861111111111	0
18.9895833333333	0
18.9930555555556	0
18.9965277777778	0
19	0
19.0034722222222	0
19.0069444444444	0
19.0104166666667	0
19.0138888888889	0
19.0173611111111	0
19.0208333333333	0
19.0243055555556	0
19.0277777777778	0
19.03125	0
19.0347222222222	0
19.0381944444444	0
19.0416666666667	0
19.0451388888889	0
19.0486111111111	0
19.0520833333333	0
19.0555555555556	0
19.0590277777778	0
19.0625	0
19.0659722222222	0
19.0694444444444	0
19.0729166666667	0
19.0763888888889	0
19.0798611111111	0
19.0833333333333	0
19.0868055555556	0
19.0902777777778	0
19.09375	0
19.0972222222222	0
19.1006944444444	0
19.1041666666667	0
19.1076388888889	0
19.1111111111111	0
19.1145833333333	0
19.1180555555556	0
19.1215277777778	0
19.125	0
19.1284722222222	0
19.1319444444444	0
19.1354166666667	0
19.1388888888889	0
19.1423611111111	0
19.1458333333333	0
19.1493055555556	0
19.1527777777778	0
19.15625	0
19.1597222222222	0
19.1631944444444	0
19.1666666666667	0
19.1701388888889	0
19.1736111111111	0
19.1770833333333	0
19.1805555555556	0
19.1840277777778	0
19.1875	0
19.1909722222222	0
19.1944444444444	0
19.1979166666667	0
19.2013888888889	0
19.2048611111111	0
19.2083333333333	0
19.2118055555556	0
19.2152777777778	0
19.21875	0
19.2222222222222	0
19.2256944444444	0
19.2291666666667	0
19.2326388888889	0
19.2361111111111	0
19.2395833333333	0
19.2430555555556	0
19.2465277777778	0
19.25	0
19.2534722222222	0
19.2569444444444	0
19.2604166666667	0
19.2638888888889	0
19.2673611111111	0
19.2708333333333	0
19.2743055555556	0
19.2777777777778	0
19.28125	0
19.2847222222222	0
19.2881944444444	0
19.2916666666667	0
19.2951388888889	0
19.2986111111111	0
19.3020833333333	0
19.3055555555556	0
19.3090277777778	0
19.3125	0
19.3159722222222	0
19.3194444444444	0
19.3229166666667	0
19.3263888888889	0
19.3298611111111	0
19.3333333333333	0
19.3368055555556	0
19.3402777777778	0
19.34375	0
19.3472222222222	0
19.3506944444444	0
19.3541666666667	0
19.3576388888889	0
19.3611111111111	0
19.3645833333333	0
19.3680555555556	0
19.3715277777778	0
19.375	0
19.3784722222222	0
19.3819444444444	0
19.3854166666667	0
19.3888888888889	0
19.3923611111111	0
19.3958333333333	0
19.3993055555556	0
19.4027777777778	0
19.40625	0
19.4097222222222	0
19.4131944444444	0
19.4166666666667	0
19.4201388888889	0
19.4236111111111	0
19.4270833333333	0
19.4305555555556	0
19.4340277777778	0
19.4375	0
19.4409722222222	0
19.4444444444444	0
19.4479166666667	0
19.4513888888889	0
19.4548611111111	0
19.4583333333333	0
19.4618055555556	0
19.4652777777778	0
19.46875	0
19.4722222222222	0
19.4756944444444	0
19.4791666666667	0
19.4826388888889	0
19.4861111111111	0
19.4895833333333	0
19.4930555555556	0
19.4965277777778	0
19.5	0
19.5034722222222	0
19.5069444444444	0
19.5104166666667	0
19.5138888888889	0
19.5173611111111	0
19.5208333333333	0
19.5243055555556	0
19.5277777777778	0
19.53125	0
19.5347222222222	0
19.5381944444444	0
19.5416666666667	0
19.5451388888889	0
19.5486111111111	0
19.5520833333333	0
19.5555555555556	0
19.5590277777778	0
19.5625	0
19.5659722222222	0
19.5694444444444	0
19.5729166666667	0
19.5763888888889	0
19.5798611111111	0
19.5833333333333	0
19.5868055555556	0
19.5902777777778	0
19.59375	0
19.5972222222222	0
19.6006944444444	0
19.6041666666667	0
19.6076388888889	0
19.6111111111111	0
19.6145833333333	0
19.6180555555556	0
19.6215277777778	0
19.625	0
19.6284722222222	0
19.6319444444444	0
19.6354166666667	0
19.6388888888889	0
19.6423611111111	0
19.6458333333333	0
19.6493055555556	0
19.6527777777778	0
19.65625	0
19.6597222222222	0
19.6631944444444	0
19.6666666666667	0
19.6701388888889	0
19.6736111111111	0
19.6770833333333	0
19.6805555555556	0
19.6840277777778	0
19.6875	0
19.6909722222222	0
19.6944444444444	0
19.6979166666667	0
19.7013888888889	0
19.7048611111111	0
19.7083333333333	0
19.7118055555556	0
19.7152777777778	0
19.71875	0
19.7222222222222	0
19.7256944444444	0
19.7291666666667	0
19.7326388888889	0
19.7361111111111	0
19.7395833333333	0
19.7430555555556	0
19.7465277777778	0
19.75	0
19.7534722222222	0
19.7569444444444	0
19.7604166666667	0
19.7638888888889	0
19.7673611111111	0
19.7708333333333	0
19.7743055555556	0
19.7777777777778	0
19.78125	0
19.7847222222222	0
19.7881944444444	0
19.7916666666667	0
19.7951388888889	0
19.7986111111111	0
19.8020833333333	0
19.8055555555556	0
19.8090277777778	0
19.8125	0
19.8159722222222	0
19.8194444444444	0
19.8229166666667	0
19.8263888888889	0
19.8298611111111	0
19.8333333333333	0
19.8368055555556	0
19.8402777777778	0
19.84375	0
19.8472222222222	0
19.8506944444444	0
19.8541666666667	0
19.8576388888889	0
19.8611111111111	0
19.8645833333333	0
19.8680555555556	0
19.8715277777778	0
19.875	0
19.8784722222222	0
19.8819444444444	0
19.8854166666667	0
19.8888888888889	0
19.8923611111111	0
19.8958333333333	0
19.8993055555556	0
19.9027777777778	0
19.90625	0
19.9097222222222	0
19.9131944444444	0
19.9166666666667	0
19.9201388888889	0
19.9236111111111	0
19.9270833333333	0
19.9305555555556	0
19.9340277777778	0
19.9375	0
19.9409722222222	0
19.9444444444444	0
19.9479166666667	0
19.9513888888889	0
19.9548611111111	0
19.9583333333333	0
19.9618055555556	0
19.9652777777778	0
19.96875	0
19.9722222222222	0
19.9756944444444	0
19.9791666666667	0
19.9826388888889	0
19.9861111111111	0
19.9895833333333	0
19.9930555555556	0
19.9965277777778	0
20	0
20.0034722222222	0
20.0069444444444	0
20.0104166666667	0
20.0138888888889	0
20.0173611111111	0
20.0208333333333	0
20.0243055555556	0
20.0277777777778	0
20.03125	0
20.0347222222222	0
20.0381944444444	0
20.0416666666667	0
20.0451388888889	0
20.0486111111111	0
20.0520833333333	0
20.0555555555556	0
20.0590277777778	0
20.0625	0
20.0659722222222	0
20.0694444444444	0
20.0729166666667	0
20.0763888888889	0
20.0798611111111	0
20.0833333333333	0
20.0868055555556	0
20.0902777777778	0
20.09375	0
20.0972222222222	0
20.1006944444444	0
20.1041666666667	0
20.1076388888889	0
20.1111111111111	0
20.1145833333333	0
20.1180555555556	0
20.1215277777778	0
20.125	0
20.1284722222222	0
20.1319444444444	0
20.1354166666667	0
20.1388888888889	0
20.1423611111111	0
20.1458333333333	0
20.1493055555556	0
20.1527777777778	0
20.15625	0
20.1597222222222	0
20.1631944444444	0
20.1666666666667	0
20.1701388888889	0
20.1736111111111	0
20.1770833333333	0
20.1805555555556	0
20.1840277777778	0
20.1875	0
20.1909722222222	0
20.1944444444444	0
20.1979166666667	0
20.2013888888889	0
20.2048611111111	0
20.2083333333333	0
20.2118055555556	0
20.2152777777778	0
20.21875	0
20.2222222222222	0
20.2256944444444	0
20.2291666666667	0
20.2326388888889	0
20.2361111111111	0
20.2395833333333	0
20.2430555555556	0
20.2465277777778	0
20.25	0
20.2534722222222	0
20.2569444444444	0
20.2604166666667	0
20.2638888888889	0
20.2673611111111	0
20.2708333333333	0
20.2743055555556	0
20.2777777777778	0
20.28125	0
20.2847222222222	0
20.2881944444444	0
20.2916666666667	0
20.2951388888889	0
20.2986111111111	0
20.3020833333333	0
20.3055555555556	0
20.3090277777778	0
20.3125	0
20.3159722222222	0
20.3194444444444	0
20.3229166666667	0
20.3263888888889	0
20.3298611111111	0
20.3333333333333	0
20.3368055555556	0
20.3402777777778	0
20.34375	0
20.3472222222222	0
20.3506944444444	0
20.3541666666667	0
20.3576388888889	0
20.3611111111111	0
20.3645833333333	0
20.3680555555556	0
20.3715277777778	0
20.375	0
20.3784722222222	0
20.3819444444444	0
20.3854166666667	0
20.3888888888889	0
20.3923611111111	0
20.3958333333333	0
20.3993055555556	0
20.4027777777778	0
20.40625	0
20.4097222222222	0
20.4131944444444	0
20.4166666666667	0
20.4201388888889	0
20.4236111111111	0
20.4270833333333	0
20.4305555555556	0
20.4340277777778	0
20.4375	0
20.4409722222222	0
20.4444444444444	0
20.4479166666667	0
20.4513888888889	0
20.4548611111111	0
20.4583333333333	0
20.4618055555556	0
20.4652777777778	0
20.46875	0
20.4722222222222	0
20.4756944444444	0
20.4791666666667	0
20.4826388888889	0
20.4861111111111	0
20.4895833333333	0
20.4930555555556	0
20.4965277777778	0
20.5	0
20.5034722222222	0
20.5069444444444	0
20.5104166666667	0
20.5138888888889	0
20.5173611111111	0
20.5208333333333	0
20.5243055555556	0
20.5277777777778	0
20.53125	0
20.5347222222222	0
20.5381944444444	0
20.5416666666667	0
20.5451388888889	0
20.5486111111111	0
20.5520833333333	0
20.5555555555556	0
20.5590277777778	0
20.5625	0
20.5659722222222	0
20.5694444444444	0
20.5729166666667	0
20.5763888888889	0
20.5798611111111	0
20.5833333333333	0
20.5868055555556	0
20.5902777777778	0
20.59375	0
20.5972222222222	0
20.6006944444444	0
20.6041666666667	0
20.6076388888889	0
20.6111111111111	0
20.6145833333333	0
20.6180555555556	0
20.6215277777778	0
20.625	0
20.6284722222222	0
20.6319444444444	0
20.6354166666667	0
20.6388888888889	0
20.6423611111111	0
20.6458333333333	0
20.6493055555556	0
20.6527777777778	0
20.65625	0
20.6597222222222	0
20.6631944444444	0
20.6666666666667	0
20.6701388888889	0
20.6736111111111	0
20.6770833333333	0
20.6805555555556	0
20.6840277777778	0
20.6875	0
20.6909722222222	0
20.6944444444444	0
20.6979166666667	0
20.7013888888889	0
20.7048611111111	0
20.7083333333333	0
20.7118055555556	0
20.7152777777778	0
20.71875	0
20.7222222222222	0
20.7256944444444	0
20.7291666666667	0
20.7326388888889	0
20.7361111111111	0
20.7395833333333	0
20.7430555555556	0
20.7465277777778	0
20.75	0
20.7534722222222	0
20.7569444444444	0
20.7604166666667	0
20.7638888888889	0
20.7673611111111	0
20.7708333333333	0
20.7743055555556	0
20.7777777777778	0
20.78125	0
20.7847222222222	0
20.7881944444444	0
20.7916666666667	0
20.7951388888889	0
20.7986111111111	0
20.8020833333333	0
20.8055555555556	0
20.8090277777778	0
20.8125	0
20.8159722222222	0
20.8194444444444	0
20.8229166666667	0
20.8263888888889	0
20.8298611111111	0
20.8333333333333	0
20.8368055555556	0
20.8402777777778	0
20.84375	0
20.8472222222222	0
20.8506944444444	0
20.8541666666667	0
20.8576388888889	0
20.8611111111111	0
20.8645833333333	0
20.8680555555556	0
20.8715277777778	0
20.875	0
20.8784722222222	0
20.8819444444444	0
20.8854166666667	0
20.8888888888889	0
20.8923611111111	0
20.8958333333333	0
20.8993055555556	0
20.9027777777778	0
20.90625	0
20.9097222222222	0
20.9131944444444	0
20.9166666666667	0
20.9201388888889	0
20.9236111111111	0
20.9270833333333	0
20.9305555555556	0
20.9340277777778	0
20.9375	0
20.9409722222222	0
20.9444444444444	0
20.9479166666667	0
20.9513888888889	0
20.9548611111111	0
20.9583333333333	0
20.9618055555556	0
20.9652777777778	0
20.96875	0
20.9722222222222	0
20.9756944444444	0
20.9791666666667	0
20.9826388888889	0
20.9861111111111	0
20.9895833333333	0
20.9930555555556	0
20.9965277777778	0
21	0
21.0034722222222	0
21.0069444444444	0
21.0104166666667	0
21.0138888888889	0
21.0173611111111	0
21.0208333333333	0
21.0243055555556	0
21.0277777777778	0
21.03125	0
21.0347222222222	0
21.0381944444444	0
21.0416666666667	0
21.0451388888889	0
21.0486111111111	0
21.0520833333333	0
21.0555555555556	0
21.0590277777778	0
21.0625	0
21.0659722222222	0
21.0694444444444	0
21.0729166666667	0
21.0763888888889	0
21.0798611111111	0
21.0833333333333	0
21.0868055555556	0
21.0902777777778	0
21.09375	0
21.0972222222222	0
21.1006944444444	0
21.1041666666667	0
21.1076388888889	0
21.1111111111111	0
21.1145833333333	0
21.1180555555556	0
21.1215277777778	0
21.125	0
21.1284722222222	0
21.1319444444444	0
21.1354166666667	0
21.1388888888889	0
21.1423611111111	0
21.1458333333333	0
21.1493055555556	0
21.1527777777778	0
21.15625	0
21.1597222222222	0
21.1631944444444	0
21.1666666666667	0
21.1701388888889	0
21.1736111111111	0
21.1770833333333	0
21.1805555555556	0
21.1840277777778	0
21.1875	0
21.1909722222222	0
21.1944444444444	0
21.1979166666667	0
21.2013888888889	0
21.2048611111111	0
21.2083333333333	0
21.2118055555556	0
21.2152777777778	0
21.21875	0
21.2222222222222	0
21.2256944444444	0
21.2291666666667	0
21.2326388888889	0
21.2361111111111	0
21.2395833333333	0
21.2430555555556	0
21.2465277777778	0
21.25	0
21.2534722222222	0
21.2569444444444	0
21.2604166666667	0
21.2638888888889	0
21.2673611111111	0
21.2708333333333	0
21.2743055555556	0
21.2777777777778	0
21.28125	0
21.2847222222222	0
21.2881944444444	0
21.2916666666667	0
21.2951388888889	0
21.2986111111111	0
21.3020833333333	0
21.3055555555556	0
21.3090277777778	0
21.3125	0
21.3159722222222	0
21.3194444444444	0
21.3229166666667	0
21.3263888888889	0
21.3298611111111	0
21.3333333333333	0
21.3368055555556	0
21.3402777777778	0
21.34375	0
21.3472222222222	0
21.3506944444444	0
21.3541666666667	0
21.3576388888889	0
21.3611111111111	0
21.3645833333333	0
21.3680555555556	0
21.3715277777778	0
21.375	0
21.3784722222222	0
21.3819444444444	0
21.3854166666667	0
21.3888888888889	0
21.3923611111111	0
21.3958333333333	0
21.3993055555556	0
21.4027777777778	0
21.40625	0
21.4097222222222	0
21.4131944444444	0
21.4166666666667	0
21.4201388888889	0
21.4236111111111	0
21.4270833333333	0
21.4305555555556	0
21.4340277777778	0
21.4375	0
21.4409722222222	0
21.4444444444444	0
21.4479166666667	0
21.4513888888889	0
21.4548611111111	0
21.4583333333333	0
21.4618055555556	0
21.4652777777778	0
21.46875	0
21.4722222222222	0
21.4756944444444	0
21.4791666666667	0
21.4826388888889	0
21.4861111111111	0
21.4895833333333	0
21.4930555555556	0
21.4965277777778	0.2
21.5	0.2
21.5034722222222	0.2
21.5069444444444	0.4
21.5104166666667	0.2
21.5138888888889	0.4
21.5173611111111	0.2
21.5208333333333	0.2
21.5243055555556	0.4
21.5277777777778	0.4
21.53125	0.6
21.5347222222222	0.4
21.5381944444444	0.6
21.5416666666667	0.6
21.5451388888889	0.6
21.5486111111111	0.6
21.5520833333333	0.4
21.5555555555556	0.2
21.5590277777778	0.4
21.5625	0
21.5659722222222	0
21.5694444444444	0.2
21.5729166666667	0
21.5763888888889	0
21.5798611111111	0
21.5833333333333	0
21.5868055555556	0.2
21.5902777777778	0
21.59375	0.2
21.5972222222222	0.2
21.6006944444444	0.2
21.6041666666667	0.2
21.6076388888889	0
21.6111111111111	0
21.6145833333333	0.2
21.6180555555556	0
21.6215277777778	0
21.625	0
21.6284722222222	0
21.6319444444444	0.2
21.6354166666667	0
21.6388888888889	0.2
21.6423611111111	0
21.6458333333333	0
21.6493055555556	0
21.6527777777778	0
21.65625	0
21.6597222222222	0
21.6631944444444	0
21.6666666666667	0
21.6701388888889	0
21.6736111111111	0
21.6770833333333	0
21.6805555555556	0
21.6840277777778	0.2
21.6875	0
21.6909722222222	0.2
21.6944444444444	0
21.6979166666667	0.2
21.7013888888889	0.6
21.7048611111111	1
21.7083333333333	0.4
21.7118055555556	0.8
21.7152777777778	1.2
21.71875	1
21.7222222222222	0.8
21.7256944444444	0.6
21.7291666666667	0.4
21.7326388888889	0
21.7361111111111	0
21.7395833333333	0
21.7430555555556	0
21.7465277777778	0
21.75	0
21.7534722222222	0.2
21.7569444444444	0
21.7604166666667	0
21.7638888888889	0
21.7673611111111	0
21.7708333333333	0.2
21.7743055555556	0.2
21.7777777777778	0
21.78125	0
21.7847222222222	0
21.7881944444444	0.2
21.7916666666667	0
21.7951388888889	0
21.7986111111111	0
21.8020833333333	0
21.8055555555556	0
21.8090277777778	0
21.8125	0
21.8159722222222	0
21.8194444444444	0
21.8229166666667	0
21.8263888888889	0
21.8298611111111	0
21.8333333333333	0
21.8368055555556	0
21.8402777777778	0
21.84375	0
21.8472222222222	0
21.8506944444444	0
21.8541666666667	0
21.8576388888889	0
21.8611111111111	0
21.8645833333333	0
21.8680555555556	0
21.8715277777778	0
21.875	0
21.8784722222222	0
21.8819444444444	0
21.8854166666667	0
21.8888888888889	0
21.8923611111111	0
21.8958333333333	0
21.8993055555556	0
21.9027777777778	0
21.90625	0
21.9097222222222	0
21.9131944444444	0
21.9166666666667	0
21.9201388888889	0
21.9236111111111	0
21.9270833333333	0.2
21.9305555555556	0
21.9340277777778	0
21.9375	0
21.9409722222222	0
21.9444444444444	0
21.9479166666667	0
21.9513888888889	0
21.9548611111111	0
21.9583333333333	0
21.9618055555556	0
21.9652777777778	0
21.96875	0
21.9722222222222	0
21.9756944444444	0
21.9791666666667	0
21.9826388888889	0
21.9861111111111	0
21.9895833333333	0
21.9930555555556	0
21.9965277777778	0
22	0
22.0034722222222	0.4
22.0069444444444	0.2
22.0104166666667	0.2
22.0138888888889	0
22.0173611111111	0
22.0208333333333	0
22.0243055555556	0
22.0277777777778	0
22.03125	0
22.0347222222222	0
22.0381944444444	0
22.0416666666667	0
22.0451388888889	0
22.0486111111111	0
22.0520833333333	0
22.0555555555556	0
22.0590277777778	0
22.0625	0
22.0659722222222	0
22.0694444444444	0
22.0729166666667	0
22.0763888888889	0
22.0798611111111	0
22.0833333333333	0
22.0868055555556	0
22.0902777777778	0
22.09375	0
22.0972222222222	0
22.1006944444444	0
22.1041666666667	0
22.1076388888889	0
22.1111111111111	0
22.1145833333333	0
22.1180555555556	0
22.1215277777778	0
22.125	0
22.1284722222222	0
22.1319444444444	0
22.1354166666667	0
22.1388888888889	0
22.1423611111111	0
22.1458333333333	0
22.1493055555556	0
22.1527777777778	0
22.15625	0
22.1597222222222	0
22.1631944444444	0
22.1666666666667	0
22.1701388888889	0
22.1736111111111	0
22.1770833333333	0
22.1805555555556	0
22.1840277777778	0
22.1875	0
22.1909722222222	0
22.1944444444444	0
22.1979166666667	0
22.2013888888889	0
22.2048611111111	0
22.2083333333333	0
22.2118055555556	0
22.2152777777778	0
22.21875	0
22.2222222222222	0
22.2256944444444	0
22.2291666666667	0
22.2326388888889	0
22.2361111111111	0
22.2395833333333	0
22.2430555555556	0
22.2465277777778	0
22.25	0
22.2534722222222	0
22.2569444444444	0
22.2604166666667	0
22.2638888888889	0
22.2673611111111	0
22.2708333333333	0
22.2743055555556	0
22.2777777777778	0
22.28125	0
22.2847222222222	0
22.2881944444444	0
22.2916666666667	0
22.2951388888889	0
22.2986111111111	0
22.3020833333333	0
22.3055555555556	0
22.3090277777778	0
22.3125	0
22.3159722222222	0
22.3194444444444	0
22.3229166666667	0
22.3263888888889	0
22.3298611111111	0
22.3333333333333	0
22.3368055555556	0
22.3402777777778	0
22.34375	0
22.3472222222222	0
22.3506944444444	0
22.3541666666667	0
22.3576388888889	0
22.3611111111111	0
22.3645833333333	0
22.3680555555556	0
22.3715277777778	0
22.375	0
22.3784722222222	0
22.3819444444444	0
22.3854166666667	0
22.3888888888889	0
22.3923611111111	0
22.3958333333333	0
22.3993055555556	0
22.4027777777778	0
22.40625	0
22.4097222222222	0
22.4131944444444	0
22.4166666666667	0
22.4201388888889	0
22.4236111111111	0
22.4270833333333	0
22.4305555555556	0
22.4340277777778	0
22.4375	0
22.4409722222222	0
22.4444444444444	0
22.4479166666667	0
22.4513888888889	0
22.4548611111111	0
22.4583333333333	0
22.4618055555556	0
22.4652777777778	0
22.46875	0
22.4722222222222	0
22.4756944444444	0
22.4791666666667	0
22.4826388888889	0
22.4861111111111	0
22.4895833333333	0
22.4930555555556	0
22.4965277777778	0
22.5	0
22.5034722222222	0
22.5069444444444	0.2
22.5104166666667	0
22.5138888888889	0
22.5173611111111	0
22.5208333333333	0
22.5243055555556	0.4
22.5277777777778	0.6
22.53125	0.2
22.5347222222222	0.2
22.5381944444444	0
22.5416666666667	0
22.5451388888889	0
22.5486111111111	0
22.5520833333333	0
22.5555555555556	0
22.5590277777778	0
22.5625	0
22.5659722222222	0
22.5694444444444	0
22.5729166666667	0
22.5763888888889	0
22.5798611111111	0
22.5833333333333	0
22.5868055555556	0
22.5902777777778	0
22.59375	0
22.5972222222222	0
22.6006944444444	0
22.6041666666667	0
22.6076388888889	0
22.6111111111111	0
22.6145833333333	0
22.6180555555556	0
22.6215277777778	0
22.625	0
22.6284722222222	0
22.6319444444444	0
22.6354166666667	0
22.6388888888889	0
22.6423611111111	0
22.6458333333333	0
22.6493055555556	0
22.6527777777778	0
22.65625	0
22.6597222222222	0
22.6631944444444	0
22.6666666666667	0
22.6701388888889	0
22.6736111111111	0
22.6770833333333	0
22.6805555555556	0
22.6840277777778	0
22.6875	0
22.6909722222222	0
22.6944444444444	0
22.6979166666667	0
22.7013888888889	0
22.7048611111111	0
22.7083333333333	0
22.7118055555556	0
22.7152777777778	0
22.71875	0
22.7222222222222	0
22.7256944444444	0
22.7291666666667	0
22.7326388888889	0
22.7361111111111	0
22.7395833333333	0
22.7430555555556	0
22.7465277777778	0
22.75	0
22.7534722222222	0
22.7569444444444	0
22.7604166666667	0
22.7638888888889	0
22.7673611111111	0
22.7708333333333	0
22.7743055555556	0
22.7777777777778	0
22.78125	0
22.7847222222222	0
22.7881944444444	0
22.7916666666667	0
22.7951388888889	0
22.7986111111111	0
22.8020833333333	0
22.8055555555556	0
22.8090277777778	0
22.8125	0
22.8159722222222	0
22.8194444444444	0
22.8229166666667	0
22.8263888888889	0
22.8298611111111	0
22.8333333333333	0
22.8368055555556	0
22.8402777777778	0
22.84375	0
22.8472222222222	0
22.8506944444444	0
22.8541666666667	0.2
22.8576388888889	0.2
22.8611111111111	0
22.8645833333333	0
22.8680555555556	0
22.8715277777778	0
22.875	0
22.8784722222222	0
22.8819444444444	0
22.8854166666667	0
22.8888888888889	0
22.8923611111111	0
22.8958333333333	0
22.8993055555556	0
22.9027777777778	0
22.90625	0
22.9097222222222	0
22.9131944444444	0
22.9166666666667	0
22.9201388888889	0
22.9236111111111	0
22.9270833333333	0
22.9305555555556	0
22.9340277777778	0
22.9375	0
22.9409722222222	0
22.9444444444444	0
22.9479166666667	0
22.9513888888889	0
22.9548611111111	0
22.9583333333333	0.2
22.9618055555556	0
22.9652777777778	0
22.96875	0
22.9722222222222	0
22.9756944444444	0
22.9791666666667	0
22.9826388888889	0
22.9861111111111	0
22.9895833333333	0
22.9930555555556	0
22.9965277777778	0
23	0
23.0034722222222	0
23.0069444444444	0
23.0104166666667	0
23.0138888888889	0
23.0173611111111	0
23.0208333333333	0
23.0243055555556	0
23.0277777777778	0.2
23.03125	0
23.0347222222222	0
23.0381944444444	0
23.0416666666667	0
23.0451388888889	0
23.0486111111111	0
23.0520833333333	0
23.0555555555556	0
23.0590277777778	0
23.0625	0
23.0659722222222	0
23.0694444444444	0
23.0729166666667	0
23.0763888888889	0
23.0798611111111	0
23.0833333333333	0
23.0868055555556	0
23.0902777777778	0
23.09375	0
23.0972222222222	0
23.1006944444444	0
23.1041666666667	0
23.1076388888889	0
23.1111111111111	0
23.1145833333333	0
23.1180555555556	0
23.1215277777778	0
23.125	0
23.1284722222222	0
23.1319444444444	0
23.1354166666667	0
23.1388888888889	0
23.1423611111111	0
23.1458333333333	0
23.1493055555556	0
23.1527777777778	0
23.15625	0
23.1597222222222	0
23.1631944444444	0
23.1666666666667	0
23.1701388888889	0
23.1736111111111	0
23.1770833333333	0
23.1805555555556	0
23.1840277777778	0
23.1875	0
23.1909722222222	0
23.1944444444444	0
23.1979166666667	0
23.2013888888889	0
23.2048611111111	0
23.2083333333333	0
23.2118055555556	0
23.2152777777778	0
23.21875	0
23.2222222222222	0
23.2256944444444	0
23.2291666666667	0
23.2326388888889	0
23.2361111111111	0
23.2395833333333	0
23.2430555555556	0
23.2465277777778	0
23.25	0
23.2534722222222	0
23.2569444444444	0
23.2604166666667	0
23.2638888888889	0
23.2673611111111	0
23.2708333333333	0
23.2743055555556	0
23.2777777777778	0
23.28125	0
23.2847222222222	0
23.2881944444444	0
23.2916666666667	0
23.2951388888889	0
23.2986111111111	0
23.3020833333333	0
23.3055555555556	0
23.3090277777778	0
23.3125	0
23.3159722222222	0
23.3194444444444	0
23.3229166666667	0.2
23.3263888888889	0
23.3298611111111	0
23.3333333333333	0
23.3368055555556	0
23.3402777777778	0
23.34375	0
23.3472222222222	0
23.3506944444444	0
23.3541666666667	0
23.3576388888889	0
23.3611111111111	0
23.3645833333333	0
23.3680555555556	0
23.3715277777778	0
23.375	0
23.3784722222222	0
23.3819444444444	0
23.3854166666667	0
23.3888888888889	0
23.3923611111111	0
23.3958333333333	0
23.3993055555556	0
23.4027777777778	0
23.40625	0
23.4097222222222	0
23.4131944444444	0
23.4166666666667	0
23.4201388888889	0
23.4236111111111	0
23.4270833333333	0
23.4305555555556	0
23.4340277777778	0
23.4375	0
23.4409722222222	0
23.4444444444444	0
23.4479166666667	0
23.4513888888889	0
23.4548611111111	0
23.4583333333333	0
23.4618055555556	0
23.4652777777778	0
23.46875	0
23.4722222222222	0
23.4756944444444	0
23.4791666666667	0
23.4826388888889	0
23.4861111111111	0
23.4895833333333	0
23.4930555555556	0
23.4965277777778	0
23.5	0
23.5034722222222	0
23.5069444444444	0
23.5104166666667	0
23.5138888888889	0
23.5173611111111	0
23.5208333333333	0
23.5243055555556	0
23.5277777777778	0
23.53125	0
23.5347222222222	0
23.5381944444444	0
23.5416666666667	0
23.5451388888889	0
23.5486111111111	0
23.5520833333333	0
23.5555555555556	0
23.5590277777778	0
23.5625	0
23.5659722222222	0
23.5694444444444	0
23.5729166666667	0
23.5763888888889	0
23.5798611111111	0
23.5833333333333	0
23.5868055555556	0
23.5902777777778	0
23.59375	0
23.5972222222222	0
23.6006944444444	0
23.6041666666667	0
23.6076388888889	0
23.6111111111111	0
23.6145833333333	0
23.6180555555556	0
23.6215277777778	0
23.625	0
23.6284722222222	0
23.6319444444444	0
23.6354166666667	0
23.6388888888889	0
23.6423611111111	0
23.6458333333333	0
23.6493055555556	0
23.6527777777778	0
23.65625	0
23.6597222222222	0
23.6631944444444	0
23.6666666666667	0
23.6701388888889	0
23.6736111111111	0
23.6770833333333	0
23.6805555555556	0
23.6840277777778	0
23.6875	0
23.6909722222222	0
23.6944444444444	0
23.6979166666667	0
23.7013888888889	0
23.7048611111111	0
23.7083333333333	0
23.7118055555556	0
23.7152777777778	0
23.71875	0
23.7222222222222	0
23.7256944444444	0
23.7291666666667	0
23.7326388888889	0
23.7361111111111	0
23.7395833333333	0
23.7430555555556	0
23.7465277777778	0
23.75	0
23.7534722222222	0
23.7569444444444	0
23.7604166666667	0
23.7638888888889	0
23.7673611111111	0
23.7708333333333	0
23.7743055555556	0
23.7777777777778	0
23.78125	0
23.7847222222222	0
23.7881944444444	0
23.7916666666667	0
23.7951388888889	0
23.7986111111111	0
23.8020833333333	0
23.8055555555556	0
23.8090277777778	0
23.8125	0
23.8159722222222	0
23.8194444444444	0
23.8229166666667	0
23.8263888888889	0
23.8298611111111	0
23.8333333333333	0
23.8368055555556	0
23.8402777777778	0
23.84375	0
23.8472222222222	0
23.8506944444444	0
23.8541666666667	0
23.8576388888889	0
23.8611111111111	0
23.8645833333333	0
23.8680555555556	0
23.8715277777778	0
23.875	0
23.8784722222222	0
23.8819444444444	0
23.8854166666667	0
23.8888888888889	0
23.8923611111111	0
23.8958333333333	0
23.8993055555556	0
23.9027777777778	0
23.90625	0
23.9097222222222	0
23.9131944444444	0
23.9166666666667	0
23.9201388888889	0
23.9236111111111	0
23.9270833333333	0
23.9305555555556	0
23.9340277777778	0
23.9375	0
23.9409722222222	0
23.9444444444444	0
23.9479166666667	0
23.9513888888889	0
23.9548611111111	0
23.9583333333333	0
23.9618055555556	0
23.9652777777778	0
23.96875	0
23.9722222222222	0
23.9756944444444	0
23.9791666666667	0
23.9826388888889	0
23.9861111111111	0
23.9895833333333	0
23.9930555555556	0
23.9965277777778	0
24	0
24.0034722222222	0
24.0069444444444	0
24.0104166666667	0
24.0138888888889	0
24.0173611111111	0
24.0208333333333	0
24.0243055555556	0
24.0277777777778	0
24.03125	0
24.0347222222222	0
24.0381944444444	0
24.0416666666667	0
24.0451388888889	0
24.0486111111111	0
24.0520833333333	0
24.0555555555556	0
24.0590277777778	0
24.0625	0
24.0659722222222	0
24.0694444444444	0
24.0729166666667	0
24.0763888888889	0
24.0798611111111	0
24.0833333333333	0
24.0868055555556	0
24.0902777777778	0
24.09375	0
24.0972222222222	0
24.1006944444444	0
24.1041666666667	0
24.1076388888889	0
24.1111111111111	0
24.1145833333333	0
24.1180555555556	0
24.1215277777778	0
24.125	0
24.1284722222222	0
24.1319444444444	0
24.1354166666667	0
24.1388888888889	0
24.1423611111111	0
24.1458333333333	0
24.1493055555556	0
24.1527777777778	0
24.15625	0
24.1597222222222	0
24.1631944444444	0
24.1666666666667	0
24.1701388888889	0
24.1736111111111	0
24.1770833333333	0
24.1805555555556	0
24.1840277777778	0
24.1875	0
24.1909722222222	0
24.1944444444444	0
24.1979166666667	0
24.2013888888889	0
24.2048611111111	0
24.2083333333333	0
24.2118055555556	0
24.2152777777778	0
24.21875	0
24.2222222222222	0
24.2256944444444	0
24.2291666666667	0
24.2326388888889	0
24.2361111111111	0
24.2395833333333	0
24.2430555555556	0
24.2465277777778	0
24.25	0
24.2534722222222	0
24.2569444444444	0
24.2604166666667	0
24.2638888888889	0
24.2673611111111	0
24.2708333333333	0
24.2743055555556	0
24.2777777777778	0
24.28125	0
24.2847222222222	0
24.2881944444444	0
24.2916666666667	0
24.2951388888889	0
24.2986111111111	0
24.3020833333333	0
24.3055555555556	0
24.3090277777778	0
24.3125	0
24.3159722222222	0
24.3194444444444	0
24.3229166666667	0
24.3263888888889	0
24.3298611111111	0
24.3333333333333	0.2
24.3368055555556	0
24.3402777777778	0
24.34375	0
24.3472222222222	0
24.3506944444444	0
24.3541666666667	0.2
24.3576388888889	0
24.3611111111111	0
24.3645833333333	0
24.3680555555556	0
24.3715277777778	0
24.375	0
24.3784722222222	0
24.3819444444444	0
24.3854166666667	0.2
24.3888888888889	0
24.3923611111111	0
24.3958333333333	0
24.3993055555556	0
24.4027777777778	0
24.40625	0
24.4097222222222	0.2
24.4131944444444	0
24.4166666666667	0
24.4201388888889	0
24.4236111111111	0.2
24.4270833333333	0
24.4305555555556	0
24.4340277777778	0
24.4375	0
24.4409722222222	0
24.4444444444444	0
24.4479166666667	0.2
24.4513888888889	0
24.4548611111111	0
24.4583333333333	0.2
24.4618055555556	0.2
24.4652777777778	0.2
24.46875	0.2
24.4722222222222	0.2
24.4756944444444	0
24.4791666666667	0
24.4826388888889	0
24.4861111111111	0.2
24.4895833333333	0.4
24.4930555555556	0
24.4965277777778	0
24.5	0
24.5034722222222	0
24.5069444444444	0
24.5104166666667	0
24.5138888888889	0.2
24.5173611111111	0
24.5208333333333	0
24.5243055555556	0.2
24.5277777777778	0.2
24.53125	0
24.5347222222222	0.2
24.5381944444444	0.4
24.5416666666667	0.2
24.5451388888889	0
24.5486111111111	0
24.5520833333333	0
24.5555555555556	0
24.5590277777778	0
24.5625	0
24.5659722222222	0
24.5694444444444	0
24.5729166666667	0
24.5763888888889	0
24.5798611111111	0
24.5833333333333	0
24.5868055555556	0
24.5902777777778	0
24.59375	0
24.5972222222222	0
24.6006944444444	0.2
24.6041666666667	0
24.6076388888889	0
24.6111111111111	0
24.6145833333333	0
24.6180555555556	0
24.6215277777778	0
24.625	0
24.6284722222222	0
24.6319444444444	0
24.6354166666667	0
24.6388888888889	0
24.6423611111111	0
24.6458333333333	0
24.6493055555556	0
24.6527777777778	0
24.65625	0
24.6597222222222	0
24.6631944444444	0
24.6666666666667	0
24.6701388888889	0
24.6736111111111	0
24.6770833333333	0
24.6805555555556	0
24.6840277777778	0
24.6875	0
24.6909722222222	0
24.6944444444444	0
24.6979166666667	0
24.7013888888889	0
24.7048611111111	0
24.7083333333333	0
24.7118055555556	0
24.7152777777778	0
24.71875	0
24.7222222222222	0
24.7256944444444	0
24.7291666666667	0
24.7326388888889	0
24.7361111111111	0
24.7395833333333	0
24.7430555555556	0
24.7465277777778	0
24.75	0
24.7534722222222	0
24.7569444444444	0
24.7604166666667	0
24.7638888888889	0
24.7673611111111	0
24.7708333333333	0
24.7743055555556	0
24.7777777777778	0
24.78125	0
24.7847222222222	0
24.7881944444444	0
24.7916666666667	0
24.7951388888889	0
24.7986111111111	0
24.8020833333333	0
24.8055555555556	0
24.8090277777778	0
24.8125	0
24.8159722222222	0
24.8194444444444	0
24.8229166666667	0
24.8263888888889	0
24.8298611111111	0
24.8333333333333	0
24.8368055555556	0
24.8402777777778	0
24.84375	0
24.8472222222222	0.2
24.8506944444444	0.2
24.8541666666667	0
24.8576388888889	0
24.8611111111111	0
24.8645833333333	0
24.8680555555556	0
24.8715277777778	0
24.875	0
24.8784722222222	0
24.8819444444444	0
24.8854166666667	0
24.8888888888889	0
24.8923611111111	0
24.8958333333333	0
24.8993055555556	0
24.9027777777778	0
24.90625	0
24.9097222222222	0
24.9131944444444	0
24.9166666666667	0
24.9201388888889	0
24.9236111111111	0
24.9270833333333	0
24.9305555555556	0
24.9340277777778	0
24.9375	0
24.9409722222222	0
24.9444444444444	0
24.9479166666667	0
24.9513888888889	0
24.9548611111111	0
24.9583333333333	0
24.9618055555556	0
24.9652777777778	0
24.96875	0
24.9722222222222	0
24.9756944444444	0
24.9791666666667	0
24.9826388888889	0
24.9861111111111	0
24.9895833333333	0
24.9930555555556	0
24.9965277777778	0
25	0
25.0034722222222	0
25.0069444444444	0
25.0104166666667	0
25.0138888888889	0
25.0173611111111	0
25.0208333333333	0
25.0243055555556	0
25.0277777777778	0
25.03125	0
25.0347222222222	0
25.0381944444444	0
25.0416666666667	0
25.0451388888889	0
25.0486111111111	0
25.0520833333333	0
25.0555555555556	0
25.0590277777778	0
25.0625	0
25.0659722222222	0
25.0694444444444	0
25.0729166666667	0
25.0763888888889	0
25.0798611111111	0
25.0833333333333	0
25.0868055555556	0
25.0902777777778	0
25.09375	0
25.0972222222222	0
25.1006944444444	0
25.1041666666667	0
25.1076388888889	0
25.1111111111111	0
25.1145833333333	0
25.1180555555556	0
25.1215277777778	0
25.125	0
25.1284722222222	0
25.1319444444444	0
25.1354166666667	0
25.1388888888889	0
25.1423611111111	0
25.1458333333333	0
25.1493055555556	0
25.1527777777778	0
25.15625	0
25.1597222222222	0
25.1631944444444	0
25.1666666666667	0
25.1701388888889	0
25.1736111111111	0
25.1770833333333	0
25.1805555555556	0
25.1840277777778	0
25.1875	0
25.1909722222222	0
25.1944444444444	0
25.1979166666667	0
25.2013888888889	0
25.2048611111111	0
25.2083333333333	0
25.2118055555556	0
25.2152777777778	0
25.21875	0
25.2222222222222	0
25.2256944444444	0
25.2291666666667	0
25.2326388888889	0
25.2361111111111	0
25.2395833333333	0
25.2430555555556	0
25.2465277777778	0.2
25.25	0.2
25.2534722222222	0
25.2569444444444	0
25.2604166666667	0
25.2638888888889	0
25.2673611111111	0
25.2708333333333	0
25.2743055555556	0
25.2777777777778	0
25.28125	0
25.2847222222222	0
25.2881944444444	0
25.2916666666667	0
25.2951388888889	0
25.2986111111111	0
25.3020833333333	0
25.3055555555556	0
25.3090277777778	0
25.3125	0
25.3159722222222	0
25.3194444444444	0
25.3229166666667	0
25.3263888888889	0
25.3298611111111	0
25.3333333333333	0
25.3368055555556	0
25.3402777777778	0
25.34375	0
25.3472222222222	0
25.3506944444444	0
25.3541666666667	0
25.3576388888889	0
25.3611111111111	0
25.3645833333333	0
25.3680555555556	0
25.3715277777778	0
25.375	0
25.3784722222222	0
25.3819444444444	0
25.3854166666667	0
25.3888888888889	0
25.3923611111111	0
25.3958333333333	0
25.3993055555556	0
25.4027777777778	0
25.40625	0
25.4097222222222	0
25.4131944444444	0
25.4166666666667	0
25.4201388888889	0
25.4236111111111	0
25.4270833333333	0
25.4305555555556	0
25.4340277777778	0
25.4375	0
25.4409722222222	0
25.4444444444444	0
25.4479166666667	0
25.4513888888889	0
25.4548611111111	0
25.4583333333333	0
25.4618055555556	0
25.4652777777778	0
25.46875	0
25.4722222222222	0
25.4756944444444	0
25.4791666666667	0
25.4826388888889	0
25.4861111111111	0
25.4895833333333	0
25.4930555555556	0
25.4965277777778	0
25.5	0
25.5034722222222	0
25.5069444444444	0
25.5104166666667	0
25.5138888888889	0
25.5173611111111	0
25.5208333333333	0
25.5243055555556	0
25.5277777777778	0
25.53125	0
25.5347222222222	0
25.5381944444444	0
25.5416666666667	0
25.5451388888889	0
25.5486111111111	0
25.5520833333333	0
25.5555555555556	0
25.5590277777778	0
25.5625	0
25.5659722222222	0
25.5694444444444	0
25.5729166666667	0
25.5763888888889	0
25.5798611111111	0
25.5833333333333	0
25.5868055555556	0
25.5902777777778	0
25.59375	0
25.5972222222222	0
25.6006944444444	0
25.6041666666667	0
25.6076388888889	0
25.6111111111111	0
25.6145833333333	0
25.6180555555556	0
25.6215277777778	0
25.625	0
25.6284722222222	0
25.6319444444444	0
25.6354166666667	0
25.6388888888889	0
25.6423611111111	0
25.6458333333333	0
25.6493055555556	0
25.6527777777778	0
25.65625	0
25.6597222222222	0
25.6631944444444	0
25.6666666666667	0
25.6701388888889	0
25.6736111111111	0
25.6770833333333	0
25.6805555555556	0
25.6840277777778	0
25.6875	0
25.6909722222222	0
25.6944444444444	0
25.6979166666667	0
25.7013888888889	0
25.7048611111111	0
25.7083333333333	0
25.7118055555556	0
25.7152777777778	0
25.71875	0
25.7222222222222	0
25.7256944444444	0
25.7291666666667	0
25.7326388888889	0
25.7361111111111	0
25.7395833333333	0
25.7430555555556	0
25.7465277777778	0
25.75	0
25.7534722222222	0
25.7569444444444	0
25.7604166666667	0
25.7638888888889	0
25.7673611111111	0
25.7708333333333	0
25.7743055555556	0
25.7777777777778	0
25.78125	0
25.7847222222222	0
25.7881944444444	0
25.7916666666667	0
25.7951388888889	0
25.7986111111111	0
25.8020833333333	0
25.8055555555556	0
25.8090277777778	0
25.8125	0
25.8159722222222	0
25.8194444444444	0
25.8229166666667	0
25.8263888888889	0
25.8298611111111	0
25.8333333333333	0
25.8368055555556	0
25.8402777777778	0
25.84375	0
25.8472222222222	0
25.8506944444444	0
25.8541666666667	0
25.8576388888889	0
25.8611111111111	0
25.8645833333333	0
25.8680555555556	0
25.8715277777778	0
25.875	0
25.8784722222222	0
25.8819444444444	0
25.8854166666667	0
25.8888888888889	0
25.8923611111111	0
25.8958333333333	0
25.8993055555556	0
25.9027777777778	0
25.90625	0.2
25.9097222222222	0.2
25.9131944444444	0.4
25.9166666666667	0.4
25.9201388888889	0.2
25.9236111111111	0
25.9270833333333	0.2
25.9305555555556	0
25.9340277777778	0
25.9375	0
25.9409722222222	0
25.9444444444444	0
25.9479166666667	0
25.9513888888889	0
25.9548611111111	0
25.9583333333333	0.4
25.9618055555556	0.2
25.9652777777778	0
25.96875	0
25.9722222222222	0.2
25.9756944444444	0
25.9791666666667	0
25.9826388888889	0
25.9861111111111	0
25.9895833333333	0
25.9930555555556	0
25.9965277777778	0
26	0
26.0034722222222	0
26.0069444444444	0
26.0104166666667	0
26.0138888888889	0
26.0173611111111	0
26.0208333333333	0
26.0243055555556	0
26.0277777777778	0
26.03125	0
26.0347222222222	0
26.0381944444444	0
26.0416666666667	0
26.0451388888889	0
26.0486111111111	0
26.0520833333333	0
26.0555555555556	0
26.0590277777778	0
26.0625	0
26.0659722222222	0
26.0694444444444	0
26.0729166666667	0
26.0763888888889	0
26.0798611111111	0
26.0833333333333	0
26.0868055555556	0
26.0902777777778	0
26.09375	0
26.0972222222222	0
26.1006944444444	0
26.1041666666667	0
26.1076388888889	0
26.1111111111111	0
26.1145833333333	0
26.1180555555556	0
26.1215277777778	0
26.125	0
26.1284722222222	0
26.1319444444444	0
26.1354166666667	0
26.1388888888889	0
26.1423611111111	0
26.1458333333333	0
26.1493055555556	0
26.1527777777778	0
26.15625	0
26.1597222222222	0
26.1631944444444	0
26.1666666666667	0
26.1701388888889	0
26.1736111111111	0
26.1770833333333	0
26.1805555555556	0
26.1840277777778	0
26.1875	0
26.1909722222222	0
26.1944444444444	0
26.1979166666667	0
26.2013888888889	0
26.2048611111111	0
26.2083333333333	0
26.2118055555556	0
26.2152777777778	0
26.21875	0
26.2222222222222	0
26.2256944444444	0
26.2291666666667	0
26.2326388888889	0
26.2361111111111	0
26.2395833333333	0
26.2430555555556	0
26.2465277777778	0
26.25	0
26.2534722222222	0
26.2569444444444	0
26.2604166666667	0
26.2638888888889	0
26.2673611111111	0
26.2708333333333	0
26.2743055555556	0
26.2777777777778	0
26.28125	0
26.2847222222222	0
26.2881944444444	0
26.2916666666667	0
26.2951388888889	0
26.2986111111111	0
26.3020833333333	0
26.3055555555556	0
26.3090277777778	0
26.3125	0
26.3159722222222	0
26.3194444444444	0
26.3229166666667	0
26.3263888888889	0
26.3298611111111	0
26.3333333333333	0
26.3368055555556	0
26.3402777777778	0
26.34375	0
26.3472222222222	0
26.3506944444444	0
26.3541666666667	0
26.3576388888889	0
26.3611111111111	0
26.3645833333333	0
26.3680555555556	0
26.3715277777778	0
26.375	0
26.3784722222222	0
26.3819444444444	0
26.3854166666667	0
26.3888888888889	0
26.3923611111111	0
26.3958333333333	0
26.3993055555556	0
26.4027777777778	0
26.40625	0
26.4097222222222	0
26.4131944444444	0
26.4166666666667	0
26.4201388888889	0
26.4236111111111	0
26.4270833333333	0
26.4305555555556	0
26.4340277777778	0
26.4375	0
26.4409722222222	0
26.4444444444444	0
26.4479166666667	0
26.4513888888889	0
26.4548611111111	0
26.4583333333333	0
26.4618055555556	0
26.4652777777778	0
26.46875	0
26.4722222222222	0
26.4756944444444	0
26.4791666666667	0
26.4826388888889	0
26.4861111111111	0
26.4895833333333	0
26.4930555555556	0
26.4965277777778	0
26.5	0
26.5034722222222	0
26.5069444444444	0
26.5104166666667	0
26.5138888888889	0
26.5173611111111	0
26.5208333333333	0
26.5243055555556	0
26.5277777777778	0
26.53125	0
26.5347222222222	0
26.5381944444444	0
26.5416666666667	0
26.5451388888889	0
26.5486111111111	0
26.5520833333333	0
26.5555555555556	0
26.5590277777778	0
26.5625	0
26.5659722222222	0
26.5694444444444	0
26.5729166666667	0
26.5763888888889	0
26.5798611111111	0
26.5833333333333	0
26.5868055555556	0
26.5902777777778	0
26.59375	0
26.5972222222222	0
26.6006944444444	0
26.6041666666667	0
26.6076388888889	0
26.6111111111111	0
26.6145833333333	0
26.6180555555556	0
26.6215277777778	0
26.625	0
26.6284722222222	0
26.6319444444444	0
26.6354166666667	0
26.6388888888889	0
26.6423611111111	0
26.6458333333333	0
26.6493055555556	0
26.6527777777778	0
26.65625	0
26.6597222222222	0
26.6631944444444	0
26.6666666666667	0
26.6701388888889	0
26.6736111111111	0
26.6770833333333	0
26.6805555555556	0
26.6840277777778	0
26.6875	0
26.6909722222222	0
26.6944444444444	0
26.6979166666667	0
26.7013888888889	0
26.7048611111111	0
26.7083333333333	0
26.7118055555556	0
26.7152777777778	0
26.71875	0
26.7222222222222	0
26.7256944444444	0
26.7291666666667	0
26.7326388888889	0
26.7361111111111	0
26.7395833333333	0
26.7430555555556	0
26.7465277777778	0
26.75	0
26.7534722222222	0
26.7569444444444	0
26.7604166666667	0
26.7638888888889	0
26.7673611111111	0
26.7708333333333	0
26.7743055555556	0
26.7777777777778	0
26.78125	0
26.7847222222222	0
26.7881944444444	0
26.7916666666667	0
26.7951388888889	0
26.7986111111111	0
26.8020833333333	0
26.8055555555556	0
26.8090277777778	0
26.8125	0
26.8159722222222	0
26.8194444444444	0
26.8229166666667	0
26.8263888888889	0
26.8298611111111	0
26.8333333333333	0
26.8368055555556	0
26.8402777777778	0
26.84375	0
26.8472222222222	0
26.8506944444444	0
26.8541666666667	0
26.8576388888889	0
26.8611111111111	0
26.8645833333333	0
26.8680555555556	0
26.8715277777778	0
26.875	0.2
26.8784722222222	0
26.8819444444444	0
26.8854166666667	0
26.8888888888889	0
26.8923611111111	0
26.8958333333333	0
26.8993055555556	0
26.9027777777778	0
26.90625	0
26.9097222222222	0
26.9131944444444	0
26.9166666666667	0
26.9201388888889	0
26.9236111111111	0
26.9270833333333	0
26.9305555555556	0
26.9340277777778	0
26.9375	0
26.9409722222222	0
26.9444444444444	0
26.9479166666667	0
26.9513888888889	0
26.9548611111111	0
26.9583333333333	0
26.9618055555556	0
26.9652777777778	0
26.96875	0
26.9722222222222	0
26.9756944444444	0
26.9791666666667	0
26.9826388888889	0
26.9861111111111	0
26.9895833333333	0
26.9930555555556	0
26.9965277777778	0
27	0
27.0034722222222	0
27.0069444444444	1.6
27.0104166666667	0.2
27.0138888888889	0
27.0173611111111	0
27.0208333333333	0
27.0243055555556	0
27.0277777777778	0.2
27.03125	0
27.0347222222222	0
27.0381944444444	0
27.0416666666667	0
27.0451388888889	0
27.0486111111111	0
27.0520833333333	0
27.0555555555556	0
27.0590277777778	0
27.0625	0
27.0659722222222	0
27.0694444444444	0
27.0729166666667	0
27.0763888888889	0
27.0798611111111	0
27.0833333333333	0
27.0868055555556	0
27.0902777777778	0
27.09375	0
27.0972222222222	0
27.1006944444444	0
27.1041666666667	0
27.1076388888889	0
27.1111111111111	0
27.1145833333333	0
27.1180555555556	0
27.1215277777778	0
27.125	0
27.1284722222222	0
27.1319444444444	0
27.1354166666667	0
27.1388888888889	0
27.1423611111111	0
27.1458333333333	0
27.1493055555556	0
27.1527777777778	0
27.15625	0
27.1597222222222	0
27.1631944444444	0
27.1666666666667	0
27.1701388888889	0
27.1736111111111	0
27.1770833333333	0
27.1805555555556	0
27.1840277777778	0
27.1875	0
27.1909722222222	0
27.1944444444444	0
27.1979166666667	0
27.2013888888889	0
27.2048611111111	0
27.2083333333333	0
27.2118055555556	0
27.2152777777778	0
27.21875	0
27.2222222222222	0
27.2256944444444	0
27.2291666666667	0
27.2326388888889	0
27.2361111111111	0
27.2395833333333	0
27.2430555555556	0
27.2465277777778	0
27.25	0
27.2534722222222	0
27.2569444444444	0
27.2604166666667	0
27.2638888888889	0
27.2673611111111	0
27.2708333333333	0
27.2743055555556	0
27.2777777777778	0
27.28125	0
27.2847222222222	0
27.2881944444444	0
27.2916666666667	0
27.2951388888889	0
27.2986111111111	0
27.3020833333333	0
27.3055555555556	0
27.3090277777778	0
27.3125	0
27.3159722222222	0
27.3194444444444	0
27.3229166666667	0
27.3263888888889	0
27.3298611111111	0
27.3333333333333	0
27.3368055555556	0
27.3402777777778	0
27.34375	0
27.3472222222222	0
27.3506944444444	0
27.3541666666667	0
27.3576388888889	0
27.3611111111111	0
27.3645833333333	0
27.3680555555556	0
27.3715277777778	0
27.375	0
27.3784722222222	0
27.3819444444444	0
27.3854166666667	0
27.3888888888889	0
27.3923611111111	0
27.3958333333333	0
27.3993055555556	0
27.4027777777778	0
27.40625	0
27.4097222222222	0
27.4131944444444	0
27.4166666666667	0
27.4201388888889	0
27.4236111111111	0
27.4270833333333	0
27.4305555555556	0
27.4340277777778	0
27.4375	0
27.4409722222222	0
27.4444444444444	0
27.4479166666667	0
27.4513888888889	0
27.4548611111111	0
27.4583333333333	0
27.4618055555556	0
27.4652777777778	0
27.46875	0
27.4722222222222	0
27.4756944444444	0
27.4791666666667	0
27.4826388888889	0
27.4861111111111	0
27.4895833333333	0
27.4930555555556	0
27.4965277777778	0
27.5	0
27.5034722222222	0
27.5069444444444	0
27.5104166666667	0
27.5138888888889	0
27.5173611111111	0
27.5208333333333	0
27.5243055555556	0
27.5277777777778	0
27.53125	0
27.5347222222222	0
27.5381944444444	0
27.5416666666667	0
27.5451388888889	0
27.5486111111111	0
27.5520833333333	0
27.5555555555556	0
27.5590277777778	0
27.5625	0
27.5659722222222	0
27.5694444444444	0
27.5729166666667	0
27.5763888888889	0
27.5798611111111	0
27.5833333333333	0
27.5868055555556	0
27.5902777777778	0
27.59375	0
27.5972222222222	0
27.6006944444444	0
27.6041666666667	0
27.6076388888889	0
27.6111111111111	0
27.6145833333333	0
27.6180555555556	0
27.6215277777778	0
27.625	0
27.6284722222222	0
27.6319444444444	0
27.6354166666667	0
27.6388888888889	0
27.6423611111111	0
27.6458333333333	0
27.6493055555556	0
27.6527777777778	0
27.65625	0
27.6597222222222	0
27.6631944444444	0
27.6666666666667	0
27.6701388888889	0
27.6736111111111	0
27.6770833333333	0
27.6805555555556	0
27.6840277777778	0
27.6875	0
27.6909722222222	0
27.6944444444444	0
27.6979166666667	0
27.7013888888889	0
27.7048611111111	0
27.7083333333333	0
27.7118055555556	0
27.7152777777778	0
27.71875	0
27.7222222222222	0
27.7256944444444	0
27.7291666666667	0
27.7326388888889	0
27.7361111111111	0
27.7395833333333	0
27.7430555555556	0
27.7465277777778	0
27.75	0
27.7534722222222	0
27.7569444444444	0
27.7604166666667	0
27.7638888888889	0
27.7673611111111	0
27.7708333333333	0
27.7743055555556	0
27.7777777777778	0
27.78125	0
27.7847222222222	0
27.7881944444444	0
27.7916666666667	0
27.7951388888889	0
27.7986111111111	0
27.8020833333333	0
27.8055555555556	0
27.8090277777778	0
27.8125	0
27.8159722222222	0
27.8194444444444	0
27.8229166666667	0
27.8263888888889	0
27.8298611111111	0
27.8333333333333	0
27.8368055555556	0
27.8402777777778	0
27.84375	0
27.8472222222222	0
27.8506944444444	0
27.8541666666667	0
27.8576388888889	0
27.8611111111111	0
27.8645833333333	0
27.8680555555556	0
27.8715277777778	0
27.875	0
27.8784722222222	0
27.8819444444444	0
27.8854166666667	0
27.8888888888889	0
27.8923611111111	0
27.8958333333333	0
27.8993055555556	0
27.9027777777778	0
27.90625	0
27.9097222222222	0
27.9131944444444	0
27.9166666666667	0
27.9201388888889	0
27.9236111111111	0
27.9270833333333	0
27.9305555555556	0
27.9340277777778	0
27.9375	0
27.9409722222222	0
27.9444444444444	0
27.9479166666667	0
27.9513888888889	0
27.9548611111111	0
27.9583333333333	0
27.9618055555556	0
27.9652777777778	0
27.96875	0
27.9722222222222	0
27.9756944444444	0
27.9791666666667	0
27.9826388888889	0
27.9861111111111	0
27.9895833333333	0
27.9930555555556	0
27.9965277777778	0
28	0
28.0034722222222	0
28.0069444444444	0
28.0104166666667	0
28.0138888888889	0
28.0173611111111	0
28.0208333333333	0
28.0243055555556	0
28.0277777777778	0
28.03125	0
28.0347222222222	0
28.0381944444444	0
28.0416666666667	0
28.0451388888889	0
28.0486111111111	0
28.0520833333333	0
28.0555555555556	0
28.0590277777778	0
28.0625	0
28.0659722222222	0
28.0694444444444	0
28.0729166666667	0
28.0763888888889	0
28.0798611111111	0
28.0833333333333	0
28.0868055555556	0
28.0902777777778	0
28.09375	0
28.0972222222222	0
28.1006944444444	0
28.1041666666667	0
28.1076388888889	0
28.1111111111111	0
28.1145833333333	0
28.1180555555556	0
28.1215277777778	0
28.125	0
28.1284722222222	0
28.1319444444444	0
28.1354166666667	0
28.1388888888889	0
28.1423611111111	0
28.1458333333333	0
28.1493055555556	0
28.1527777777778	0
28.15625	0
28.1597222222222	0
28.1631944444444	0
28.1666666666667	0
28.1701388888889	0
28.1736111111111	0
28.1770833333333	0
28.1805555555556	0
28.1840277777778	0
28.1875	0
28.1909722222222	0
28.1944444444444	0
28.1979166666667	0
28.2013888888889	0
28.2048611111111	0
28.2083333333333	0
28.2118055555556	0
28.2152777777778	0
28.21875	0
28.2222222222222	0
28.2256944444444	0
28.2291666666667	0
28.2326388888889	0
28.2361111111111	0
28.2395833333333	0
28.2430555555556	0
28.2465277777778	0
28.25	0
28.2534722222222	0
28.2569444444444	0
28.2604166666667	0
28.2638888888889	0
28.2673611111111	0
28.2708333333333	0
28.2743055555556	0
28.2777777777778	0
28.28125	0
28.2847222222222	0
28.2881944444444	0
28.2916666666667	0
28.2951388888889	0
28.2986111111111	0
28.3020833333333	0
28.3055555555556	0
28.3090277777778	0
28.3125	0
28.3159722222222	0
28.3194444444444	0
28.3229166666667	0
28.3263888888889	0
28.3298611111111	0
28.3333333333333	0
28.3368055555556	0
28.3402777777778	0
28.34375	0
28.3472222222222	0
28.3506944444444	0
28.3541666666667	0
28.3576388888889	0
28.3611111111111	0
28.3645833333333	0
28.3680555555556	0
28.3715277777778	0
28.375	0
28.3784722222222	0
28.3819444444444	0
28.3854166666667	0
28.3888888888889	0
28.3923611111111	0
28.3958333333333	0
28.3993055555556	0
28.4027777777778	0
28.40625	0
28.4097222222222	0
28.4131944444444	0
28.4166666666667	0
28.4201388888889	0
28.4236111111111	0
28.4270833333333	0
28.4305555555556	0
28.4340277777778	0
28.4375	0
28.4409722222222	0
28.4444444444444	0
28.4479166666667	0
28.4513888888889	0
28.4548611111111	0
28.4583333333333	0
28.4618055555556	0
28.4652777777778	0
28.46875	0
28.4722222222222	0
28.4756944444444	0
28.4791666666667	0
28.4826388888889	0
28.4861111111111	0
28.4895833333333	0
28.4930555555556	0
28.4965277777778	0
28.5	0
28.5034722222222	0
28.5069444444444	0
28.5104166666667	0
28.5138888888889	0
28.5173611111111	0
28.5208333333333	0
28.5243055555556	0
28.5277777777778	0
28.53125	0
28.5347222222222	0
28.5381944444444	0
28.5416666666667	0
28.5451388888889	0
28.5486111111111	0
28.5520833333333	0
28.5555555555556	0
28.5590277777778	0
28.5625	0
28.5659722222222	0
28.5694444444444	0
28.5729166666667	0
28.5763888888889	0
28.5798611111111	0
28.5833333333333	0
28.5868055555556	0
28.5902777777778	0
28.59375	0
28.5972222222222	0
28.6006944444444	0
28.6041666666667	0
28.6076388888889	0
28.6111111111111	0
28.6145833333333	0
28.6180555555556	0
28.6215277777778	0
28.625	0
28.6284722222222	0
28.6319444444444	0
28.6354166666667	0
28.6388888888889	0
28.6423611111111	0
28.6458333333333	0
28.6493055555556	0
28.6527777777778	0
28.65625	0
28.6597222222222	0
28.6631944444444	0
28.6666666666667	0
28.6701388888889	0
28.6736111111111	0
28.6770833333333	0
28.6805555555556	0
28.6840277777778	0
28.6875	0
28.6909722222222	0
28.6944444444444	0
28.6979166666667	0
28.7013888888889	0
28.7048611111111	0
28.7083333333333	0
28.7118055555556	0
28.7152777777778	0
28.71875	0
28.7222222222222	0
28.7256944444444	0
28.7291666666667	0
28.7326388888889	0
28.7361111111111	0
28.7395833333333	0
28.7430555555556	0
28.7465277777778	0
28.75	0
28.7534722222222	0
28.7569444444444	0
28.7604166666667	0
28.7638888888889	0
28.7673611111111	0
28.7708333333333	0
28.7743055555556	0
28.7777777777778	0
28.78125	0
28.7847222222222	0
28.7881944444444	0
28.7916666666667	0
28.7951388888889	0
28.7986111111111	0
28.8020833333333	0
28.8055555555556	0
28.8090277777778	0
28.8125	0
28.8159722222222	0
28.8194444444444	0
28.8229166666667	0
28.8263888888889	0
28.8298611111111	0
28.8333333333333	0
28.8368055555556	0
28.8402777777778	0
28.84375	0
28.8472222222222	0
28.8506944444444	0
28.8541666666667	0
28.8576388888889	0
28.8611111111111	0
28.8645833333333	0
28.8680555555556	0
28.8715277777778	0
28.875	0
28.8784722222222	0
28.8819444444444	0
28.8854166666667	0
28.8888888888889	0
28.8923611111111	0
28.8958333333333	0
28.8993055555556	0
28.9027777777778	0
28.90625	0
28.9097222222222	0
28.9131944444444	0
28.9166666666667	0
28.9201388888889	0
28.9236111111111	0
28.9270833333333	0
28.9305555555556	0
28.9340277777778	0
28.9375	0
28.9409722222222	0
28.9444444444444	0
28.9479166666667	0
28.9513888888889	0
28.9548611111111	0
28.9583333333333	0
28.9618055555556	0
28.9652777777778	0
28.96875	0
28.9722222222222	0
28.9756944444444	0
28.9791666666667	0
28.9826388888889	0
28.9861111111111	0
28.9895833333333	0
28.9930555555556	0
28.9965277777778	0
29	0
29.0034722222222	0
29.0069444444444	0
29.0104166666667	0
29.0138888888889	0
29.0173611111111	0
29.0208333333333	0
29.0243055555556	0
29.0277777777778	0
29.03125	0
29.0347222222222	0
29.0381944444444	0
29.0416666666667	0
29.0451388888889	0
29.0486111111111	0
29.0520833333333	0
29.0555555555556	0
29.0590277777778	0
29.0625	0
29.0659722222222	0
29.0694444444444	0
29.0729166666667	0
29.0763888888889	0
29.0798611111111	0
29.0833333333333	0
29.0868055555556	0
29.0902777777778	0
29.09375	0
29.0972222222222	0
29.1006944444444	0
29.1041666666667	0
29.1076388888889	0
29.1111111111111	0
29.1145833333333	0
29.1180555555556	0
29.1215277777778	0
29.125	0
29.1284722222222	0
29.1319444444444	0
29.1354166666667	0
29.1388888888889	0
29.1423611111111	0
29.1458333333333	0
29.1493055555556	0
29.1527777777778	0
29.15625	0
29.1597222222222	0
29.1631944444444	0
29.1666666666667	0
29.1701388888889	0
29.1736111111111	0
29.1770833333333	0
29.1805555555556	0
29.1840277777778	0
29.1875	0
29.1909722222222	0
29.1944444444444	0
29.1979166666667	0
29.2013888888889	0
29.2048611111111	0
29.2083333333333	0
29.2118055555556	0
29.2152777777778	0
29.21875	0
29.2222222222222	0
29.2256944444444	0
29.2291666666667	0
29.2326388888889	0
29.2361111111111	0
29.2395833333333	0
29.2430555555556	0
29.2465277777778	0
29.25	0
29.2534722222222	0
29.2569444444444	0
29.2604166666667	0
29.2638888888889	0
29.2673611111111	0
29.2708333333333	0
29.2743055555556	0
29.2777777777778	0
29.28125	0
29.2847222222222	0
29.2881944444444	0
29.2916666666667	0
29.2951388888889	0
29.2986111111111	0
29.3020833333333	0
29.3055555555556	0
29.3090277777778	0
29.3125	0
29.3159722222222	0
29.3194444444444	0
29.3229166666667	0
29.3263888888889	0
29.3298611111111	0
29.3333333333333	0
29.3368055555556	0
29.3402777777778	0
29.34375	0
29.3472222222222	0
29.3506944444444	0
29.3541666666667	0
29.3576388888889	0
29.3611111111111	0
29.3645833333333	0
29.3680555555556	0
29.3715277777778	0
29.375	0
29.3784722222222	0
29.3819444444444	0
29.3854166666667	0
29.3888888888889	0
29.3923611111111	0
29.3958333333333	0
29.3993055555556	0
29.4027777777778	0
29.40625	0
29.4097222222222	0
29.4131944444444	0
29.4166666666667	0
29.4201388888889	0
29.4236111111111	0
29.4270833333333	0
29.4305555555556	0
29.4340277777778	0
29.4375	0
29.4409722222222	0
29.4444444444444	0
29.4479166666667	0
29.4513888888889	0
29.4548611111111	0
29.4583333333333	0
29.4618055555556	0
29.4652777777778	0
29.46875	0
29.4722222222222	0
29.4756944444444	0
29.4791666666667	0.2
29.4826388888889	0
29.4861111111111	0
29.4895833333333	0.2
29.4930555555556	0
29.4965277777778	0.2
29.5	0
29.5034722222222	0.2
29.5069444444444	0
29.5104166666667	0.2
29.5138888888889	0.2
29.5173611111111	0.2
29.5208333333333	0
29.5243055555556	0
29.5277777777778	0
29.53125	0.2
29.5347222222222	0
29.5381944444444	0
29.5416666666667	0
29.5451388888889	0
29.5486111111111	0
29.5520833333333	0
29.5555555555556	0
29.5590277777778	0.2
29.5625	0.2
29.5659722222222	0
29.5694444444444	0.4
29.5729166666667	0
29.5763888888889	0
29.5798611111111	0
29.5833333333333	0.2
29.5868055555556	0
29.5902777777778	0
29.59375	0
29.5972222222222	0
29.6006944444444	0
29.6041666666667	0
29.6076388888889	0
29.6111111111111	0
29.6145833333333	0
29.6180555555556	0
29.6215277777778	0
29.625	0
29.6284722222222	0
29.6319444444444	0.2
29.6354166666667	0.2
29.6388888888889	0.2
29.6423611111111	0
29.6458333333333	1
29.6493055555556	0.2
29.6527777777778	0
29.65625	0
29.6597222222222	0
29.6631944444444	0
29.6666666666667	0
29.6701388888889	0
29.6736111111111	0
29.6770833333333	0
29.6805555555556	0
29.6840277777778	0
29.6875	0
29.6909722222222	0
29.6944444444444	0
29.6979166666667	0
29.7013888888889	0
29.7048611111111	0
29.7083333333333	0.4
29.7118055555556	0.2
29.7152777777778	0.2
29.71875	0.8
29.7222222222222	1
29.7256944444444	0
29.7291666666667	0
29.7326388888889	0
29.7361111111111	0
29.7395833333333	0
29.7430555555556	0
29.7465277777778	0
29.75	0
29.7534722222222	0.2
29.7569444444444	0
29.7604166666667	0.2
29.7638888888889	0.6
29.7673611111111	0.4
29.7708333333333	0
29.7743055555556	0.2
29.7777777777778	0.2
29.78125	0.2
29.7847222222222	0.2
29.7881944444444	0
29.7916666666667	0
29.7951388888889	0
29.7986111111111	0.2
29.8020833333333	0.2
29.8055555555556	0.2
29.8090277777778	0
29.8125	0
29.8159722222222	0
29.8194444444444	0
29.8229166666667	0
29.8263888888889	0
29.8298611111111	0
29.8333333333333	0
29.8368055555556	0
29.8402777777778	0
29.84375	0
29.8472222222222	0.4
29.8506944444444	0.2
29.8541666666667	0
29.8576388888889	0
29.8611111111111	0
29.8645833333333	0
29.8680555555556	0.2
29.8715277777778	0.2
29.875	0
29.8784722222222	0.2
29.8819444444444	0.2
29.8854166666667	0
29.8888888888889	0
29.8923611111111	0
29.8958333333333	0
29.8993055555556	0
29.9027777777778	0
29.90625	0
29.9097222222222	0
29.9131944444444	0
29.9166666666667	0
29.9201388888889	0
29.9236111111111	0
29.9270833333333	0
29.9305555555556	0
29.9340277777778	0
29.9375	0
29.9409722222222	0
29.9444444444444	0
29.9479166666667	0
29.9513888888889	0
29.9548611111111	0
29.9583333333333	0.2
29.9618055555556	0
29.9652777777778	0
29.96875	0
29.9722222222222	0
29.9756944444444	0
29.9791666666667	0
29.9826388888889	0
29.9861111111111	0
29.9895833333333	0
29.9930555555556	0
29.9965277777778	0
30	0
30.0034722222222	0
30.0069444444444	0
30.0104166666667	0
30.0138888888889	0
30.0173611111111	0
30.0208333333333	0
30.0243055555556	0
30.0277777777778	0
30.03125	0
30.0347222222222	0
30.0381944444444	0
30.0416666666667	0
30.0451388888889	0
30.0486111111111	0
30.0520833333333	0
30.0555555555556	0
30.0590277777778	0
30.0625	0
30.0659722222222	0
30.0694444444444	0
30.0729166666667	0
30.0763888888889	0
30.0798611111111	0
30.0833333333333	0
30.0868055555556	0
30.0902777777778	0
30.09375	0
30.0972222222222	0
30.1006944444444	0
30.1041666666667	0
30.1076388888889	0
30.1111111111111	0
30.1145833333333	0
30.1180555555556	0
30.1215277777778	0
30.125	0
30.1284722222222	0
30.1319444444444	0
30.1354166666667	0
30.1388888888889	0.2
30.1423611111111	0.4
30.1458333333333	0.2
30.1493055555556	0.2
30.1527777777778	0
30.15625	0
30.1597222222222	0
30.1631944444444	0
30.1666666666667	0
30.1701388888889	0
30.1736111111111	0
30.1770833333333	0
30.1805555555556	0
30.1840277777778	0
30.1875	0
30.1909722222222	0
30.1944444444444	0
30.1979166666667	0
30.2013888888889	0
30.2048611111111	0
30.2083333333333	0
30.2118055555556	0
30.2152777777778	0
30.21875	0
30.2222222222222	0
30.2256944444444	0
30.2291666666667	0
30.2326388888889	0
30.2361111111111	0
30.2395833333333	0
30.2430555555556	0
30.2465277777778	0
30.25	0
30.2534722222222	0
30.2569444444444	0
30.2604166666667	0
30.2638888888889	0
30.2673611111111	0
30.2708333333333	0
30.2743055555556	0
30.2777777777778	0
30.28125	0
30.2847222222222	0
30.2881944444444	0
30.2916666666667	0
30.2951388888889	0
30.2986111111111	0
30.3020833333333	0
30.3055555555556	0
30.3090277777778	0
30.3125	0
30.3159722222222	0
30.3194444444444	0
30.3229166666667	0
30.3263888888889	0
30.3298611111111	0
30.3333333333333	0
30.3368055555556	0
30.3402777777778	0
30.34375	0
30.3472222222222	0
30.3506944444444	0
30.3541666666667	0
30.3576388888889	0
30.3611111111111	0
30.3645833333333	0
30.3680555555556	0
30.3715277777778	0
30.375	0
30.3784722222222	0
30.3819444444444	0
30.3854166666667	0
30.3888888888889	0
30.3923611111111	0
30.3958333333333	0
30.3993055555556	0
30.4027777777778	0
30.40625	0
30.4097222222222	0
30.4131944444444	0
30.4166666666667	0
30.4201388888889	0
30.4236111111111	0
30.4270833333333	0
30.4305555555556	0
30.4340277777778	0
30.4375	0
30.4409722222222	0
30.4444444444444	0
30.4479166666667	0
30.4513888888889	0
30.4548611111111	0
30.4583333333333	0
30.4618055555556	0
30.4652777777778	0
30.46875	0
30.4722222222222	0
30.4756944444444	0.2
30.4791666666667	0
30.4826388888889	0
30.4861111111111	0
30.4895833333333	0
30.4930555555556	0
30.4965277777778	0
30.5	0
30.5034722222222	0
30.5069444444444	0
30.5104166666667	0
30.5138888888889	0
30.5173611111111	0
30.5208333333333	0
30.5243055555556	0
30.5277777777778	0
30.53125	0
30.5347222222222	0
30.5381944444444	0
30.5416666666667	0
30.5451388888889	0
30.5486111111111	0
30.5520833333333	0
30.5555555555556	0
30.5590277777778	0
30.5625	0
30.5659722222222	0
30.5694444444444	0
30.5729166666667	0
30.5763888888889	0
30.5798611111111	0
30.5833333333333	0
30.5868055555556	0
30.5902777777778	0
30.59375	0
30.5972222222222	0
30.6006944444444	0
30.6041666666667	0
30.6076388888889	0
30.6111111111111	0
30.6145833333333	0
30.6180555555556	0
30.6215277777778	0
30.625	0
30.6284722222222	0
30.6319444444444	0
30.6354166666667	0
30.6388888888889	0
30.6423611111111	0
30.6458333333333	0
30.6493055555556	0
30.6527777777778	0
30.65625	0
30.6597222222222	0
30.6631944444444	0
30.6666666666667	0
30.6701388888889	0
30.6736111111111	0
30.6770833333333	0
30.6805555555556	0
30.6840277777778	0
30.6875	0
30.6909722222222	0
30.6944444444444	0
30.6979166666667	0
30.7013888888889	0.2
30.7048611111111	0.8
30.7083333333333	0
30.7118055555556	0
30.7152777777778	0.2
30.71875	0
30.7222222222222	0.4
30.7256944444444	0.2
30.7291666666667	0
30.7326388888889	0
30.7361111111111	0
30.7395833333333	0.2
30.7430555555556	0.2
30.7465277777778	0.4
30.75	0
30.7534722222222	0.2
30.7569444444444	0
30.7604166666667	0
30.7638888888889	0.2
30.7673611111111	0.2
30.7708333333333	0
30.7743055555556	0
30.7777777777778	0
30.78125	0.2
30.7847222222222	0
30.7881944444444	0
30.7916666666667	0
30.7951388888889	0
30.7986111111111	0
30.8020833333333	0
30.8055555555556	0
30.8090277777778	0
30.8125	0
30.8159722222222	0
30.8194444444444	0
30.8229166666667	0
30.8263888888889	0
30.8298611111111	0
30.8333333333333	0
30.8368055555556	0
30.8402777777778	0
30.84375	0
30.8472222222222	0.2
30.8506944444444	0.2
30.8541666666667	0.2
30.8576388888889	0.4
30.8611111111111	0.4
30.8645833333333	0.4
30.8680555555556	0.6
30.8715277777778	0.6
30.875	0.4
30.8784722222222	0.2
30.8819444444444	0.2
30.8854166666667	0
30.8888888888889	0.2
30.8923611111111	0.2
30.8958333333333	0
30.8993055555556	0
30.9027777777778	0
30.90625	0.2
30.9097222222222	0
30.9131944444444	0
30.9166666666667	0
30.9201388888889	0
30.9236111111111	0
30.9270833333333	0
30.9305555555556	0
30.9340277777778	0
30.9375	0
30.9409722222222	0
30.9444444444444	0
30.9479166666667	0
30.9513888888889	0
30.9548611111111	0
30.9583333333333	0
30.9618055555556	0
30.9652777777778	0
30.96875	0
30.9722222222222	0
30.9756944444444	0
30.9791666666667	0
30.9826388888889	0
30.9861111111111	0
30.9895833333333	0
30.9930555555556	0
30.9965277777778	0
31	0
31.0034722222222	0
31.0069444444444	0
31.0104166666667	0
31.0138888888889	0
31.0173611111111	0
31.0208333333333	0
31.0243055555556	0
31.0277777777778	0
31.03125	0
31.0347222222222	0
31.0381944444444	0
31.0416666666667	0
31.0451388888889	0
31.0486111111111	0
31.0520833333333	0
31.0555555555556	0
31.0590277777778	0
31.0625	0
31.0659722222222	0
31.0694444444444	0
31.0729166666667	0
31.0763888888889	0
31.0798611111111	0
31.0833333333333	0
31.0868055555556	0
31.0902777777778	0
31.09375	0
31.0972222222222	0
31.1006944444444	0
31.1041666666667	0
31.1076388888889	0
31.1111111111111	0
31.1145833333333	0
31.1180555555556	0
31.1215277777778	0
31.125	0
31.1284722222222	0
31.1319444444444	0
31.1354166666667	0
31.1388888888889	0
31.1423611111111	0
31.1458333333333	0
31.1493055555556	0
31.1527777777778	0
31.15625	0
31.1597222222222	0
31.1631944444444	0
31.1666666666667	0
31.1701388888889	0
31.1736111111111	0
31.1770833333333	0
31.1805555555556	0
31.1840277777778	0
31.1875	0
31.1909722222222	0
31.1944444444444	0
31.1979166666667	0
31.2013888888889	0
31.2048611111111	0
31.2083333333333	0
31.2118055555556	0
31.2152777777778	0
31.21875	0
31.2222222222222	0
31.2256944444444	0
31.2291666666667	0
31.2326388888889	0
31.2361111111111	0
31.2395833333333	0
31.2430555555556	0
31.2465277777778	0
31.25	0
31.2534722222222	0
31.2569444444444	0
31.2604166666667	0
31.2638888888889	0
31.2673611111111	0
31.2708333333333	0
31.2743055555556	0
31.2777777777778	0
31.28125	0
31.2847222222222	0
31.2881944444444	0
31.2916666666667	0
31.2951388888889	0
31.2986111111111	0
31.3020833333333	0
31.3055555555556	0
31.3090277777778	0
31.3125	0
31.3159722222222	0
31.3194444444444	0
31.3229166666667	0
31.3263888888889	0
31.3298611111111	0
31.3333333333333	0
31.3368055555556	0
31.3402777777778	0
31.34375	0
31.3472222222222	0
31.3506944444444	0
31.3541666666667	0
31.3576388888889	0
31.3611111111111	0
31.3645833333333	0
31.3680555555556	0
31.3715277777778	0
31.375	0
31.3784722222222	0
31.3819444444444	0
31.3854166666667	0
31.3888888888889	0
31.3923611111111	0
31.3958333333333	0
31.3993055555556	0
31.4027777777778	0
31.40625	0
31.4097222222222	0
31.4131944444444	0
31.4166666666667	0
31.4201388888889	0
31.4236111111111	0
31.4270833333333	0
31.4305555555556	0
31.4340277777778	0
31.4375	0
31.4409722222222	0
31.4444444444444	0
31.4479166666667	0
31.4513888888889	0
31.4548611111111	0
31.4583333333333	0
31.4618055555556	0
31.4652777777778	0
31.46875	0
31.4722222222222	0
31.4756944444444	0
31.4791666666667	0
31.4826388888889	0
31.4861111111111	0
31.4895833333333	0
31.4930555555556	0
31.4965277777778	0
31.5	0
31.5034722222222	0
31.5069444444444	0
31.5104166666667	0
31.5138888888889	0
31.5173611111111	0
31.5208333333333	0
31.5243055555556	0
31.5277777777778	0
31.53125	0
31.5347222222222	0
31.5381944444444	0
31.5416666666667	0
31.5451388888889	0
31.5486111111111	0
31.5520833333333	0
31.5555555555556	0
31.5590277777778	0
31.5625	0
31.5659722222222	0
31.5694444444444	0
31.5729166666667	0
31.5763888888889	0
31.5798611111111	0
31.5833333333333	0
31.5868055555556	0
31.5902777777778	0
31.59375	0
31.5972222222222	0.2
31.6006944444444	0
31.6041666666667	0
31.6076388888889	0.4
31.6111111111111	0.4
31.6145833333333	0.4
31.6180555555556	0.4
31.6215277777778	0.6
31.625	0.2
31.6284722222222	0.4
31.6319444444444	0
31.6354166666667	0.2
31.6388888888889	0
31.6423611111111	0
31.6458333333333	0
31.6493055555556	0
31.6527777777778	0
31.65625	0
31.6597222222222	0
31.6631944444444	0
31.6666666666667	0
31.6701388888889	0
31.6736111111111	0
31.6770833333333	0.2
31.6805555555556	0
31.6840277777778	0
31.6875	0
31.6909722222222	0
31.6944444444444	0
31.6979166666667	0.2
31.7013888888889	0
31.7048611111111	0
31.7083333333333	0
31.7118055555556	0
31.7152777777778	0
31.71875	0
31.7222222222222	0
31.7256944444444	0
31.7291666666667	0
31.7326388888889	0
31.7361111111111	0
31.7395833333333	0
31.7430555555556	0
31.7465277777778	0
31.75	0
31.7534722222222	0
31.7569444444444	0
31.7604166666667	0
31.7638888888889	0
31.7673611111111	0
31.7708333333333	0
31.7743055555556	0
31.7777777777778	0
31.78125	0
31.7847222222222	0
31.7881944444444	0
31.7916666666667	0
31.7951388888889	0
31.7986111111111	0
31.8020833333333	0.2
31.8055555555556	0
31.8090277777778	0
31.8125	0
31.8159722222222	0
31.8194444444444	0
31.8229166666667	0
31.8263888888889	0.2
31.8298611111111	0
31.8333333333333	0
31.8368055555556	0
31.8402777777778	0
31.84375	0
31.8472222222222	0
31.8506944444444	0
31.8541666666667	0
31.8576388888889	0
31.8611111111111	0
31.8645833333333	0
31.8680555555556	0
31.8715277777778	0
31.875	0
31.8784722222222	0
31.8819444444444	0
31.8854166666667	0
31.8888888888889	0
31.8923611111111	0
31.8958333333333	0
31.8993055555556	0
31.9027777777778	0
31.90625	0.2
31.9097222222222	0
31.9131944444444	0
31.9166666666667	0
31.9201388888889	0
31.9236111111111	0
31.9270833333333	0
31.9305555555556	0
31.9340277777778	0
31.9375	0
31.9409722222222	0
31.9444444444444	0
31.9479166666667	0
31.9513888888889	0.2
31.9548611111111	0
31.9583333333333	0
31.9618055555556	0
31.9652777777778	0
31.96875	0
31.9722222222222	0
31.9756944444444	0
31.9791666666667	0
31.9826388888889	0
31.9861111111111	0
31.9895833333333	0
31.9930555555556	0
31.9965277777778	0
32	0
32.0034722222222	0
32.0069444444444	0
32.0104166666667	0
32.0138888888889	0
32.0173611111111	0
32.0208333333333	0
32.0243055555556	0
32.0277777777778	0
32.03125	0
32.0347222222222	0
32.0381944444444	0
32.0416666666667	0
32.0451388888889	0
32.0486111111111	0
32.0520833333333	0
32.0555555555556	0
32.0590277777778	0
32.0625	0
32.0659722222222	0
32.0694444444444	0
32.0729166666667	0
32.0763888888889	0
32.0798611111111	0
32.0833333333333	0
32.0868055555556	0
32.0902777777778	0
32.09375	0
32.0972222222222	0
32.1006944444444	0
32.1041666666667	0
32.1076388888889	0
32.1111111111111	0
32.1145833333333	0
32.1180555555556	0
32.1215277777778	0
32.125	0
32.1284722222222	0
32.1319444444444	0
32.1354166666667	0
32.1388888888889	0
32.1423611111111	0
32.1458333333333	0
32.1493055555556	0
32.1527777777778	0
32.15625	0
32.1597222222222	0
32.1631944444444	0
32.1666666666667	0
32.1701388888889	0
32.1736111111111	0
32.1770833333333	0
32.1805555555556	0
32.1840277777778	0
32.1875	0
32.1909722222222	0
32.1944444444444	0
32.1979166666667	0
32.2013888888889	0
32.2048611111111	0
32.2083333333333	0
32.2118055555556	0
32.2152777777778	0
32.21875	0
32.2222222222222	0
32.2256944444444	0
32.2291666666667	0
32.2326388888889	0
32.2361111111111	0
32.2395833333333	0
32.2430555555556	0
32.2465277777778	0
32.25	0
32.2534722222222	0
32.2569444444444	0
32.2604166666667	0
32.2638888888889	0
32.2673611111111	0
32.2708333333333	0
32.2743055555556	0
32.2777777777778	0
32.28125	0
32.2847222222222	0
32.2881944444444	0
32.2916666666667	0
32.2951388888889	0
32.2986111111111	0
32.3020833333333	0
32.3055555555556	0
32.3090277777778	0
32.3125	0
32.3159722222222	0
32.3194444444444	0
32.3229166666667	0
32.3263888888889	0
32.3298611111111	0
32.3333333333333	0
32.3368055555556	0
32.3402777777778	0
32.34375	0
32.3472222222222	0
32.3506944444444	0
32.3541666666667	0
32.3576388888889	0
32.3611111111111	0
32.3645833333333	0
32.3680555555556	0
32.3715277777778	0
32.375	0
32.3784722222222	0
32.3819444444444	0
32.3854166666667	0
32.3888888888889	0
32.3923611111111	0
32.3958333333333	0
32.3993055555556	0
32.4027777777778	0
32.40625	0
32.4097222222222	0
32.4131944444444	0
32.4166666666667	0
32.4201388888889	0
32.4236111111111	0
32.4270833333333	0
32.4305555555556	0
32.4340277777778	0
32.4375	0
32.4409722222222	0
32.4444444444444	0
32.4479166666667	0
32.4513888888889	0
32.4548611111111	0
32.4583333333333	0
32.4618055555556	0
32.4652777777778	0
32.46875	0
32.4722222222222	0
32.4756944444444	0
32.4791666666667	0
32.4826388888889	0
32.4861111111111	0
32.4895833333333	0
32.4930555555556	0
32.4965277777778	0
32.5	0
32.5034722222222	0
32.5069444444444	0
32.5104166666667	0
32.5138888888889	0
32.5173611111111	0
32.5208333333333	0
32.5243055555556	0
32.5277777777778	0
32.53125	0
32.5347222222222	0
32.5381944444444	0
32.5416666666667	0
32.5451388888889	0
32.5486111111111	0
32.5520833333333	0
32.5555555555556	0
32.5590277777778	0
32.5625	0
32.5659722222222	0
32.5694444444444	0
32.5729166666667	0
32.5763888888889	0
32.5798611111111	0
32.5833333333333	0
32.5868055555556	0
32.5902777777778	0
32.59375	0
32.5972222222222	0
32.6006944444444	0
32.6041666666667	0
32.6076388888889	0
32.6111111111111	0
32.6145833333333	0
32.6180555555556	0
32.6215277777778	0
32.625	0
32.6284722222222	0
32.6319444444444	0
32.6354166666667	0
32.6388888888889	0
32.6423611111111	0
32.6458333333333	0
32.6493055555556	0
32.6527777777778	0
32.65625	0
32.6597222222222	0
32.6631944444444	0
32.6666666666667	0.2
32.6701388888889	0
32.6736111111111	0
32.6770833333333	0
32.6805555555556	0
32.6840277777778	0
32.6875	0
32.6909722222222	0
32.6944444444444	0
32.6979166666667	0
32.7013888888889	0
32.7048611111111	0
32.7083333333333	0
32.7118055555556	0
32.7152777777778	0
32.71875	0
32.7222222222222	0
32.7256944444444	0
32.7291666666667	0
32.7326388888889	0
32.7361111111111	0
32.7395833333333	0
32.7430555555556	0
32.7465277777778	0
32.75	0
32.7534722222222	0
32.7569444444444	0
32.7604166666667	0
32.7638888888889	0
32.7673611111111	0
32.7708333333333	0
32.7743055555556	0
32.7777777777778	0
32.78125	0
32.7847222222222	0
32.7881944444444	0
32.7916666666667	0
32.7951388888889	0
32.7986111111111	0
32.8020833333333	0
32.8055555555556	0
32.8090277777778	0
32.8125	0
32.8159722222222	0
32.8194444444444	0
32.8229166666667	0
32.8263888888889	0
32.8298611111111	0
32.8333333333333	0
32.8368055555556	0
32.8402777777778	0
32.84375	0
32.8472222222222	0
32.8506944444444	0
32.8541666666667	0
32.8576388888889	0
32.8611111111111	0
32.8645833333333	0
32.8680555555556	0
32.8715277777778	0
32.875	0
32.8784722222222	0
32.8819444444444	0
32.8854166666667	0
32.8888888888889	0
32.8923611111111	0
32.8958333333333	0
32.8993055555556	0
32.9027777777778	0
32.90625	0
32.9097222222222	0
32.9131944444444	0
32.9166666666667	0
32.9201388888889	0
32.9236111111111	0
32.9270833333333	0
32.9305555555556	0
32.9340277777778	0
32.9375	0
32.9409722222222	0
32.9444444444444	0
32.9479166666667	0
32.9513888888889	0
32.9548611111111	0
32.9583333333333	0
32.9618055555556	0
32.9652777777778	0
32.96875	0
32.9722222222222	0
32.9756944444444	0
32.9791666666667	0
32.9826388888889	0
32.9861111111111	0
32.9895833333333	0
32.9930555555556	0
32.9965277777778	0
33	0
33.0034722222222	0
33.0069444444444	0
33.0104166666667	0
33.0138888888889	0
33.0173611111111	0
33.0208333333333	0
33.0243055555556	0
33.0277777777778	0
33.03125	0
33.0347222222222	0
33.0381944444444	0
33.0416666666667	0
33.0451388888889	0
33.0486111111111	0
33.0520833333333	0
33.0555555555556	0
33.0590277777778	0
33.0625	0
33.0659722222222	0
33.0694444444444	0
33.0729166666667	0
33.0763888888889	0
33.0798611111111	0
33.0833333333333	0
33.0868055555556	0
33.0902777777778	0
33.09375	0
33.0972222222222	0
33.1006944444444	0
33.1041666666667	0
33.1076388888889	0
33.1111111111111	0
33.1145833333333	0
33.1180555555556	0
33.1215277777778	0
33.125	0
33.1284722222222	0
33.1319444444444	0
33.1354166666667	0
33.1388888888889	0
33.1423611111111	0
33.1458333333333	0
33.1493055555556	0
33.1527777777778	0
33.15625	0
33.1597222222222	0
33.1631944444444	0
33.1666666666667	0
33.1701388888889	0
33.1736111111111	0
33.1770833333333	0
33.1805555555556	0
33.1840277777778	0
33.1875	0
33.1909722222222	0
33.1944444444444	0
33.1979166666667	0
33.2013888888889	0
33.2048611111111	0
33.2083333333333	0
33.2118055555556	0
33.2152777777778	0
33.21875	0
33.2222222222222	0
33.2256944444444	0
33.2291666666667	0
33.2326388888889	0
33.2361111111111	0
33.2395833333333	0
33.2430555555556	0
33.2465277777778	0
33.25	0
33.2534722222222	0
33.2569444444444	0
33.2604166666667	0
33.2638888888889	0
33.2673611111111	0
33.2708333333333	0
33.2743055555556	0
33.2777777777778	0
33.28125	0
33.2847222222222	0
33.2881944444444	0
33.2916666666667	0
33.2951388888889	0
33.2986111111111	0
33.3020833333333	0
33.3055555555556	0
33.3090277777778	0
33.3125	0
33.3159722222222	0
33.3194444444444	0
33.3229166666667	0
33.3263888888889	0
33.3298611111111	0
33.3333333333333	0
33.3368055555556	0
33.3402777777778	0
33.34375	0
33.3472222222222	0
33.3506944444444	0
33.3541666666667	0
33.3576388888889	0
33.3611111111111	0
33.3645833333333	0
33.3680555555556	0
33.3715277777778	0
33.375	0
33.3784722222222	0
33.3819444444444	0
33.3854166666667	0
33.3888888888889	0
33.3923611111111	0
33.3958333333333	0
33.3993055555556	0
33.4027777777778	0
33.40625	0
33.4097222222222	0
33.4131944444444	0
33.4166666666667	0
33.4201388888889	0
33.4236111111111	0
33.4270833333333	0
33.4305555555556	0
33.4340277777778	0
33.4375	0
33.4409722222222	0
33.4444444444444	0
33.4479166666667	0
33.4513888888889	0
33.4548611111111	0
33.4583333333333	0
33.4618055555556	0
33.4652777777778	0
33.46875	0
33.4722222222222	0
33.4756944444444	0
33.4791666666667	0
33.4826388888889	0
33.4861111111111	0
33.4895833333333	0
33.4930555555556	0
33.4965277777778	0
33.5	0
33.5034722222222	0
33.5069444444444	0
33.5104166666667	0
33.5138888888889	0
33.5173611111111	0
33.5208333333333	0
33.5243055555556	0
33.5277777777778	0
33.53125	0
33.5347222222222	0
33.5381944444444	0
33.5416666666667	0
33.5451388888889	0
33.5486111111111	0
33.5520833333333	0
33.5555555555556	0
33.5590277777778	0
33.5625	0
33.5659722222222	0
33.5694444444444	0
33.5729166666667	0
33.5763888888889	0
33.5798611111111	0
33.5833333333333	0
33.5868055555556	0
33.5902777777778	0
33.59375	0.2
33.5972222222222	0.2
33.6006944444444	0
33.6041666666667	0
33.6076388888889	0
33.6111111111111	0
33.6145833333333	0
33.6180555555556	0.2
33.6215277777778	0
33.625	0
33.6284722222222	0
33.6319444444444	0
33.6354166666667	0
33.6388888888889	0
33.6423611111111	0
33.6458333333333	0
33.6493055555556	0
33.6527777777778	0
33.65625	0
33.6597222222222	0
33.6631944444444	0
33.6666666666667	0
33.6701388888889	0
33.6736111111111	0
33.6770833333333	0
33.6805555555556	0
33.6840277777778	0
33.6875	0
33.6909722222222	0
33.6944444444444	0
33.6979166666667	0
33.7013888888889	0
33.7048611111111	0
33.7083333333333	0
33.7118055555556	0
33.7152777777778	0
33.71875	0
33.7222222222222	0
33.7256944444444	0
33.7291666666667	0
33.7326388888889	0
33.7361111111111	0
33.7395833333333	0
33.7430555555556	0
33.7465277777778	0
33.75	0
33.7534722222222	0
33.7569444444444	0
33.7604166666667	0
33.7638888888889	0
33.7673611111111	0
33.7708333333333	0
33.7743055555556	0
33.7777777777778	0
33.78125	0
33.7847222222222	0
33.7881944444444	0
33.7916666666667	0
33.7951388888889	0
33.7986111111111	0
33.8020833333333	0
33.8055555555556	0
33.8090277777778	0
33.8125	0
33.8159722222222	0
33.8194444444444	0
33.8229166666667	0
33.8263888888889	0
33.8298611111111	0
33.8333333333333	0
33.8368055555556	0
33.8402777777778	0
33.84375	0
33.8472222222222	0
33.8506944444444	0
33.8541666666667	0
33.8576388888889	0
33.8611111111111	0
33.8645833333333	0
33.8680555555556	0
33.8715277777778	0
33.875	0
33.8784722222222	0
33.8819444444444	0
33.8854166666667	0
33.8888888888889	0
33.8923611111111	0
33.8958333333333	0
33.8993055555556	0
33.9027777777778	0
33.90625	0
33.9097222222222	0
33.9131944444444	0
33.9166666666667	0
33.9201388888889	0
33.9236111111111	0
33.9270833333333	0
33.9305555555556	0
33.9340277777778	0
33.9375	0
33.9409722222222	0
33.9444444444444	0
33.9479166666667	0
33.9513888888889	0
33.9548611111111	0
33.9583333333333	0
33.9618055555556	0
33.9652777777778	0
33.96875	0
33.9722222222222	0
33.9756944444444	0
33.9791666666667	0
33.9826388888889	0
33.9861111111111	0
33.9895833333333	0
33.9930555555556	0
33.9965277777778	0
34	0
34.0034722222222	0
34.0069444444444	0
34.0104166666667	0
34.0138888888889	0
34.0173611111111	0
34.0208333333333	0
34.0243055555556	0
34.0277777777778	0
34.03125	0
34.0347222222222	0
34.0381944444444	0
34.0416666666667	0
34.0451388888889	0
34.0486111111111	0
34.0520833333333	0
34.0555555555556	0
34.0590277777778	0
34.0625	0
34.0659722222222	0
34.0694444444444	0
34.0729166666667	0
34.0763888888889	0
34.0798611111111	0
34.0833333333333	0
34.0868055555556	0
34.0902777777778	0
34.09375	0
34.0972222222222	0
34.1006944444444	0
34.1041666666667	0
34.1076388888889	0
34.1111111111111	0
34.1145833333333	0
34.1180555555556	0
34.1215277777778	0
34.125	0
34.1284722222222	0
34.1319444444444	0
34.1354166666667	0
34.1388888888889	0
34.1423611111111	0
34.1458333333333	0
34.1493055555556	0
34.1527777777778	0
34.15625	0
34.1597222222222	0
34.1631944444444	0
34.1666666666667	0
34.1701388888889	0
34.1736111111111	0
34.1770833333333	0
34.1805555555556	0
34.1840277777778	0
34.1875	0
34.1909722222222	0
34.1944444444444	0
34.1979166666667	0
34.2013888888889	0
34.2048611111111	0
34.2083333333333	0
34.2118055555556	0
34.2152777777778	0
34.21875	0
34.2222222222222	0
34.2256944444444	0
34.2291666666667	0
34.2326388888889	0
34.2361111111111	0
34.2395833333333	0
34.2430555555556	0
34.2465277777778	0
34.25	0
34.2534722222222	0
34.2569444444444	0
34.2604166666667	0
34.2638888888889	0
34.2673611111111	0
34.2708333333333	0
34.2743055555556	0
34.2777777777778	0
34.28125	0
34.2847222222222	0
34.2881944444444	0
34.2916666666667	0
34.2951388888889	0
34.2986111111111	0
34.3020833333333	0
34.3055555555556	0
34.3090277777778	0
34.3125	0
34.3159722222222	0
34.3194444444444	0.2
34.3229166666667	0
34.3263888888889	0.2
34.3298611111111	0.2
34.3333333333333	0.2
34.3368055555556	0.6
34.3402777777778	0
34.34375	0.4
34.3472222222222	0
34.3506944444444	1
34.3541666666667	0.2
34.3576388888889	0.4
34.3611111111111	0
34.3645833333333	0.2
34.3680555555556	0.2
34.3715277777778	0.4
34.375	0
34.3784722222222	0.4
34.3819444444444	0.4
34.3854166666667	0
34.3888888888889	0
34.3923611111111	0
34.3958333333333	0
34.3993055555556	0
34.4027777777778	0
34.40625	0
34.4097222222222	0
34.4131944444444	0
34.4166666666667	0
34.4201388888889	0
34.4236111111111	0
34.4270833333333	0
34.4305555555556	0
34.4340277777778	0
34.4375	0
34.4409722222222	0
34.4444444444444	0
34.4479166666667	0
34.4513888888889	0
34.4548611111111	0
34.4583333333333	0
34.4618055555556	0
34.4652777777778	0
34.46875	0
34.4722222222222	0.2
34.4756944444444	0
34.4791666666667	0
34.4826388888889	0
34.4861111111111	0
34.4895833333333	0
34.4930555555556	0
34.4965277777778	0
34.5	0
34.5034722222222	0
34.5069444444444	0
34.5104166666667	0
34.5138888888889	0
34.5173611111111	0
34.5208333333333	0
34.5243055555556	0
34.5277777777778	0
34.53125	0
34.5347222222222	0.2
34.5381944444444	0
34.5416666666667	0
34.5451388888889	0.2
34.5486111111111	0.2
34.5520833333333	0.4
34.5555555555556	0.2
34.5590277777778	0
34.5625	0
34.5659722222222	0
34.5694444444444	0
34.5729166666667	0
34.5763888888889	0
34.5798611111111	0.2
34.5833333333333	0.2
34.5868055555556	0
34.5902777777778	0
34.59375	0
34.5972222222222	0.2
34.6006944444444	0
34.6041666666667	0.4
34.6076388888889	0.2
34.6111111111111	0
34.6145833333333	0
34.6180555555556	0.2
34.6215277777778	0
34.625	0
34.6284722222222	0
34.6319444444444	0
34.6354166666667	0
34.6388888888889	0.2
34.6423611111111	0
34.6458333333333	0
34.6493055555556	0
34.6527777777778	0
34.65625	0
34.6597222222222	0
34.6631944444444	0
34.6666666666667	0
34.6701388888889	0
34.6736111111111	0
34.6770833333333	0
34.6805555555556	0
34.6840277777778	0
34.6875	0
34.6909722222222	0
34.6944444444444	0
34.6979166666667	0
34.7013888888889	0
34.7048611111111	0
34.7083333333333	0
34.7118055555556	0
34.7152777777778	0
34.71875	0.2
34.7222222222222	0
34.7256944444444	0
34.7291666666667	0.2
34.7326388888889	0
34.7361111111111	0
34.7395833333333	0.2
34.7430555555556	0
34.7465277777778	0
34.75	0
34.7534722222222	0
34.7569444444444	0
34.7604166666667	0
34.7638888888889	0
34.7673611111111	0
34.7708333333333	0
34.7743055555556	0
34.7777777777778	0
34.78125	0
34.7847222222222	0.2
34.7881944444444	0
34.7916666666667	0
34.7951388888889	0
34.7986111111111	0
34.8020833333333	0
34.8055555555556	0
34.8090277777778	0
34.8125	0
34.8159722222222	0
34.8194444444444	0
34.8229166666667	0.2
34.8263888888889	0
34.8298611111111	0
34.8333333333333	0
34.8368055555556	0
34.8402777777778	0
34.84375	0
34.8472222222222	0
34.8506944444444	0
34.8541666666667	0
34.8576388888889	0
34.8611111111111	0
34.8645833333333	0
34.8680555555556	0
34.8715277777778	0
34.875	0
34.8784722222222	0
34.8819444444444	0.2
34.8854166666667	0
34.8888888888889	0.2
34.8923611111111	0
34.8958333333333	0
34.8993055555556	0.2
34.9027777777778	0
34.90625	0
34.9097222222222	0.2
34.9131944444444	0
34.9166666666667	0
34.9201388888889	0
34.9236111111111	0.2
34.9270833333333	0
34.9305555555556	0.2
34.9340277777778	0
34.9375	0
34.9409722222222	0
34.9444444444444	0.2
34.9479166666667	0
34.9513888888889	0
34.9548611111111	0.2
34.9583333333333	0
34.9618055555556	0
34.9652777777778	0.2
34.96875	0
34.9722222222222	0.2
34.9756944444444	0.2
34.9791666666667	0
34.9826388888889	0.2
34.9861111111111	0.2
34.9895833333333	0
34.9930555555556	0.2
34.9965277777778	0
35	0
35.0034722222222	0
35.0069444444444	0
35.0104166666667	0
35.0138888888889	0.2
35.0173611111111	0.2
35.0208333333333	0
35.0243055555556	0.2
35.0277777777778	0
35.03125	0
35.0347222222222	0
35.0381944444444	0
35.0416666666667	0
35.0451388888889	0
35.0486111111111	0.2
35.0520833333333	0
35.0555555555556	0
35.0590277777778	0
35.0625	0
35.0659722222222	0
35.0694444444444	0
35.0729166666667	0
35.0763888888889	0
35.0798611111111	0
35.0833333333333	0
35.0868055555556	0
35.0902777777778	0
35.09375	0
35.0972222222222	0
35.1006944444444	0
35.1041666666667	0
35.1076388888889	0
35.1111111111111	0
35.1145833333333	0
35.1180555555556	0
35.1215277777778	0
35.125	0
35.1284722222222	0
35.1319444444444	0
35.1354166666667	0
35.1388888888889	0
35.1423611111111	0
35.1458333333333	0
35.1493055555556	0
35.1527777777778	0
35.15625	0
35.1597222222222	0
35.1631944444444	0
35.1666666666667	0
35.1701388888889	0
35.1736111111111	0
35.1770833333333	0
35.1805555555556	0
35.1840277777778	0
35.1875	0
35.1909722222222	0
35.1944444444444	0
35.1979166666667	0
35.2013888888889	0
35.2048611111111	0
35.2083333333333	0
35.2118055555556	0
35.2152777777778	0
35.21875	0
35.2222222222222	0
35.2256944444444	0
35.2291666666667	0
35.2326388888889	0
35.2361111111111	0
35.2395833333333	0
35.2430555555556	0
35.2465277777778	0
35.25	0
35.2534722222222	0
35.2569444444444	0
35.2604166666667	0
35.2638888888889	0
35.2673611111111	0
35.2708333333333	0
35.2743055555556	0
35.2777777777778	0
35.28125	0
35.2847222222222	0
35.2881944444444	0
35.2916666666667	0
35.2951388888889	0
35.2986111111111	0
35.3020833333333	0
35.3055555555556	0
35.3090277777778	0
35.3125	0
35.3159722222222	0
35.3194444444444	0
35.3229166666667	0
35.3263888888889	0
35.3298611111111	0
35.3333333333333	0
35.3368055555556	0
35.3402777777778	0
35.34375	0
35.3472222222222	0
35.3506944444444	0
35.3541666666667	0
35.3576388888889	0
35.3611111111111	0
35.3645833333333	0
35.3680555555556	0
35.3715277777778	0
35.375	0
35.3784722222222	0
35.3819444444444	0
35.3854166666667	0
35.3888888888889	0
35.3923611111111	0
35.3958333333333	0
35.3993055555556	0
35.4027777777778	0
35.40625	0
35.4097222222222	0
35.4131944444444	0
35.4166666666667	0
35.4201388888889	0
35.4236111111111	0
35.4270833333333	0
35.4305555555556	0
35.4340277777778	0
35.4375	0
35.4409722222222	0
35.4444444444444	0
35.4479166666667	0
35.4513888888889	0
35.4548611111111	0
35.4583333333333	0
35.4618055555556	0
35.4652777777778	0
35.46875	0
35.4722222222222	0
35.4756944444444	0
35.4791666666667	0
35.4826388888889	0
35.4861111111111	0
35.4895833333333	0
35.4930555555556	0
35.4965277777778	0
35.5	0
35.5034722222222	0
35.5069444444444	0
35.5104166666667	0
35.5138888888889	0
35.5173611111111	0
35.5208333333333	0
35.5243055555556	0
35.5277777777778	0
35.53125	0
35.5347222222222	0
35.5381944444444	0
35.5416666666667	0
35.5451388888889	0
35.5486111111111	0
35.5520833333333	0
35.5555555555556	0
35.5590277777778	0
35.5625	0
35.5659722222222	0
35.5694444444444	0
35.5729166666667	0
35.5763888888889	0
35.5798611111111	0
35.5833333333333	0
35.5868055555556	0
35.5902777777778	0
35.59375	0
35.5972222222222	0
35.6006944444444	0
35.6041666666667	0
35.6076388888889	0
35.6111111111111	0
35.6145833333333	0
35.6180555555556	0
35.6215277777778	0
35.625	0
35.6284722222222	0
35.6319444444444	0
35.6354166666667	0
35.6388888888889	0
35.6423611111111	0
35.6458333333333	0
35.6493055555556	0
35.6527777777778	0
35.65625	0
35.6597222222222	0
35.6631944444444	0
35.6666666666667	0
35.6701388888889	0
35.6736111111111	0
35.6770833333333	0
35.6805555555556	0
35.6840277777778	0
35.6875	0
35.6909722222222	0
35.6944444444444	0
35.6979166666667	0
35.7013888888889	0
35.7048611111111	0
35.7083333333333	0
35.7118055555556	0
35.7152777777778	0
35.71875	0
35.7222222222222	0
35.7256944444444	0
35.7291666666667	0
35.7326388888889	0
35.7361111111111	0
35.7395833333333	0
35.7430555555556	0
35.7465277777778	0
35.75	0
35.7534722222222	0
35.7569444444444	0
35.7604166666667	0
35.7638888888889	0
35.7673611111111	0
35.7708333333333	0
35.7743055555556	0
35.7777777777778	0
35.78125	0
35.7847222222222	0
35.7881944444444	0
35.7916666666667	0
35.7951388888889	0
35.7986111111111	0
35.8020833333333	0
35.8055555555556	0
35.8090277777778	0
35.8125	0
35.8159722222222	0
35.8194444444444	0
35.8229166666667	0
35.8263888888889	0
35.8298611111111	0
35.8333333333333	0
35.8368055555556	0
35.8402777777778	0
35.84375	0
35.8472222222222	0
35.8506944444444	0
35.8541666666667	0
35.8576388888889	0
35.8611111111111	0
35.8645833333333	0
35.8680555555556	0
35.8715277777778	0
35.875	0
35.8784722222222	0
35.8819444444444	0
35.8854166666667	0
35.8888888888889	0
35.8923611111111	0
35.8958333333333	0
35.8993055555556	0
35.9027777777778	0
35.90625	0
35.9097222222222	0
35.9131944444444	0
35.9166666666667	0
35.9201388888889	0
35.9236111111111	0
35.9270833333333	0
35.9305555555556	0
35.9340277777778	0
35.9375	0
35.9409722222222	0
35.9444444444444	0
35.9479166666667	0
35.9513888888889	0
35.9548611111111	0
35.9583333333333	0
35.9618055555556	0
35.9652777777778	0
35.96875	0
35.9722222222222	0
35.9756944444444	0
35.9791666666667	0
35.9826388888889	0
35.9861111111111	0
35.9895833333333	0
35.9930555555556	0
35.9965277777778	0
36	0
36.0034722222222	0
36.0069444444444	0
36.0104166666667	0
36.0138888888889	0
36.0173611111111	0
36.0208333333333	0
36.0243055555556	0
36.0277777777778	0
36.03125	0
36.0347222222222	0
36.0381944444444	0
36.0416666666667	0
36.0451388888889	0
36.0486111111111	0
36.0520833333333	0
36.0555555555556	0
36.0590277777778	0
36.0625	0
36.0659722222222	0
36.0694444444444	0
36.0729166666667	0
36.0763888888889	0
36.0798611111111	0
36.0833333333333	0
36.0868055555556	0
36.0902777777778	0
36.09375	0
36.0972222222222	0
36.1006944444444	0
36.1041666666667	0
36.1076388888889	0
36.1111111111111	0
36.1145833333333	0
36.1180555555556	0
36.1215277777778	0
36.125	0
36.1284722222222	0
36.1319444444444	0
36.1354166666667	0
36.1388888888889	0
36.1423611111111	0
36.1458333333333	0
36.1493055555556	0
36.1527777777778	0
36.15625	0
36.1597222222222	0
36.1631944444444	0
36.1666666666667	0
36.1701388888889	0
36.1736111111111	0
36.1770833333333	0
36.1805555555556	0
36.1840277777778	0
36.1875	0
36.1909722222222	0
36.1944444444444	0
36.1979166666667	0
36.2013888888889	0
36.2048611111111	0
36.2083333333333	0
36.2118055555556	0
36.2152777777778	0
36.21875	0
36.2222222222222	0
36.2256944444444	0
36.2291666666667	0
36.2326388888889	0
36.2361111111111	0
36.2395833333333	0
36.2430555555556	0
36.2465277777778	0
36.25	0
36.2534722222222	0
36.2569444444444	0
36.2604166666667	0
36.2638888888889	0
36.2673611111111	0
36.2708333333333	0
36.2743055555556	0
36.2777777777778	0
36.28125	0
36.2847222222222	0
36.2881944444444	0
36.2916666666667	0
36.2951388888889	0
36.2986111111111	0
36.3020833333333	0
36.3055555555556	0
36.3090277777778	0
36.3125	0
36.3159722222222	0
36.3194444444444	0
36.3229166666667	0
36.3263888888889	0
36.3298611111111	0
36.3333333333333	0
36.3368055555556	0
36.3402777777778	0
36.34375	0
36.3472222222222	0
36.3506944444444	0
36.3541666666667	0
36.3576388888889	0
36.3611111111111	0
36.3645833333333	0
36.3680555555556	0
36.3715277777778	0
36.375	0
36.3784722222222	0
36.3819444444444	0
36.3854166666667	0
36.3888888888889	0
36.3923611111111	0
36.3958333333333	0
36.3993055555556	0
36.4027777777778	0
36.40625	0
36.4097222222222	0
36.4131944444444	0
36.4166666666667	0
36.4201388888889	0
36.4236111111111	0
36.4270833333333	0
36.4305555555556	0
36.4340277777778	0
36.4375	0
36.4409722222222	0
36.4444444444444	0
36.4479166666667	0
36.4513888888889	0
36.4548611111111	0
36.4583333333333	0
36.4618055555556	0
36.4652777777778	0
36.46875	0
36.4722222222222	0
36.4756944444444	0
36.4791666666667	0
36.4826388888889	0
36.4861111111111	0
36.4895833333333	0
36.4930555555556	0
36.4965277777778	0
36.5	0
36.5034722222222	0
36.5069444444444	0
36.5104166666667	0
36.5138888888889	0
36.5173611111111	0
36.5208333333333	0
36.5243055555556	0
36.5277777777778	0
36.53125	0
36.5347222222222	0
36.5381944444444	0
36.5416666666667	0
36.5451388888889	0
36.5486111111111	0
36.5520833333333	0
36.5555555555556	0
36.5590277777778	0
36.5625	0
36.5659722222222	0
36.5694444444444	0.2
36.5729166666667	0.2
36.5763888888889	0.4
36.5798611111111	0.2
36.5833333333333	0
36.5868055555556	0.2
36.5902777777778	0
36.59375	0.4
36.5972222222222	0
36.6006944444444	0
36.6041666666667	0
36.6076388888889	0
36.6111111111111	0
36.6145833333333	0
36.6180555555556	0
36.6215277777778	0
36.625	0
36.6284722222222	0
36.6319444444444	0
36.6354166666667	0
36.6388888888889	0
36.6423611111111	0
36.6458333333333	0
36.6493055555556	0
36.6527777777778	0
36.65625	0
36.6597222222222	0
36.6631944444444	0
36.6666666666667	0
36.6701388888889	0
36.6736111111111	0
36.6770833333333	0
36.6805555555556	0
36.6840277777778	0
36.6875	0
36.6909722222222	0
36.6944444444444	0
36.6979166666667	0
36.7013888888889	0
36.7048611111111	0
36.7083333333333	0
36.7118055555556	0
36.7152777777778	0
36.71875	0
36.7222222222222	0
36.7256944444444	0
36.7291666666667	0
36.7326388888889	0
36.7361111111111	0
36.7395833333333	0
36.7430555555556	0
36.7465277777778	0
36.75	0
36.7534722222222	0
36.7569444444444	0
36.7604166666667	0
36.7638888888889	0
36.7673611111111	0
36.7708333333333	0
36.7743055555556	0
36.7777777777778	0
36.78125	0
36.7847222222222	0
36.7881944444444	0
36.7916666666667	0
36.7951388888889	0
36.7986111111111	0
36.8020833333333	0
36.8055555555556	0
36.8090277777778	0
36.8125	0
36.8159722222222	0
36.8194444444444	0
36.8229166666667	0
36.8263888888889	0
36.8298611111111	0
36.8333333333333	0
36.8368055555556	0
36.8402777777778	0
36.84375	0
36.8472222222222	0
36.8506944444444	0
36.8541666666667	0
36.8576388888889	0
36.8611111111111	0
36.8645833333333	0
36.8680555555556	0
36.8715277777778	0
36.875	0
36.8784722222222	0
36.8819444444444	0
36.8854166666667	0
36.8888888888889	0
36.8923611111111	0
36.8958333333333	0
36.8993055555556	0
36.9027777777778	0
36.90625	0
36.9097222222222	0
36.9131944444444	0
36.9166666666667	0
36.9201388888889	0
36.9236111111111	0
36.9270833333333	0
36.9305555555556	0
36.9340277777778	0
36.9375	0
36.9409722222222	0
36.9444444444444	0
36.9479166666667	0
36.9513888888889	0
36.9548611111111	0
36.9583333333333	0
36.9618055555556	0
36.9652777777778	0
36.96875	0
36.9722222222222	0
36.9756944444444	0
36.9791666666667	0
36.9826388888889	0
36.9861111111111	0
36.9895833333333	0
36.9930555555556	0
36.9965277777778	0
37	0
37.0034722222222	0
37.0069444444444	0
37.0104166666667	0
37.0138888888889	0
37.0173611111111	0
37.0208333333333	0
37.0243055555556	0
37.0277777777778	0
37.03125	0
37.0347222222222	0
37.0381944444444	0
37.0416666666667	0
37.0451388888889	0
37.0486111111111	0
37.0520833333333	0
37.0555555555556	0
37.0590277777778	0
37.0625	0
37.0659722222222	0
37.0694444444444	0
37.0729166666667	0
37.0763888888889	0
37.0798611111111	0
37.0833333333333	0
37.0868055555556	0
37.0902777777778	0
37.09375	0
37.0972222222222	0
37.1006944444444	0
37.1041666666667	0
37.1076388888889	0
37.1111111111111	0
37.1145833333333	0
37.1180555555556	0
37.1215277777778	0
37.125	0
37.1284722222222	0
37.1319444444444	0
37.1354166666667	0
37.1388888888889	0
37.1423611111111	0
37.1458333333333	0
37.1493055555556	0
37.1527777777778	0
37.15625	0
37.1597222222222	0
37.1631944444444	0
37.1666666666667	0
37.1701388888889	0
37.1736111111111	0
37.1770833333333	0
37.1805555555556	0
37.1840277777778	0
37.1875	0
37.1909722222222	0
37.1944444444444	0
37.1979166666667	0
37.2013888888889	0
37.2048611111111	0
37.2083333333333	0
37.2118055555556	0
37.2152777777778	0
37.21875	0
37.2222222222222	0
37.2256944444444	0
37.2291666666667	0
37.2326388888889	0
37.2361111111111	0
37.2395833333333	0
37.2430555555556	0
37.2465277777778	0
37.25	0
37.2534722222222	0
37.2569444444444	0
37.2604166666667	0
37.2638888888889	0
37.2673611111111	0
37.2708333333333	0
37.2743055555556	0
37.2777777777778	0
37.28125	0
37.2847222222222	0
37.2881944444444	0
37.2916666666667	0
37.2951388888889	0
37.2986111111111	0
37.3020833333333	0
37.3055555555556	0
37.3090277777778	0
37.3125	0
37.3159722222222	0
37.3194444444444	0
37.3229166666667	0
37.3263888888889	0
37.3298611111111	0
37.3333333333333	0
37.3368055555556	0
37.3402777777778	0
37.34375	0
37.3472222222222	0
37.3506944444444	0
37.3541666666667	0
37.3576388888889	0
37.3611111111111	0
37.3645833333333	0
37.3680555555556	0
37.3715277777778	0
37.375	0
37.3784722222222	0
37.3819444444444	0
37.3854166666667	0
37.3888888888889	0
37.3923611111111	0
37.3958333333333	0
37.3993055555556	0
37.4027777777778	0
37.40625	0
37.4097222222222	0
37.4131944444444	0
37.4166666666667	0
37.4201388888889	0
37.4236111111111	0
37.4270833333333	0
37.4305555555556	0
37.4340277777778	0
37.4375	0
37.4409722222222	0
37.4444444444444	0
37.4479166666667	0
37.4513888888889	0
37.4548611111111	0
37.4583333333333	0
37.4618055555556	0
37.4652777777778	0
37.46875	0
37.4722222222222	0
37.4756944444444	0
37.4791666666667	0
37.4826388888889	0
37.4861111111111	0
37.4895833333333	0
37.4930555555556	0
37.4965277777778	0
37.5	0
37.5034722222222	0
37.5069444444444	0
37.5104166666667	0
37.5138888888889	0
37.5173611111111	0
37.5208333333333	0
37.5243055555556	0
37.5277777777778	0
37.53125	0
37.5347222222222	0
37.5381944444444	0
37.5416666666667	0
37.5451388888889	0
37.5486111111111	0
37.5520833333333	0
37.5555555555556	0
37.5590277777778	0
37.5625	0
37.5659722222222	0
37.5694444444444	0
37.5729166666667	0
37.5763888888889	0
37.5798611111111	0
37.5833333333333	0
37.5868055555556	0
37.5902777777778	0
37.59375	0
37.5972222222222	0
37.6006944444444	0
37.6041666666667	0
37.6076388888889	0
37.6111111111111	0
37.6145833333333	0
37.6180555555556	0
37.6215277777778	0
37.625	0
37.6284722222222	0
37.6319444444444	0
37.6354166666667	0
37.6388888888889	0
37.6423611111111	0
37.6458333333333	0
37.6493055555556	0
37.6527777777778	0
37.65625	0
37.6597222222222	0
37.6631944444444	0
37.6666666666667	0
37.6701388888889	0
37.6736111111111	0
37.6770833333333	0
37.6805555555556	0
37.6840277777778	0
37.6875	0
37.6909722222222	0
37.6944444444444	0
37.6979166666667	0
37.7013888888889	0
37.7048611111111	0
37.7083333333333	0
37.7118055555556	0
37.7152777777778	0
37.71875	0
37.7222222222222	0
37.7256944444444	0
37.7291666666667	0
37.7326388888889	0
37.7361111111111	0
37.7395833333333	0
37.7430555555556	0
37.7465277777778	0
37.75	0
37.7534722222222	0
37.7569444444444	0
37.7604166666667	0
37.7638888888889	0
37.7673611111111	0
37.7708333333333	0
37.7743055555556	0
37.7777777777778	0
37.78125	0
37.7847222222222	0
37.7881944444444	0
37.7916666666667	0
37.7951388888889	0
37.7986111111111	0
37.8020833333333	0
37.8055555555556	0
37.8090277777778	0
37.8125	0
37.8159722222222	0
37.8194444444444	0
37.8229166666667	0
37.8263888888889	0
37.8298611111111	0
37.8333333333333	0
37.8368055555556	0
37.8402777777778	0
37.84375	0
37.8472222222222	0
37.8506944444444	0
37.8541666666667	0
37.8576388888889	0
37.8611111111111	0
37.8645833333333	0
37.8680555555556	0
37.8715277777778	0
37.875	0
37.8784722222222	0
37.8819444444444	0
37.8854166666667	0
37.8888888888889	0
37.8923611111111	0
37.8958333333333	0
37.8993055555556	0
37.9027777777778	0
37.90625	0
37.9097222222222	0
37.9131944444444	0
37.9166666666667	0
37.9201388888889	0
37.9236111111111	0
37.9270833333333	0
37.9305555555556	0
37.9340277777778	0
37.9375	0
37.9409722222222	0
37.9444444444444	0
37.9479166666667	0
37.9513888888889	0
37.9548611111111	0
37.9583333333333	0
37.9618055555556	0
37.9652777777778	0
37.96875	0
37.9722222222222	0
37.9756944444444	0
37.9791666666667	0
37.9826388888889	0
37.9861111111111	0
37.9895833333333	0
37.9930555555556	0
37.9965277777778	0
38	0
38.0034722222222	0
38.0069444444444	0
38.0104166666667	0
38.0138888888889	0
38.0173611111111	0
38.0208333333333	0
38.0243055555556	0
38.0277777777778	0
38.03125	0
38.0347222222222	0
38.0381944444444	0
38.0416666666667	0
38.0451388888889	0
38.0486111111111	0
38.0520833333333	0
38.0555555555556	0
38.0590277777778	0
38.0625	0
38.0659722222222	0
38.0694444444444	0
38.0729166666667	0
38.0763888888889	0
38.0798611111111	0
38.0833333333333	0
38.0868055555556	0
38.0902777777778	0
38.09375	0
38.0972222222222	0
38.1006944444444	0
38.1041666666667	0
38.1076388888889	0
38.1111111111111	0
38.1145833333333	0
38.1180555555556	0
38.1215277777778	0
38.125	0
38.1284722222222	0
38.1319444444444	0
38.1354166666667	0
38.1388888888889	0
38.1423611111111	0
38.1458333333333	0
38.1493055555556	0
38.1527777777778	0
38.15625	0
38.1597222222222	0
38.1631944444444	0
38.1666666666667	0
38.1701388888889	0
38.1736111111111	0.2
38.1770833333333	0
38.1805555555556	0
38.1840277777778	0.2
38.1875	0
38.1909722222222	0
38.1944444444444	0
38.1979166666667	0
38.2013888888889	0
38.2048611111111	0
38.2083333333333	0
38.2118055555556	0
38.2152777777778	0
38.21875	0
38.2222222222222	0
38.2256944444444	0
38.2291666666667	0
38.2326388888889	0
38.2361111111111	0
38.2395833333333	0
38.2430555555556	0
38.2465277777778	0
38.25	0
38.2534722222222	0
38.2569444444444	0
38.2604166666667	0
38.2638888888889	0
38.2673611111111	0
38.2708333333333	0
38.2743055555556	0
38.2777777777778	0
38.28125	0
38.2847222222222	0
38.2881944444444	0
38.2916666666667	0
38.2951388888889	0
38.2986111111111	0
38.3020833333333	0
38.3055555555556	0
38.3090277777778	0
38.3125	0
38.3159722222222	0
38.3194444444444	0
38.3229166666667	0
38.3263888888889	0
38.3298611111111	0
38.3333333333333	0
38.3368055555556	0
38.3402777777778	0.2
38.34375	0
38.3472222222222	0
38.3506944444444	0
38.3541666666667	0
38.3576388888889	0
38.3611111111111	0
38.3645833333333	0.2
38.3680555555556	0
38.3715277777778	0
38.375	0
38.3784722222222	0
38.3819444444444	0
38.3854166666667	0
38.3888888888889	0
38.3923611111111	0.4
38.3958333333333	0.8
38.3993055555556	1
38.4027777777778	0.8
38.40625	1.2
38.4097222222222	0.8
38.4131944444444	0.4
38.4166666666667	0.4
38.4201388888889	0.6
38.4236111111111	0.6
38.4270833333333	0.6
38.4305555555556	0.8
38.4340277777778	0.4
38.4375	0.6
38.4409722222222	0.4
38.4444444444444	0.6
38.4479166666667	0.4
38.4513888888889	0.2
38.4548611111111	0
38.4583333333333	0.2
38.4618055555556	0
38.4652777777778	0.2
38.46875	0
38.4722222222222	0.2
38.4756944444444	0.4
38.4791666666667	0.4
38.4826388888889	0.6
38.4861111111111	0.6
38.4895833333333	0.4
38.4930555555556	0.4
38.4965277777778	0.4
38.5	0.4
38.5034722222222	0.4
38.5069444444444	0.2
38.5104166666667	0.2
38.5138888888889	0.2
38.5173611111111	0.2
38.5208333333333	0
38.5243055555556	0
38.5277777777778	0
38.53125	0
38.5347222222222	0.2
38.5381944444444	0
38.5416666666667	0
38.5451388888889	0.2
38.5486111111111	0.2
38.5520833333333	0.2
38.5555555555556	0
38.5590277777778	0
38.5625	0
38.5659722222222	0
38.5694444444444	0.2
38.5729166666667	0
38.5763888888889	0
38.5798611111111	0
38.5833333333333	0
38.5868055555556	0
38.5902777777778	0
38.59375	0
38.5972222222222	0
38.6006944444444	0
38.6041666666667	0
38.6076388888889	0
38.6111111111111	0
38.6145833333333	0
38.6180555555556	0
38.6215277777778	0
38.625	0
38.6284722222222	0
38.6319444444444	0
38.6354166666667	0
38.6388888888889	0
38.6423611111111	0
38.6458333333333	0
38.6493055555556	0
38.6527777777778	0
38.65625	0
38.6597222222222	0
38.6631944444444	0
38.6666666666667	0
38.6701388888889	0
38.6736111111111	0
38.6770833333333	0
38.6805555555556	0
38.6840277777778	0
38.6875	0
38.6909722222222	0
38.6944444444444	0
38.6979166666667	0
38.7013888888889	0
38.7048611111111	0
38.7083333333333	0
38.7118055555556	0
38.7152777777778	0
38.71875	0
38.7222222222222	0
38.7256944444444	0
38.7291666666667	0
38.7326388888889	0
38.7361111111111	0
38.7395833333333	0
38.7430555555556	0
38.7465277777778	0
38.75	0
38.7534722222222	0
38.7569444444444	0
38.7604166666667	0
38.7638888888889	0
38.7673611111111	0
38.7708333333333	0
38.7743055555556	0
38.7777777777778	0
38.78125	0
38.7847222222222	0
38.7881944444444	0
38.7916666666667	0
38.7951388888889	0
38.7986111111111	0
38.8020833333333	0
38.8055555555556	0
38.8090277777778	0
38.8125	0
38.8159722222222	0
38.8194444444444	0
38.8229166666667	0
38.8263888888889	0
38.8298611111111	0
38.8333333333333	0
38.8368055555556	0
38.8402777777778	0
38.84375	0
38.8472222222222	0
38.8506944444444	0
38.8541666666667	0
38.8576388888889	0
38.8611111111111	0
38.8645833333333	0
38.8680555555556	0
38.8715277777778	0
38.875	0
38.8784722222222	0
38.8819444444444	0
38.8854166666667	0
38.8888888888889	0
38.8923611111111	0
38.8958333333333	0
38.8993055555556	0
38.9027777777778	0
38.90625	0
38.9097222222222	0
38.9131944444444	0
38.9166666666667	0
38.9201388888889	0
38.9236111111111	0
38.9270833333333	0
38.9305555555556	0
38.9340277777778	0
38.9375	0
38.9409722222222	0
38.9444444444444	0
38.9479166666667	0
38.9513888888889	0
38.9548611111111	0
38.9583333333333	0
38.9618055555556	0
38.9652777777778	0
38.96875	0
38.9722222222222	0
38.9756944444444	0
38.9791666666667	0
38.9826388888889	0
38.9861111111111	0
38.9895833333333	0
38.9930555555556	0
38.9965277777778	0
39	0
39.0034722222222	0
39.0069444444444	0
39.0104166666667	0
39.0138888888889	0
39.0173611111111	0
39.0208333333333	0
39.0243055555556	0
39.0277777777778	0
39.03125	0
39.0347222222222	0
39.0381944444444	0
39.0416666666667	0
39.0451388888889	0
39.0486111111111	0
39.0520833333333	0
39.0555555555556	0
39.0590277777778	0
39.0625	0
39.0659722222222	0
39.0694444444444	0
39.0729166666667	0
39.0763888888889	0
39.0798611111111	0
39.0833333333333	0
39.0868055555556	0
39.0902777777778	0
39.09375	0
39.0972222222222	0
39.1006944444444	0
39.1041666666667	0
39.1076388888889	0
39.1111111111111	0
39.1145833333333	0
39.1180555555556	0
39.1215277777778	0
39.125	0
39.1284722222222	0
39.1319444444444	0
39.1354166666667	0
39.1388888888889	0
39.1423611111111	0
39.1458333333333	0
39.1493055555556	0
39.1527777777778	0
39.15625	0
39.1597222222222	0
39.1631944444444	0
39.1666666666667	0
39.1701388888889	0
39.1736111111111	0
39.1770833333333	0
39.1805555555556	0
39.1840277777778	0
39.1875	0
39.1909722222222	0
39.1944444444444	0
39.1979166666667	0
39.2013888888889	0
39.2048611111111	0
39.2083333333333	0
39.2118055555556	0
39.2152777777778	0
39.21875	0
39.2222222222222	0
39.2256944444444	0
39.2291666666667	0
39.2326388888889	0
39.2361111111111	0
39.2395833333333	0
39.2430555555556	0
39.2465277777778	0
39.25	0
39.2534722222222	0
39.2569444444444	0
39.2604166666667	0
39.2638888888889	0
39.2673611111111	0
39.2708333333333	0
39.2743055555556	0
39.2777777777778	0
39.28125	0
39.2847222222222	0
39.2881944444444	0
39.2916666666667	0
39.2951388888889	0
39.2986111111111	0
39.3020833333333	0
39.3055555555556	0
39.3090277777778	0
39.3125	0
39.3159722222222	0
39.3194444444444	0
39.3229166666667	0
39.3263888888889	0
39.3298611111111	0
39.3333333333333	0
39.3368055555556	0
39.3402777777778	0
39.34375	0
39.3472222222222	0
39.3506944444444	0
39.3541666666667	0
39.3576388888889	0
39.3611111111111	0
39.3645833333333	0
39.3680555555556	0
39.3715277777778	0
39.375	0
39.3784722222222	0
39.3819444444444	0
39.3854166666667	0
39.3888888888889	0
39.3923611111111	0
39.3958333333333	0
39.3993055555556	0
39.4027777777778	0
39.40625	0
39.4097222222222	0
39.4131944444444	0
39.4166666666667	0
39.4201388888889	0
39.4236111111111	0
39.4270833333333	0
39.4305555555556	0
39.4340277777778	0
39.4375	0
39.4409722222222	0
39.4444444444444	0
39.4479166666667	0
39.4513888888889	0
39.4548611111111	0
39.4583333333333	0
39.4618055555556	0
39.4652777777778	0
39.46875	0
39.4722222222222	0
39.4756944444444	0
39.4791666666667	0
39.4826388888889	0
39.4861111111111	0
39.4895833333333	0
39.4930555555556	0
39.4965277777778	0
39.5	0
39.5034722222222	0
39.5069444444444	0
39.5104166666667	0
39.5138888888889	0
39.5173611111111	0
39.5208333333333	0
39.5243055555556	0
39.5277777777778	0
39.53125	0
39.5347222222222	0
39.5381944444444	0
39.5416666666667	0
39.5451388888889	0
39.5486111111111	0
39.5520833333333	0
39.5555555555556	0
39.5590277777778	0
39.5625	0
39.5659722222222	0
39.5694444444444	0
39.5729166666667	0
39.5763888888889	0
39.5798611111111	0
39.5833333333333	0
39.5868055555556	0
39.5902777777778	0
39.59375	0
39.5972222222222	0
39.6006944444444	0
39.6041666666667	0
39.6076388888889	0
39.6111111111111	0
39.6145833333333	0
39.6180555555556	0
39.6215277777778	0
39.625	0
39.6284722222222	0
39.6319444444444	0
39.6354166666667	0
39.6388888888889	0
39.6423611111111	0
39.6458333333333	0
39.6493055555556	0
39.6527777777778	0
39.65625	0
39.6597222222222	0
39.6631944444444	0
39.6666666666667	0
39.6701388888889	0
39.6736111111111	0
39.6770833333333	0
39.6805555555556	0
39.6840277777778	0
39.6875	0
39.6909722222222	0
39.6944444444444	0
39.6979166666667	0
39.7013888888889	0
39.7048611111111	0
39.7083333333333	0
39.7118055555556	0
39.7152777777778	0
39.71875	0
39.7222222222222	0
39.7256944444444	0
39.7291666666667	0
39.7326388888889	0
39.7361111111111	0
39.7395833333333	0
39.7430555555556	0
39.7465277777778	0
39.75	0
39.7534722222222	0
39.7569444444444	0
39.7604166666667	0
39.7638888888889	0
39.7673611111111	0
39.7708333333333	0
39.7743055555556	0
39.7777777777778	0
39.78125	0
39.7847222222222	0
39.7881944444444	0
39.7916666666667	0
39.7951388888889	0
39.7986111111111	0
39.8020833333333	0
39.8055555555556	0
39.8090277777778	0
39.8125	0
39.8159722222222	0
39.8194444444444	0
39.8229166666667	0
39.8263888888889	0
39.8298611111111	0
39.8333333333333	0
39.8368055555556	0
39.8402777777778	0
39.84375	0
39.8472222222222	0
39.8506944444444	0
39.8541666666667	0
39.8576388888889	0
39.8611111111111	0
39.8645833333333	0
39.8680555555556	0
39.8715277777778	0
39.875	0
39.8784722222222	0
39.8819444444444	0
39.8854166666667	0
39.8888888888889	0
39.8923611111111	0
39.8958333333333	0
39.8993055555556	0
39.9027777777778	0
39.90625	0
39.9097222222222	0
39.9131944444444	0
39.9166666666667	0
39.9201388888889	0
39.9236111111111	0
39.9270833333333	0
39.9305555555556	0
39.9340277777778	0
39.9375	0
39.9409722222222	0
39.9444444444444	0
39.9479166666667	0
39.9513888888889	0
39.9548611111111	0
39.9583333333333	0
39.9618055555556	0
39.9652777777778	0
39.96875	0
39.9722222222222	0
39.9756944444444	0
39.9791666666667	0
39.9826388888889	0
39.9861111111111	0
39.9895833333333	0
39.9930555555556	0
39.9965277777778	0
40	0
40.0034722222222	0
40.0069444444444	0
40.0104166666667	0.2
40.0138888888889	0.2
40.0173611111111	0.6
40.0208333333333	0.4
40.0243055555556	0.6
40.0277777777778	0
40.03125	0.2
40.0347222222222	0.2
40.0381944444444	0
40.0416666666667	0
40.0451388888889	0
40.0486111111111	0
40.0520833333333	1.6
40.0555555555556	0.4
40.0590277777778	0
40.0625	0.2
40.0659722222222	0.2
40.0694444444444	0
40.0729166666667	0
40.0763888888889	0.2
40.0798611111111	0.2
40.0833333333333	0
40.0868055555556	0
40.0902777777778	0
40.09375	0
40.0972222222222	0
40.1006944444444	0
40.1041666666667	0
40.1076388888889	0
40.1111111111111	0
40.1145833333333	0
40.1180555555556	0
40.1215277777778	0
40.125	0
40.1284722222222	0
40.1319444444444	0
40.1354166666667	0
40.1388888888889	0
40.1423611111111	0
40.1458333333333	0
40.1493055555556	0
40.1527777777778	0
40.15625	0
40.1597222222222	0
40.1631944444444	0
40.1666666666667	0
40.1701388888889	0
40.1736111111111	0
40.1770833333333	0
40.1805555555556	0
40.1840277777778	0
40.1875	0
40.1909722222222	0
40.1944444444444	0
40.1979166666667	0
40.2013888888889	0
40.2048611111111	0
40.2083333333333	0
40.2118055555556	0
40.2152777777778	0
40.21875	0
40.2222222222222	0
40.2256944444444	0
40.2291666666667	0
40.2326388888889	0
40.2361111111111	0
40.2395833333333	0
40.2430555555556	0
40.2465277777778	0
40.25	0
40.2534722222222	0
40.2569444444444	0
40.2604166666667	0
40.2638888888889	0
40.2673611111111	0
40.2708333333333	0
40.2743055555556	0
40.2777777777778	0
40.28125	0
40.2847222222222	0
40.2881944444444	0
40.2916666666667	0
40.2951388888889	0
40.2986111111111	0
40.3020833333333	0
40.3055555555556	0
40.3090277777778	0
40.3125	0
40.3159722222222	0
40.3194444444444	0
40.3229166666667	0
40.3263888888889	0
40.3298611111111	0
40.3333333333333	0
40.3368055555556	0
40.3402777777778	0
40.34375	0
40.3472222222222	0
40.3506944444444	0
40.3541666666667	0
40.3576388888889	0
40.3611111111111	0
40.3645833333333	0
40.3680555555556	0
40.3715277777778	0
40.375	0
40.3784722222222	0
40.3819444444444	0
40.3854166666667	0
40.3888888888889	0
40.3923611111111	0
40.3958333333333	0
40.3993055555556	0
40.4027777777778	0
40.40625	0
40.4097222222222	0
40.4131944444444	0
40.4166666666667	0
40.4201388888889	0
40.4236111111111	0
40.4270833333333	0
40.4305555555556	0
40.4340277777778	0
40.4375	0
40.4409722222222	0
40.4444444444444	0
40.4479166666667	0
40.4513888888889	0
40.4548611111111	0
40.4583333333333	0
40.4618055555556	0
40.4652777777778	0
40.46875	0
40.4722222222222	0
40.4756944444444	0
40.4791666666667	0
40.4826388888889	0
40.4861111111111	0
40.4895833333333	0
40.4930555555556	0
40.4965277777778	0
40.5	0
40.5034722222222	0
40.5069444444444	0
40.5104166666667	0
40.5138888888889	0
40.5173611111111	0
40.5208333333333	0
40.5243055555556	0
40.5277777777778	0
40.53125	0
40.5347222222222	0
40.5381944444444	0
40.5416666666667	0
40.5451388888889	0
40.5486111111111	0
40.5520833333333	0
40.5555555555556	0
40.5590277777778	0
40.5625	0
40.5659722222222	0
40.5694444444444	0
40.5729166666667	0
40.5763888888889	0
40.5798611111111	0
40.5833333333333	0
40.5868055555556	0
40.5902777777778	0
40.59375	0
40.5972222222222	0
40.6006944444444	0
40.6041666666667	0
40.6076388888889	0
40.6111111111111	0
40.6145833333333	0
40.6180555555556	0
40.6215277777778	0
40.625	0
40.6284722222222	0
40.6319444444444	0
40.6354166666667	0
40.6388888888889	0.2
40.6423611111111	0
40.6458333333333	0
40.6493055555556	0
40.6527777777778	0
40.65625	0
40.6597222222222	0
40.6631944444444	0
40.6666666666667	0
40.6701388888889	0
40.6736111111111	0
40.6770833333333	0
40.6805555555556	0
40.6840277777778	0
40.6875	0
40.6909722222222	0
40.6944444444444	0
40.6979166666667	0
40.7013888888889	0
40.7048611111111	0
40.7083333333333	0
40.7118055555556	0
40.7152777777778	0
40.71875	0
40.7222222222222	0
40.7256944444444	0
40.7291666666667	0
40.7326388888889	0
40.7361111111111	0
40.7395833333333	0
40.7430555555556	0
40.7465277777778	0
40.75	0
40.7534722222222	0
40.7569444444444	0
40.7604166666667	0
40.7638888888889	0
40.7673611111111	0
40.7708333333333	0
40.7743055555556	0
40.7777777777778	0
40.78125	0
40.7847222222222	0
40.7881944444444	0
40.7916666666667	0
40.7951388888889	0
40.7986111111111	0
40.8020833333333	0
40.8055555555556	0
40.8090277777778	0
40.8125	0
40.8159722222222	0
40.8194444444444	0
40.8229166666667	0
40.8263888888889	0
40.8298611111111	0
40.8333333333333	0
40.8368055555556	0
40.8402777777778	0
40.84375	0
40.8472222222222	0
40.8506944444444	0
40.8541666666667	0
40.8576388888889	0
40.8611111111111	0
40.8645833333333	0
40.8680555555556	0
40.8715277777778	0
40.875	0
40.8784722222222	0
40.8819444444444	0
40.8854166666667	0
40.8888888888889	0
40.8923611111111	0
40.8958333333333	0
40.8993055555556	0
40.9027777777778	0
40.90625	0
40.9097222222222	0
40.9131944444444	0
40.9166666666667	0
40.9201388888889	0
40.9236111111111	0
40.9270833333333	0
40.9305555555556	0
40.9340277777778	0
40.9375	0
40.9409722222222	0
40.9444444444444	0
40.9479166666667	0
40.9513888888889	0
40.9548611111111	0
40.9583333333333	0
40.9618055555556	0
40.9652777777778	0
40.96875	0
40.9722222222222	0
40.9756944444444	0
40.9791666666667	0
40.9826388888889	0
40.9861111111111	0
40.9895833333333	0
40.9930555555556	0
40.9965277777778	0
41	0
41.0034722222222	0
41.0069444444444	0
41.0104166666667	0
41.0138888888889	0
41.0173611111111	0
41.0208333333333	0
41.0243055555556	0
41.0277777777778	0
41.03125	0
41.0347222222222	0
41.0381944444444	0
41.0416666666667	0
41.0451388888889	0
41.0486111111111	0
41.0520833333333	0
41.0555555555556	0
41.0590277777778	0
41.0625	0
41.0659722222222	0
41.0694444444444	0
41.0729166666667	0
41.0763888888889	0
41.0798611111111	0
41.0833333333333	0
41.0868055555556	0
41.0902777777778	0
41.09375	0
41.0972222222222	0
41.1006944444444	0
41.1041666666667	0
41.1076388888889	0
41.1111111111111	0
41.1145833333333	0
41.1180555555556	0
41.1215277777778	0
41.125	0
41.1284722222222	0
41.1319444444444	0
41.1354166666667	0
41.1388888888889	0
41.1423611111111	0
41.1458333333333	0
41.1493055555556	0
41.1527777777778	0
41.15625	0
41.1597222222222	0
41.1631944444444	0
41.1666666666667	0
41.1701388888889	0
41.1736111111111	0
41.1770833333333	0
41.1805555555556	0
41.1840277777778	0
41.1875	0
41.1909722222222	0
41.1944444444444	0
41.1979166666667	0
41.2013888888889	0
41.2048611111111	0
41.2083333333333	0
41.2118055555556	0
41.2152777777778	0
41.21875	0
41.2222222222222	0
41.2256944444444	0
41.2291666666667	0
41.2326388888889	0
41.2361111111111	0
41.2395833333333	0
41.2430555555556	0
41.2465277777778	0
41.25	0
41.2534722222222	0
41.2569444444444	0
41.2604166666667	0
41.2638888888889	0
41.2673611111111	0
41.2708333333333	0
41.2743055555556	0
41.2777777777778	0
41.28125	0
41.2847222222222	0
41.2881944444444	0
41.2916666666667	0
41.2951388888889	0
41.2986111111111	0
41.3020833333333	0
41.3055555555556	0
41.3090277777778	0
41.3125	0
41.3159722222222	0
41.3194444444444	0
41.3229166666667	0
41.3263888888889	0
41.3298611111111	0
41.3333333333333	0
41.3368055555556	0
41.3402777777778	0
41.34375	0
41.3472222222222	0
41.3506944444444	0
41.3541666666667	0
41.3576388888889	0
41.3611111111111	0
41.3645833333333	0
41.3680555555556	0
41.3715277777778	0
41.375	0
41.3784722222222	0
41.3819444444444	0
41.3854166666667	0
41.3888888888889	0
41.3923611111111	0
41.3958333333333	0
41.3993055555556	0
41.4027777777778	0
41.40625	0
41.4097222222222	0
41.4131944444444	0
41.4166666666667	0
41.4201388888889	0
41.4236111111111	0
41.4270833333333	0
41.4305555555556	0
41.4340277777778	0
41.4375	0
41.4409722222222	0
41.4444444444444	0
41.4479166666667	0
41.4513888888889	0
41.4548611111111	0
41.4583333333333	0
41.4618055555556	0
41.4652777777778	0
41.46875	0
41.4722222222222	0
41.4756944444444	0
41.4791666666667	0
41.4826388888889	0
41.4861111111111	0
41.4895833333333	0
41.4930555555556	0
41.4965277777778	0
41.5	0
41.5034722222222	0
41.5069444444444	0
41.5104166666667	0
41.5138888888889	0
41.5173611111111	0
41.5208333333333	0
41.5243055555556	0
41.5277777777778	0
41.53125	0
41.5347222222222	0
41.5381944444444	0
41.5416666666667	0
41.5451388888889	0
41.5486111111111	0
41.5520833333333	0
41.5555555555556	0
41.5590277777778	0
41.5625	0
41.5659722222222	0
41.5694444444444	0
41.5729166666667	0
41.5763888888889	0
41.5798611111111	0
41.5833333333333	0
41.5868055555556	0
41.5902777777778	0
41.59375	0
41.5972222222222	0
41.6006944444444	0
41.6041666666667	0
41.6076388888889	0
41.6111111111111	0
41.6145833333333	0
41.6180555555556	0
41.6215277777778	0
41.625	0
41.6284722222222	0
41.6319444444444	0
41.6354166666667	0
41.6388888888889	0
41.6423611111111	0
41.6458333333333	0
41.6493055555556	0
41.6527777777778	0
41.65625	0
41.6597222222222	0
41.6631944444444	0
41.6666666666667	0
41.6701388888889	0
41.6736111111111	0
41.6770833333333	0
41.6805555555556	0
41.6840277777778	0
41.6875	0
41.6909722222222	0
41.6944444444444	0
41.6979166666667	0
41.7013888888889	0
41.7048611111111	0
41.7083333333333	0
41.7118055555556	0
41.7152777777778	0
41.71875	0
41.7222222222222	0
41.7256944444444	0
41.7291666666667	0
41.7326388888889	0
41.7361111111111	0
41.7395833333333	0
41.7430555555556	0
41.7465277777778	0
41.75	0
41.7534722222222	0
41.7569444444444	0
41.7604166666667	0
41.7638888888889	0
41.7673611111111	0
41.7708333333333	0
41.7743055555556	0
41.7777777777778	0
41.78125	0
41.7847222222222	0
41.7881944444444	0
41.7916666666667	0
41.7951388888889	0
41.7986111111111	0
41.8020833333333	0
41.8055555555556	0
41.8090277777778	0
41.8125	0
41.8159722222222	0
41.8194444444444	0
41.8229166666667	0
41.8263888888889	0
41.8298611111111	0
41.8333333333333	0
41.8368055555556	0
41.8402777777778	0
41.84375	0
41.8472222222222	0
41.8506944444444	0
41.8541666666667	0
41.8576388888889	0
41.8611111111111	0
41.8645833333333	0
41.8680555555556	0
41.8715277777778	0
41.875	0
41.8784722222222	0
41.8819444444444	0
41.8854166666667	0
41.8888888888889	0
41.8923611111111	0
41.8958333333333	0
41.8993055555556	0
41.9027777777778	0
41.90625	0
41.9097222222222	0
41.9131944444444	0
41.9166666666667	0
41.9201388888889	0
41.9236111111111	0
41.9270833333333	0
41.9305555555556	0
41.9340277777778	0
41.9375	0
41.9409722222222	0
41.9444444444444	0
41.9479166666667	0
41.9513888888889	0
41.9548611111111	0
41.9583333333333	0
41.9618055555556	0
41.9652777777778	0
41.96875	0
41.9722222222222	0
41.9756944444444	0
41.9791666666667	0
41.9826388888889	0
41.9861111111111	0
41.9895833333333	0
41.9930555555556	0
41.9965277777778	0
42	0
42.0034722222222	0
42.0069444444444	0
42.0104166666667	0
42.0138888888889	0
42.0173611111111	0
42.0208333333333	0
42.0243055555556	0
42.0277777777778	0
42.03125	0
42.0347222222222	0
42.0381944444444	0
42.0416666666667	0
42.0451388888889	0
42.0486111111111	0
42.0520833333333	0
42.0555555555556	0
42.0590277777778	0
42.0625	0
42.0659722222222	0
42.0694444444444	0
42.0729166666667	0
42.0763888888889	0
42.0798611111111	0
42.0833333333333	0
42.0868055555556	0
42.0902777777778	0
42.09375	0
42.0972222222222	0
42.1006944444444	0
42.1041666666667	0
42.1076388888889	0
42.1111111111111	0
42.1145833333333	0
42.1180555555556	0
42.1215277777778	0
42.125	0
42.1284722222222	0
42.1319444444444	0
42.1354166666667	0
42.1388888888889	0
42.1423611111111	0
42.1458333333333	0
42.1493055555556	0
42.1527777777778	0
42.15625	0
42.1597222222222	0
42.1631944444444	0
42.1666666666667	0
42.1701388888889	0
42.1736111111111	0
42.1770833333333	0
42.1805555555556	0
42.1840277777778	0
42.1875	0
42.1909722222222	0
42.1944444444444	0
42.1979166666667	0
42.2013888888889	0
42.2048611111111	0
42.2083333333333	0
42.2118055555556	0
42.2152777777778	0
42.21875	0
42.2222222222222	0
42.2256944444444	0
42.2291666666667	0
42.2326388888889	0
42.2361111111111	0
42.2395833333333	0
42.2430555555556	0
42.2465277777778	0
42.25	0
42.2534722222222	0
42.2569444444444	0
42.2604166666667	0
42.2638888888889	0
42.2673611111111	0
42.2708333333333	0
42.2743055555556	0
42.2777777777778	0
42.28125	0
42.2847222222222	0
42.2881944444444	0
42.2916666666667	0
42.2951388888889	0
42.2986111111111	0
42.3020833333333	0
42.3055555555556	0
42.3090277777778	0
42.3125	0
42.3159722222222	0
42.3194444444444	0
42.3229166666667	0
42.3263888888889	0
42.3298611111111	0
42.3333333333333	0
42.3368055555556	0
42.3402777777778	0
42.34375	0
42.3472222222222	0
42.3506944444444	0
42.3541666666667	0
42.3576388888889	0
42.3611111111111	0
42.3645833333333	0
42.3680555555556	0
42.3715277777778	0
42.375	0
42.3784722222222	0
42.3819444444444	0
42.3854166666667	0
42.3888888888889	0
42.3923611111111	0
42.3958333333333	0
42.3993055555556	0
42.4027777777778	0
42.40625	0
42.4097222222222	0
42.4131944444444	0
42.4166666666667	0
42.4201388888889	0
42.4236111111111	0
42.4270833333333	0
42.4305555555556	0
42.4340277777778	0
42.4375	0
42.4409722222222	0
42.4444444444444	0
42.4479166666667	0
42.4513888888889	0
42.4548611111111	0
42.4583333333333	0
42.4618055555556	0
42.4652777777778	0
42.46875	0
42.4722222222222	0
42.4756944444444	0
42.4791666666667	0
42.4826388888889	0
42.4861111111111	0
42.4895833333333	0
42.4930555555556	0
42.4965277777778	0
42.5	0
42.5034722222222	0
42.5069444444444	0
42.5104166666667	0
42.5138888888889	0
42.5173611111111	0
42.5208333333333	0
42.5243055555556	0
42.5277777777778	0
42.53125	0
42.5347222222222	0
42.5381944444444	0
42.5416666666667	0
42.5451388888889	0
42.5486111111111	0
42.5520833333333	0
42.5555555555556	0
42.5590277777778	0
42.5625	0
42.5659722222222	0
42.5694444444444	0
42.5729166666667	0
42.5763888888889	0
42.5798611111111	0
42.5833333333333	0
42.5868055555556	0
42.5902777777778	0
42.59375	0
42.5972222222222	0
42.6006944444444	0
42.6041666666667	0
42.6076388888889	0
42.6111111111111	0
42.6145833333333	0
42.6180555555556	0
42.6215277777778	0
42.625	0
42.6284722222222	0
42.6319444444444	0
42.6354166666667	0
42.6388888888889	0
42.6423611111111	0
42.6458333333333	0
42.6493055555556	0
42.6527777777778	0
42.65625	0
42.6597222222222	0
42.6631944444444	0
42.6666666666667	0
42.6701388888889	0
42.6736111111111	0
42.6770833333333	0
42.6805555555556	0
42.6840277777778	0
42.6875	0
42.6909722222222	0
42.6944444444444	0
42.6979166666667	0
42.7013888888889	0
42.7048611111111	0
42.7083333333333	0
42.7118055555556	0
42.7152777777778	0
42.71875	0
42.7222222222222	0
42.7256944444444	0
42.7291666666667	0
42.7326388888889	0
42.7361111111111	0
42.7395833333333	0
42.7430555555556	0
42.7465277777778	0
42.75	0
42.7534722222222	0
42.7569444444444	0
42.7604166666667	0
42.7638888888889	0
42.7673611111111	0
42.7708333333333	0
42.7743055555556	0
42.7777777777778	0
42.78125	0
42.7847222222222	0
42.7881944444444	0
42.7916666666667	0
42.7951388888889	0.4
42.7986111111111	0.2
42.8020833333333	0
42.8055555555556	0
42.8090277777778	0
42.8125	0.2
42.8159722222222	0.2
42.8194444444444	0
42.8229166666667	0
42.8263888888889	0.2
42.8298611111111	0.2
42.8333333333333	0
42.8368055555556	0
42.8402777777778	0
42.84375	0
42.8472222222222	0.2
42.8506944444444	0
42.8541666666667	0
42.8576388888889	0.2
42.8611111111111	0
42.8645833333333	0
42.8680555555556	0
42.8715277777778	0
42.875	0
42.8784722222222	0
42.8819444444444	0.2
42.8854166666667	0.2
42.8888888888889	0
42.8923611111111	0.2
42.8958333333333	0
42.8993055555556	0.2
42.9027777777778	0.2
42.90625	0.2
42.9097222222222	0.2
42.9131944444444	0.2
42.9166666666667	0.4
42.9201388888889	0.2
42.9236111111111	0.2
42.9270833333333	0.2
42.9305555555556	0.4
42.9340277777778	0.4
42.9375	0.2
42.9409722222222	0.2
42.9444444444444	0.2
42.9479166666667	0
42.9513888888889	0.2
42.9548611111111	0.2
42.9583333333333	0.2
42.9618055555556	0
42.9652777777778	0.2
42.96875	0.2
42.9722222222222	0
42.9756944444444	0.2
42.9791666666667	0.4
42.9826388888889	0.4
42.9861111111111	0
42.9895833333333	0
42.9930555555556	0.2
42.9965277777778	0.2
43	0
43.0034722222222	0
43.0069444444444	0
43.0104166666667	0
43.0138888888889	0.2
43.0173611111111	0
43.0208333333333	0
43.0243055555556	0.2
43.0277777777778	0
43.03125	0
43.0347222222222	0
43.0381944444444	0.2
43.0416666666667	0
43.0451388888889	0
43.0486111111111	0
43.0520833333333	0.2
43.0555555555556	0
43.0590277777778	0
43.0625	0
43.0659722222222	0
43.0694444444444	0
43.0729166666667	0
43.0763888888889	0
43.0798611111111	0
43.0833333333333	0.2
43.0868055555556	0
43.0902777777778	0.2
43.09375	0
43.0972222222222	0
43.1006944444444	0
43.1041666666667	0.2
43.1076388888889	0.2
43.1111111111111	0
43.1145833333333	0
43.1180555555556	0
43.1215277777778	0
43.125	0
43.1284722222222	0
43.1319444444444	0
43.1354166666667	0
43.1388888888889	0
43.1423611111111	0
43.1458333333333	0
43.1493055555556	0
43.1527777777778	0
43.15625	0
43.1597222222222	0
43.1631944444444	0
43.1666666666667	0
43.1701388888889	0
43.1736111111111	0
43.1770833333333	0
43.1805555555556	0
43.1840277777778	0
43.1875	0
43.1909722222222	0
43.1944444444444	0
43.1979166666667	0
43.2013888888889	0
43.2048611111111	0
43.2083333333333	0
43.2118055555556	0
43.2152777777778	0
43.21875	0
43.2222222222222	0
43.2256944444444	0
43.2291666666667	0
43.2326388888889	0
43.2361111111111	0
43.2395833333333	0
43.2430555555556	0
43.2465277777778	0
43.25	0
43.2534722222222	0
43.2569444444444	0
43.2604166666667	0
43.2638888888889	0
43.2673611111111	0
43.2708333333333	0
43.2743055555556	0
43.2777777777778	0
43.28125	0
43.2847222222222	0
43.2881944444444	0
43.2916666666667	0
43.2951388888889	0
43.2986111111111	0
43.3020833333333	0
43.3055555555556	0
43.3090277777778	0
43.3125	0
43.3159722222222	0
43.3194444444444	0
43.3229166666667	0
43.3263888888889	0
43.3298611111111	0
43.3333333333333	0
43.3368055555556	0
43.3402777777778	0
43.34375	0
43.3472222222222	0
43.3506944444444	0
43.3541666666667	0
43.3576388888889	0
43.3611111111111	0
43.3645833333333	0
43.3680555555556	0
43.3715277777778	0
43.375	0
43.3784722222222	0
43.3819444444444	0
43.3854166666667	0
43.3888888888889	0
43.3923611111111	0
43.3958333333333	0
43.3993055555556	0
43.4027777777778	0
43.40625	0
43.4097222222222	0
43.4131944444444	0
43.4166666666667	0
43.4201388888889	0
43.4236111111111	0
43.4270833333333	0
43.4305555555556	0
43.4340277777778	0
43.4375	0
43.4409722222222	0
43.4444444444444	0
43.4479166666667	0
43.4513888888889	0
43.4548611111111	0
43.4583333333333	0
43.4618055555556	0
43.4652777777778	0
43.46875	0
43.4722222222222	0
43.4756944444444	0
43.4791666666667	0
43.4826388888889	0
43.4861111111111	0
43.4895833333333	0
43.4930555555556	0
43.4965277777778	0
43.5	0
43.5034722222222	0
43.5069444444444	0
43.5104166666667	0
43.5138888888889	0
43.5173611111111	0
43.5208333333333	0
43.5243055555556	0
43.5277777777778	0
43.53125	0
43.5347222222222	0
43.5381944444444	0
43.5416666666667	0
43.5451388888889	0
43.5486111111111	0
43.5520833333333	0
43.5555555555556	0
43.5590277777778	0
43.5625	0
43.5659722222222	0
43.5694444444444	0
43.5729166666667	0
43.5763888888889	0
43.5798611111111	0
43.5833333333333	0
43.5868055555556	0
43.5902777777778	0
43.59375	0
43.5972222222222	0
43.6006944444444	0
43.6041666666667	0
43.6076388888889	0
43.6111111111111	0
43.6145833333333	0
43.6180555555556	0
43.6215277777778	0
43.625	0
43.6284722222222	0
43.6319444444444	0
43.6354166666667	0
43.6388888888889	0
43.6423611111111	0
43.6458333333333	0
43.6493055555556	0
43.6527777777778	0
43.65625	0
43.6597222222222	0
43.6631944444444	0
43.6666666666667	0
43.6701388888889	0
43.6736111111111	0
43.6770833333333	0
43.6805555555556	0
43.6840277777778	0
43.6875	0
43.6909722222222	0
43.6944444444444	0
43.6979166666667	0
43.7013888888889	0
43.7048611111111	0
43.7083333333333	0
43.7118055555556	0
43.7152777777778	0
43.71875	0
43.7222222222222	0
43.7256944444444	0
43.7291666666667	0
43.7326388888889	0
43.7361111111111	0
43.7395833333333	0
43.7430555555556	0
43.7465277777778	0
43.75	0
43.7534722222222	0
43.7569444444444	0
43.7604166666667	0
43.7638888888889	0
43.7673611111111	0
43.7708333333333	0
43.7743055555556	0
43.7777777777778	0
43.78125	0
43.7847222222222	0
43.7881944444444	0
43.7916666666667	0
43.7951388888889	0
43.7986111111111	0
43.8020833333333	0
43.8055555555556	0
43.8090277777778	0
43.8125	0
43.8159722222222	0
43.8194444444444	0
43.8229166666667	0
43.8263888888889	0
43.8298611111111	0
43.8333333333333	0
43.8368055555556	0
43.8402777777778	0
43.84375	0
43.8472222222222	0
43.8506944444444	0
43.8541666666667	0
43.8576388888889	0
43.8611111111111	0
43.8645833333333	0
43.8680555555556	0
43.8715277777778	0
43.875	0
43.8784722222222	0
43.8819444444444	0
43.8854166666667	0
43.8888888888889	0
43.8923611111111	0
43.8958333333333	0
43.8993055555556	0
43.9027777777778	0
43.90625	0
43.9097222222222	0
43.9131944444444	0
43.9166666666667	0
43.9201388888889	0
43.9236111111111	0
43.9270833333333	0
43.9305555555556	0
43.9340277777778	0
43.9375	0
43.9409722222222	0
43.9444444444444	0
43.9479166666667	0
43.9513888888889	0
43.9548611111111	0
43.9583333333333	0
43.9618055555556	0
43.9652777777778	0
43.96875	0
43.9722222222222	0
43.9756944444444	0
43.9791666666667	0
43.9826388888889	0
43.9861111111111	0
43.9895833333333	0.2
43.9930555555556	0
43.9965277777778	0
44	0
44.0034722222222	0
44.0069444444444	0
44.0104166666667	0
44.0138888888889	0
44.0173611111111	0
44.0208333333333	0
44.0243055555556	0
44.0277777777778	0
44.03125	0
44.0347222222222	0
44.0381944444444	0
44.0416666666667	0
44.0451388888889	0
44.0486111111111	0
44.0520833333333	0
44.0555555555556	0
44.0590277777778	0
44.0625	0
44.0659722222222	0
44.0694444444444	0
44.0729166666667	0
44.0763888888889	0
44.0798611111111	0
44.0833333333333	0
44.0868055555556	0
44.0902777777778	0
44.09375	0
44.0972222222222	0
44.1006944444444	0
44.1041666666667	0
44.1076388888889	0
44.1111111111111	0
44.1145833333333	0
44.1180555555556	0
44.1215277777778	0
44.125	0
44.1284722222222	0
44.1319444444444	0
44.1354166666667	0
44.1388888888889	0
44.1423611111111	0
44.1458333333333	0
44.1493055555556	0
44.1527777777778	0
44.15625	0
44.1597222222222	0
44.1631944444444	0
44.1666666666667	0
44.1701388888889	0
44.1736111111111	0
44.1770833333333	0
44.1805555555556	0
44.1840277777778	0
44.1875	0
44.1909722222222	0
44.1944444444444	0
44.1979166666667	0
44.2013888888889	0
44.2048611111111	0
44.2083333333333	0
44.2118055555556	0
44.2152777777778	0
44.21875	0
44.2222222222222	0
44.2256944444444	0
44.2291666666667	0
44.2326388888889	0
44.2361111111111	0
44.2395833333333	0
44.2430555555556	0
44.2465277777778	0
44.25	0
44.2534722222222	0
44.2569444444444	0
44.2604166666667	0
44.2638888888889	0
44.2673611111111	0
44.2708333333333	0
44.2743055555556	0
44.2777777777778	0
44.28125	0
44.2847222222222	0
44.2881944444444	0
44.2916666666667	0
44.2951388888889	0
44.2986111111111	0
44.3020833333333	0
44.3055555555556	0
44.3090277777778	0
44.3125	0
44.3159722222222	0
44.3194444444444	0
44.3229166666667	0
44.3263888888889	0
44.3298611111111	0
44.3333333333333	0
44.3368055555556	0
44.3402777777778	0
44.34375	0
44.3472222222222	0
44.3506944444444	0
44.3541666666667	0
44.3576388888889	0
44.3611111111111	0
44.3645833333333	0
44.3680555555556	0
44.3715277777778	0
44.375	0
44.3784722222222	0
44.3819444444444	0
44.3854166666667	0
44.3888888888889	0
44.3923611111111	0
44.3958333333333	0
44.3993055555556	0
44.4027777777778	0
44.40625	0
44.4097222222222	0
44.4131944444444	0
44.4166666666667	0
44.4201388888889	0
44.4236111111111	0
44.4270833333333	0
44.4305555555556	0
44.4340277777778	0
44.4375	0
44.4409722222222	0
44.4444444444444	0
44.4479166666667	0
44.4513888888889	0
44.4548611111111	0
44.4583333333333	0
44.4618055555556	0
44.4652777777778	0
44.46875	0
44.4722222222222	0
44.4756944444444	0
44.4791666666667	0
44.4826388888889	0
44.4861111111111	0
44.4895833333333	0
44.4930555555556	0
44.4965277777778	0
44.5	0
44.5034722222222	0
44.5069444444444	0
44.5104166666667	0
44.5138888888889	0
44.5173611111111	0
44.5208333333333	0
44.5243055555556	0
44.5277777777778	0
44.53125	0
44.5347222222222	0
44.5381944444444	0
44.5416666666667	0
44.5451388888889	0
44.5486111111111	0
44.5520833333333	0
44.5555555555556	0
44.5590277777778	0
44.5625	0
44.5659722222222	0
44.5694444444444	0
44.5729166666667	0
44.5763888888889	0
44.5798611111111	0
44.5833333333333	0
44.5868055555556	0
44.5902777777778	0
44.59375	0
44.5972222222222	0
44.6006944444444	0
44.6041666666667	0
44.6076388888889	0
44.6111111111111	0
44.6145833333333	0
44.6180555555556	0
44.6215277777778	0
44.625	0
44.6284722222222	0
44.6319444444444	0
44.6354166666667	0
44.6388888888889	0
44.6423611111111	0
44.6458333333333	0
44.6493055555556	0
44.6527777777778	0
44.65625	0
44.6597222222222	0
44.6631944444444	0
44.6666666666667	0
44.6701388888889	0
44.6736111111111	0
44.6770833333333	0
44.6805555555556	0
44.6840277777778	0
44.6875	0
44.6909722222222	0
44.6944444444444	0
44.6979166666667	0
44.7013888888889	0
44.7048611111111	0
44.7083333333333	0
44.7118055555556	0
44.7152777777778	0
44.71875	0
44.7222222222222	0
44.7256944444444	0
44.7291666666667	0
44.7326388888889	0
44.7361111111111	0
44.7395833333333	0
44.7430555555556	0
44.7465277777778	0
44.75	0
44.7534722222222	0
44.7569444444444	0
44.7604166666667	0
44.7638888888889	0
44.7673611111111	0
44.7708333333333	0
44.7743055555556	0
44.7777777777778	0
44.78125	0
44.7847222222222	0
44.7881944444444	0
44.7916666666667	0
44.7951388888889	0
44.7986111111111	0
44.8020833333333	0
44.8055555555556	0
44.8090277777778	0
44.8125	0
44.8159722222222	0
44.8194444444444	0
44.8229166666667	0
44.8263888888889	0
44.8298611111111	0
44.8333333333333	0
44.8368055555556	0
44.8402777777778	0
44.84375	0
44.8472222222222	0
44.8506944444444	0
44.8541666666667	0
44.8576388888889	0
44.8611111111111	0
44.8645833333333	0
44.8680555555556	0
44.8715277777778	0
44.875	0
44.8784722222222	0
44.8819444444444	0
44.8854166666667	0
44.8888888888889	0
44.8923611111111	0
44.8958333333333	0
44.8993055555556	0
44.9027777777778	0
44.90625	0
44.9097222222222	0
44.9131944444444	0
44.9166666666667	0
44.9201388888889	0
44.9236111111111	0
44.9270833333333	0
44.9305555555556	0
44.9340277777778	0
44.9375	0
44.9409722222222	0
44.9444444444444	0
44.9479166666667	0
44.9513888888889	0
44.9548611111111	0
44.9583333333333	0
44.9618055555556	0
44.9652777777778	0
44.96875	0
44.9722222222222	0
44.9756944444444	0
44.9791666666667	0
44.9826388888889	0
44.9861111111111	0
44.9895833333333	0
44.9930555555556	0
44.9965277777778	0
45	0
45.0034722222222	0
45.0069444444444	0
45.0104166666667	0
45.0138888888889	0
45.0173611111111	0
45.0208333333333	0
45.0243055555556	0
45.0277777777778	0
45.03125	0
45.0347222222222	0
45.0381944444444	0
45.0416666666667	0
45.0451388888889	0
45.0486111111111	0
45.0520833333333	0
45.0555555555556	0
45.0590277777778	0
45.0625	0
45.0659722222222	0
45.0694444444444	0
45.0729166666667	0
45.0763888888889	0
45.0798611111111	0
45.0833333333333	0
45.0868055555556	0
45.0902777777778	0
45.09375	0
45.0972222222222	0
45.1006944444444	0
45.1041666666667	0
45.1076388888889	0
45.1111111111111	0
45.1145833333333	0
45.1180555555556	0
45.1215277777778	0
45.125	0
45.1284722222222	0
45.1319444444444	0
45.1354166666667	0
45.1388888888889	0
45.1423611111111	0
45.1458333333333	0
45.1493055555556	0
45.1527777777778	0
45.15625	0
45.1597222222222	0
45.1631944444444	0
45.1666666666667	0
45.1701388888889	0
45.1736111111111	0
45.1770833333333	0
45.1805555555556	0
45.1840277777778	0
45.1875	0
45.1909722222222	0
45.1944444444444	0
45.1979166666667	0
45.2013888888889	0
45.2048611111111	0
45.2083333333333	0
45.2118055555556	0
45.2152777777778	0
45.21875	0
45.2222222222222	0
45.2256944444444	0
45.2291666666667	0
45.2326388888889	0
45.2361111111111	0
45.2395833333333	0
45.2430555555556	0
45.2465277777778	0
45.25	0
45.2534722222222	0
45.2569444444444	0
45.2604166666667	0
45.2638888888889	0
45.2673611111111	0
45.2708333333333	0
45.2743055555556	0
45.2777777777778	0
45.28125	0
45.2847222222222	0
45.2881944444444	0
45.2916666666667	0
45.2951388888889	0
45.2986111111111	0
45.3020833333333	0
45.3055555555556	0
45.3090277777778	0
45.3125	0
45.3159722222222	0
45.3194444444444	0
45.3229166666667	0
45.3263888888889	0
45.3298611111111	0
45.3333333333333	0
45.3368055555556	0
45.3402777777778	0
45.34375	0
45.3472222222222	0
45.3506944444444	0
45.3541666666667	0
45.3576388888889	0
45.3611111111111	0
45.3645833333333	0
45.3680555555556	0
45.3715277777778	0
45.375	0
45.3784722222222	0
45.3819444444444	0
45.3854166666667	0
45.3888888888889	0
45.3923611111111	0
45.3958333333333	0
45.3993055555556	0
45.4027777777778	0
45.40625	0
45.4097222222222	0
45.4131944444444	0
45.4166666666667	0
45.4201388888889	0
45.4236111111111	0
45.4270833333333	0
45.4305555555556	0
45.4340277777778	0
45.4375	0
45.4409722222222	0
45.4444444444444	0
45.4479166666667	0
45.4513888888889	0
45.4548611111111	0
45.4583333333333	0
45.4618055555556	0
45.4652777777778	0
45.46875	0
45.4722222222222	0
45.4756944444444	0
45.4791666666667	0
45.4826388888889	0
45.4861111111111	0
45.4895833333333	0
45.4930555555556	0
45.4965277777778	0
45.5	0
45.5034722222222	0
45.5069444444444	0
45.5104166666667	0
45.5138888888889	0
45.5173611111111	0
45.5208333333333	0
45.5243055555556	0
45.5277777777778	0
45.53125	0
45.5347222222222	0
45.5381944444444	0
45.5416666666667	0
45.5451388888889	0
45.5486111111111	0
45.5520833333333	0
45.5555555555556	0
45.5590277777778	0
45.5625	0
45.5659722222222	0
45.5694444444444	0
45.5729166666667	0
45.5763888888889	0
45.5798611111111	0
45.5833333333333	0
45.5868055555556	0
45.5902777777778	0
45.59375	0
45.5972222222222	0
45.6006944444444	0
45.6041666666667	0
45.6076388888889	0
45.6111111111111	0
45.6145833333333	0
45.6180555555556	0
45.6215277777778	0
45.625	0.2
45.6284722222222	0
45.6319444444444	0
45.6354166666667	0
45.6388888888889	0
45.6423611111111	0
45.6458333333333	0
45.6493055555556	0
45.6527777777778	0
45.65625	0
45.6597222222222	0
45.6631944444444	0
45.6666666666667	0
45.6701388888889	0
45.6736111111111	0
45.6770833333333	0
45.6805555555556	0
45.6840277777778	0
45.6875	0
45.6909722222222	0
45.6944444444444	0
45.6979166666667	0
45.7013888888889	0
45.7048611111111	0
45.7083333333333	0
45.7118055555556	0
45.7152777777778	0
45.71875	0
45.7222222222222	0
45.7256944444444	0
45.7291666666667	0
45.7326388888889	0
45.7361111111111	0
45.7395833333333	0
45.7430555555556	0
45.7465277777778	0
45.75	0
45.7534722222222	0
45.7569444444444	0
45.7604166666667	0
45.7638888888889	0
45.7673611111111	0
45.7708333333333	0
45.7743055555556	0
45.7777777777778	0
45.78125	0
45.7847222222222	0
45.7881944444444	0
45.7916666666667	0
45.7951388888889	0
45.7986111111111	0
45.8020833333333	0
45.8055555555556	0
45.8090277777778	0
45.8125	0
45.8159722222222	0
45.8194444444444	0
45.8229166666667	0
45.8263888888889	0
45.8298611111111	0
45.8333333333333	0
45.8368055555556	0
45.8402777777778	0
45.84375	0
45.8472222222222	0
45.8506944444444	0
45.8541666666667	0
45.8576388888889	0
45.8611111111111	0
45.8645833333333	0
45.8680555555556	0
45.8715277777778	0
45.875	0
45.8784722222222	0
45.8819444444444	0
45.8854166666667	0
45.8888888888889	0
45.8923611111111	0
45.8958333333333	0
45.8993055555556	0
45.9027777777778	0
45.90625	0
45.9097222222222	0
45.9131944444444	0
45.9166666666667	0
45.9201388888889	0
45.9236111111111	0
45.9270833333333	0
45.9305555555556	0
45.9340277777778	0
45.9375	0
45.9409722222222	0
45.9444444444444	0
45.9479166666667	0
45.9513888888889	0
45.9548611111111	0
45.9583333333333	0
45.9618055555556	0
45.9652777777778	0
45.96875	0
45.9722222222222	0
45.9756944444444	0
45.9791666666667	0
45.9826388888889	0
45.9861111111111	0
45.9895833333333	0
45.9930555555556	0
45.9965277777778	0
46	0
46.0034722222222	0
46.0069444444444	0
46.0104166666667	0
46.0138888888889	0
46.0173611111111	0
46.0208333333333	0
46.0243055555556	0
46.0277777777778	0
46.03125	0
46.0347222222222	0
46.0381944444444	0
46.0416666666667	0
46.0451388888889	0
46.0486111111111	0
46.0520833333333	0
46.0555555555556	0
46.0590277777778	0
46.0625	0
46.0659722222222	0
46.0694444444444	0
46.0729166666667	0
46.0763888888889	0
46.0798611111111	0
46.0833333333333	0
46.0868055555556	0
46.0902777777778	0
46.09375	0
46.0972222222222	0
46.1006944444444	0
46.1041666666667	0
46.1076388888889	0
46.1111111111111	0
46.1145833333333	0
46.1180555555556	0
46.1215277777778	0
46.125	0
46.1284722222222	0
46.1319444444444	0
46.1354166666667	0
46.1388888888889	0
46.1423611111111	0
46.1458333333333	0
46.1493055555556	0
46.1527777777778	0
46.15625	0
46.1597222222222	0
46.1631944444444	0
46.1666666666667	0
46.1701388888889	0
46.1736111111111	0
46.1770833333333	0
46.1805555555556	0
46.1840277777778	0
46.1875	0
46.1909722222222	0
46.1944444444444	0
46.1979166666667	0
46.2013888888889	0
46.2048611111111	0
46.2083333333333	0
46.2118055555556	0
46.2152777777778	0
46.21875	0
46.2222222222222	0
46.2256944444444	0
46.2291666666667	0
46.2326388888889	0
46.2361111111111	0
46.2395833333333	0
46.2430555555556	0
46.2465277777778	0
46.25	0
46.2534722222222	0
46.2569444444444	0
46.2604166666667	0
46.2638888888889	0
46.2673611111111	0
46.2708333333333	0
46.2743055555556	0
46.2777777777778	0
46.28125	0
46.2847222222222	0
46.2881944444444	0
46.2916666666667	0
46.2951388888889	0
46.2986111111111	0
46.3020833333333	0
46.3055555555556	0
46.3090277777778	0
46.3125	0
46.3159722222222	0
46.3194444444444	0
46.3229166666667	0
46.3263888888889	0
46.3298611111111	0
46.3333333333333	0
46.3368055555556	0
46.3402777777778	0
46.34375	0
46.3472222222222	0
46.3506944444444	0
46.3541666666667	0
46.3576388888889	0
46.3611111111111	0
46.3645833333333	0
46.3680555555556	0
46.3715277777778	0
46.375	0
46.3784722222222	0
46.3819444444444	0
46.3854166666667	0
46.3888888888889	0
46.3923611111111	0
46.3958333333333	0
46.3993055555556	0
46.4027777777778	0
46.40625	0
46.4097222222222	0
46.4131944444444	0
46.4166666666667	0
46.4201388888889	0
46.4236111111111	0
46.4270833333333	0
46.4305555555556	0
46.4340277777778	0
46.4375	0
46.4409722222222	0
46.4444444444444	0
46.4479166666667	0
46.4513888888889	0
46.4548611111111	0
46.4583333333333	0
46.4618055555556	0
46.4652777777778	0
46.46875	0
46.4722222222222	0
46.4756944444444	0
46.4791666666667	0
46.4826388888889	0
46.4861111111111	0
46.4895833333333	0
46.4930555555556	0
46.4965277777778	0
46.5	0
46.5034722222222	0
46.5069444444444	0
46.5104166666667	0
46.5138888888889	0
46.5173611111111	0
46.5208333333333	0
46.5243055555556	0
46.5277777777778	0
46.53125	0
46.5347222222222	0
46.5381944444444	0
46.5416666666667	0
46.5451388888889	0
46.5486111111111	0
46.5520833333333	0
46.5555555555556	0
46.5590277777778	0
46.5625	0
46.5659722222222	0
46.5694444444444	0
46.5729166666667	0
46.5763888888889	0
46.5798611111111	0
46.5833333333333	0
46.5868055555556	0
46.5902777777778	0
46.59375	0
46.5972222222222	0
46.6006944444444	0
46.6041666666667	0
46.6076388888889	0
46.6111111111111	0
46.6145833333333	0
46.6180555555556	0
46.6215277777778	0
46.625	0
46.6284722222222	0
46.6319444444444	0
46.6354166666667	0
46.6388888888889	0
46.6423611111111	0
46.6458333333333	0
46.6493055555556	0
46.6527777777778	0
46.65625	0
46.6597222222222	0
46.6631944444444	0
46.6666666666667	0
46.6701388888889	0
46.6736111111111	0
46.6770833333333	0
46.6805555555556	0
46.6840277777778	0
46.6875	0
46.6909722222222	0
46.6944444444444	0
46.6979166666667	0
46.7013888888889	0
46.7048611111111	0
46.7083333333333	0
46.7118055555556	0
46.7152777777778	0
46.71875	0
46.7222222222222	0
46.7256944444444	0
46.7291666666667	0
46.7326388888889	0
46.7361111111111	0
46.7395833333333	0
46.7430555555556	0
46.7465277777778	0
46.75	0
46.7534722222222	0
46.7569444444444	0
46.7604166666667	0
46.7638888888889	0
46.7673611111111	0
46.7708333333333	0
46.7743055555556	0
46.7777777777778	0
46.78125	0
46.7847222222222	0
46.7881944444444	0
46.7916666666667	0
46.7951388888889	0
46.7986111111111	0
46.8020833333333	0
46.8055555555556	0
46.8090277777778	0
46.8125	0
46.8159722222222	0
46.8194444444444	0
46.8229166666667	0
46.8263888888889	0
46.8298611111111	0
46.8333333333333	0
46.8368055555556	0
46.8402777777778	0
46.84375	0
46.8472222222222	0
46.8506944444444	0
46.8541666666667	0
46.8576388888889	0
46.8611111111111	0
46.8645833333333	0
46.8680555555556	0
46.8715277777778	0
46.875	0
46.8784722222222	0
46.8819444444444	0
46.8854166666667	0
46.8888888888889	0
46.8923611111111	0
46.8958333333333	0
46.8993055555556	0
46.9027777777778	0
46.90625	0
46.9097222222222	0
46.9131944444444	0
46.9166666666667	0
46.9201388888889	0
46.9236111111111	0
46.9270833333333	0
46.9305555555556	0
46.9340277777778	0
46.9375	0
46.9409722222222	0
46.9444444444444	0
46.9479166666667	0
46.9513888888889	0
46.9548611111111	0
46.9583333333333	0
46.9618055555556	0
46.9652777777778	0
46.96875	0
46.9722222222222	0
46.9756944444444	0
46.9791666666667	0
46.9826388888889	0
46.9861111111111	0
46.9895833333333	0
46.9930555555556	0
46.9965277777778	0
47	0
47.0034722222222	0
47.0069444444444	0
47.0104166666667	0
47.0138888888889	0
47.0173611111111	0
47.0208333333333	0
47.0243055555556	0
47.0277777777778	0
47.03125	0
47.0347222222222	0
47.0381944444444	0
47.0416666666667	0
47.0451388888889	0
47.0486111111111	0
47.0520833333333	0
47.0555555555556	0
47.0590277777778	0
47.0625	0
47.0659722222222	0
47.0694444444444	0
47.0729166666667	0
47.0763888888889	0
47.0798611111111	0
47.0833333333333	0
47.0868055555556	0
47.0902777777778	0
47.09375	0
47.0972222222222	0
47.1006944444444	0
47.1041666666667	0
47.1076388888889	0
47.1111111111111	0
47.1145833333333	0
47.1180555555556	0
47.1215277777778	0
47.125	0
47.1284722222222	0
47.1319444444444	0
47.1354166666667	0
47.1388888888889	0
47.1423611111111	0
47.1458333333333	0
47.1493055555556	0
47.1527777777778	0
47.15625	0
47.1597222222222	0
47.1631944444444	0.4
47.1666666666667	0.2
47.1701388888889	0
47.1736111111111	0.2
47.1770833333333	0.2
47.1805555555556	0
47.1840277777778	0
47.1875	0
47.1909722222222	0
47.1944444444444	0
47.1979166666667	0
47.2013888888889	0
47.2048611111111	0
47.2083333333333	0
47.2118055555556	0
47.2152777777778	0
47.21875	0
47.2222222222222	0
47.2256944444444	0
47.2291666666667	0
47.2326388888889	0
47.2361111111111	0
47.2395833333333	0
47.2430555555556	0
47.2465277777778	0
47.25	0
47.2534722222222	0
47.2569444444444	0
47.2604166666667	0
47.2638888888889	0
47.2673611111111	0
47.2708333333333	0
47.2743055555556	0
47.2777777777778	0
47.28125	0
47.2847222222222	0
47.2881944444444	0
47.2916666666667	0
47.2951388888889	0
47.2986111111111	0
47.3020833333333	0
47.3055555555556	0
47.3090277777778	0
47.3125	0
47.3159722222222	0
47.3194444444444	0
47.3229166666667	0
47.3263888888889	0
47.3298611111111	0
47.3333333333333	0
47.3368055555556	0
47.3402777777778	0.2
47.34375	0
47.3472222222222	0
47.3506944444444	0
47.3541666666667	0
47.3576388888889	0
47.3611111111111	0
47.3645833333333	0
47.3680555555556	0
47.3715277777778	0
47.375	0
47.3784722222222	0
47.3819444444444	0
47.3854166666667	0
47.3888888888889	0
47.3923611111111	0
47.3958333333333	0
47.3993055555556	0
47.4027777777778	0
47.40625	0
47.4097222222222	0
47.4131944444444	0
47.4166666666667	0
47.4201388888889	0
47.4236111111111	0
47.4270833333333	0
47.4305555555556	0
47.4340277777778	0
47.4375	0
47.4409722222222	0
47.4444444444444	0
47.4479166666667	0
47.4513888888889	0
47.4548611111111	0
47.4583333333333	0
47.4618055555556	0
47.4652777777778	0
47.46875	0
47.4722222222222	0
47.4756944444444	0
47.4791666666667	0
47.4826388888889	0
47.4861111111111	0
47.4895833333333	0
47.4930555555556	0
47.4965277777778	0
47.5	0
47.5034722222222	0
47.5069444444444	0
47.5104166666667	0
47.5138888888889	0
47.5173611111111	0
47.5208333333333	0
47.5243055555556	0
47.5277777777778	0
47.53125	0
47.5347222222222	0
47.5381944444444	0
47.5416666666667	0
47.5451388888889	0
47.5486111111111	0
47.5520833333333	0
47.5555555555556	0
47.5590277777778	0
47.5625	0
47.5659722222222	0
47.5694444444444	0
47.5729166666667	0
47.5763888888889	0
47.5798611111111	0
47.5833333333333	0
47.5868055555556	0
47.5902777777778	0
47.59375	0
47.5972222222222	0
47.6006944444444	0
47.6041666666667	0
47.6076388888889	0
47.6111111111111	0
47.6145833333333	0
47.6180555555556	0
47.6215277777778	0
47.625	0
47.6284722222222	0
47.6319444444444	0
47.6354166666667	0
47.6388888888889	0
47.6423611111111	0
47.6458333333333	0
47.6493055555556	0
47.6527777777778	0
47.65625	0
47.6597222222222	0
47.6631944444444	0
47.6666666666667	0
47.6701388888889	0
47.6736111111111	0
47.6770833333333	0
47.6805555555556	0
47.6840277777778	0
47.6875	0
47.6909722222222	0
47.6944444444444	0
47.6979166666667	0
47.7013888888889	0
47.7048611111111	0
47.7083333333333	0
47.7118055555556	0
47.7152777777778	0
47.71875	0
47.7222222222222	0
47.7256944444444	0
47.7291666666667	0.2
47.7326388888889	0
47.7361111111111	0
47.7395833333333	0
47.7430555555556	0
47.7465277777778	0
47.75	0
47.7534722222222	0
47.7569444444444	0.2
47.7604166666667	0
47.7638888888889	0
47.7673611111111	2.6
47.7708333333333	1.2
47.7743055555556	1.4
47.7777777777778	0.2
47.78125	0.2
47.7847222222222	0
47.7881944444444	0
47.7916666666667	0.2
47.7951388888889	0.4
47.7986111111111	0.2
47.8020833333333	0
47.8055555555556	0
47.8090277777778	0
47.8125	0
47.8159722222222	0
47.8194444444444	0
47.8229166666667	0
47.8263888888889	0
47.8298611111111	0
47.8333333333333	0
47.8368055555556	0
47.8402777777778	0
47.84375	0.2
47.8472222222222	0.2
47.8506944444444	0
47.8541666666667	0.2
47.8576388888889	0
47.8611111111111	0
47.8645833333333	0
47.8680555555556	0
47.8715277777778	0.2
47.875	0
47.8784722222222	0
47.8819444444444	0
47.8854166666667	0
47.8888888888889	0
47.8923611111111	0
47.8958333333333	0
47.8993055555556	0
47.9027777777778	0
47.90625	0
47.9097222222222	0
47.9131944444444	0
47.9166666666667	0
47.9201388888889	0
47.9236111111111	0
47.9270833333333	0
47.9305555555556	0
47.9340277777778	0
47.9375	0
47.9409722222222	0
47.9444444444444	0
47.9479166666667	0
47.9513888888889	0
47.9548611111111	0
47.9583333333333	0
47.9618055555556	0
47.9652777777778	0
47.96875	0
47.9722222222222	0
47.9756944444444	0
47.9791666666667	0
47.9826388888889	0
47.9861111111111	0
47.9895833333333	0
47.9930555555556	0
47.9965277777778	0
48	0
48.0034722222222	0
48.0069444444444	0
48.0104166666667	0
48.0138888888889	0
48.0173611111111	0
48.0208333333333	0
48.0243055555556	0
48.0277777777778	0
48.03125	0
48.0347222222222	0
48.0381944444444	0
48.0416666666667	0
48.0451388888889	0
48.0486111111111	0
48.0520833333333	0
48.0555555555556	0
48.0590277777778	0
48.0625	0
48.0659722222222	0
48.0694444444444	0
48.0729166666667	0
48.0763888888889	0
48.0798611111111	0
48.0833333333333	0
48.0868055555556	0
48.0902777777778	0
48.09375	0
48.0972222222222	0
48.1006944444444	0
48.1041666666667	0
48.1076388888889	0
48.1111111111111	0
48.1145833333333	0
48.1180555555556	0
48.1215277777778	0
48.125	0
48.1284722222222	0
48.1319444444444	0
48.1354166666667	0
48.1388888888889	0
48.1423611111111	0
48.1458333333333	0
48.1493055555556	0
48.1527777777778	0
48.15625	0
48.1597222222222	0
48.1631944444444	0
48.1666666666667	0
48.1701388888889	0
48.1736111111111	0
48.1770833333333	0
48.1805555555556	0
48.1840277777778	0
48.1875	0
48.1909722222222	0
48.1944444444444	0
48.1979166666667	0
48.2013888888889	0
48.2048611111111	0
48.2083333333333	0
48.2118055555556	0
48.2152777777778	0
48.21875	0
48.2222222222222	0
48.2256944444444	0
48.2291666666667	0
48.2326388888889	0
48.2361111111111	0
48.2395833333333	0
48.2430555555556	0
48.2465277777778	0
48.25	0
48.2534722222222	0
48.2569444444444	0
48.2604166666667	0
48.2638888888889	0
48.2673611111111	0
48.2708333333333	0
48.2743055555556	0
48.2777777777778	0
48.28125	0
48.2847222222222	0
48.2881944444444	0
48.2916666666667	0
48.2951388888889	0
48.2986111111111	0
48.3020833333333	0
48.3055555555556	0
48.3090277777778	0
48.3125	0
48.3159722222222	0
48.3194444444444	0
48.3229166666667	0
48.3263888888889	0
48.3298611111111	0
48.3333333333333	0
48.3368055555556	0
48.3402777777778	0
48.34375	0
48.3472222222222	0
48.3506944444444	0
48.3541666666667	0
48.3576388888889	0
48.3611111111111	0
48.3645833333333	0
48.3680555555556	0
48.3715277777778	0
48.375	0
48.3784722222222	0
48.3819444444444	0
48.3854166666667	0
48.3888888888889	0
48.3923611111111	0
48.3958333333333	0
48.3993055555556	0
48.4027777777778	0
48.40625	0
48.4097222222222	0
48.4131944444444	0
48.4166666666667	0
48.4201388888889	0
48.4236111111111	0
48.4270833333333	0
48.4305555555556	0
48.4340277777778	0
48.4375	0
48.4409722222222	0
48.4444444444444	0
48.4479166666667	0
48.4513888888889	0
48.4548611111111	0
48.4583333333333	0
48.4618055555556	0
48.4652777777778	0
48.46875	0
48.4722222222222	0
48.4756944444444	0
48.4791666666667	0
48.4826388888889	0
48.4861111111111	0
48.4895833333333	0
48.4930555555556	0
48.4965277777778	0
48.5	0
48.5034722222222	0
48.5069444444444	0
48.5104166666667	0
48.5138888888889	0
48.5173611111111	0
48.5208333333333	0
48.5243055555556	0
48.5277777777778	0
48.53125	0
48.5347222222222	0
48.5381944444444	0
48.5416666666667	0
48.5451388888889	0
48.5486111111111	0
48.5520833333333	0
48.5555555555556	0
48.5590277777778	0
48.5625	0
48.5659722222222	0
48.5694444444444	0
48.5729166666667	0
48.5763888888889	0
48.5798611111111	0
48.5833333333333	0
48.5868055555556	0
48.5902777777778	0
48.59375	0
48.5972222222222	0
48.6006944444444	0
48.6041666666667	0
48.6076388888889	0
48.6111111111111	0
48.6145833333333	0
48.6180555555556	0
48.6215277777778	0
48.625	0
48.6284722222222	0
48.6319444444444	0
48.6354166666667	0
48.6388888888889	0
48.6423611111111	0
48.6458333333333	0
48.6493055555556	0
48.6527777777778	0
48.65625	0
48.6597222222222	0
48.6631944444444	0
48.6666666666667	0
48.6701388888889	0
48.6736111111111	0
48.6770833333333	0
48.6805555555556	0
48.6840277777778	0
48.6875	0
48.6909722222222	0
48.6944444444444	0
48.6979166666667	0
48.7013888888889	0
48.7048611111111	0
48.7083333333333	0
48.7118055555556	0
48.7152777777778	0
48.71875	0
48.7222222222222	0
48.7256944444444	0
48.7291666666667	0
48.7326388888889	0
48.7361111111111	0
48.7395833333333	0
48.7430555555556	0
48.7465277777778	0
48.75	0
48.7534722222222	0
48.7569444444444	0
48.7604166666667	0
48.7638888888889	0
48.7673611111111	0
48.7708333333333	0
48.7743055555556	0
48.7777777777778	0
48.78125	0
48.7847222222222	0
48.7881944444444	0
48.7916666666667	0
48.7951388888889	0
48.7986111111111	0
48.8020833333333	0
48.8055555555556	0
48.8090277777778	0
48.8125	0
48.8159722222222	0
48.8194444444444	0
48.8229166666667	0
48.8263888888889	0
48.8298611111111	0
48.8333333333333	0
48.8368055555556	0
48.8402777777778	0
48.84375	0
48.8472222222222	0
48.8506944444444	0
48.8541666666667	0
48.8576388888889	0
48.8611111111111	0
48.8645833333333	0
48.8680555555556	0
48.8715277777778	0
48.875	0
48.8784722222222	0
48.8819444444444	0
48.8854166666667	0
48.8888888888889	0
48.8923611111111	0
48.8958333333333	0
48.8993055555556	0
48.9027777777778	0
48.90625	0
48.9097222222222	0
48.9131944444444	0
48.9166666666667	0
48.9201388888889	0
48.9236111111111	0
48.9270833333333	0
48.9305555555556	0
48.9340277777778	0
48.9375	0
48.9409722222222	0
48.9444444444444	0
48.9479166666667	0
48.9513888888889	0
48.9548611111111	0
48.9583333333333	0
48.9618055555556	0
48.9652777777778	0
48.96875	0
48.9722222222222	0
48.9756944444444	0
48.9791666666667	0
48.9826388888889	0
48.9861111111111	0
48.9895833333333	0
48.9930555555556	0
48.9965277777778	0
49	0
49.0034722222222	0
49.0069444444444	0
49.0104166666667	0
49.0138888888889	0
49.0173611111111	0
49.0208333333333	0
49.0243055555556	0
49.0277777777778	0
49.03125	0
49.0347222222222	0
49.0381944444444	0
49.0416666666667	0
49.0451388888889	0
49.0486111111111	0
49.0520833333333	0
49.0555555555556	0
49.0590277777778	0
49.0625	0
49.0659722222222	0
49.0694444444444	0
49.0729166666667	0
49.0763888888889	0
49.0798611111111	0
49.0833333333333	0
49.0868055555556	0
49.0902777777778	0
49.09375	0
49.0972222222222	0
49.1006944444444	0
49.1041666666667	0
49.1076388888889	0
49.1111111111111	0
49.1145833333333	0
49.1180555555556	0
49.1215277777778	0
49.125	0
49.1284722222222	0
49.1319444444444	0
49.1354166666667	0
49.1388888888889	0
49.1423611111111	0
49.1458333333333	0
49.1493055555556	0
49.1527777777778	0
49.15625	0
49.1597222222222	0
49.1631944444444	0
49.1666666666667	0
49.1701388888889	0
49.1736111111111	0
49.1770833333333	0
49.1805555555556	0
49.1840277777778	0
49.1875	0
49.1909722222222	0
49.1944444444444	0
49.1979166666667	0
49.2013888888889	0
49.2048611111111	0
49.2083333333333	0
49.2118055555556	0
49.2152777777778	0
49.21875	0
49.2222222222222	0
49.2256944444444	0
49.2291666666667	0
49.2326388888889	0
49.2361111111111	0
49.2395833333333	0
49.2430555555556	0
49.2465277777778	0
49.25	0
49.2534722222222	0
49.2569444444444	0
49.2604166666667	0
49.2638888888889	0
49.2673611111111	0
49.2708333333333	0
49.2743055555556	0
49.2777777777778	0
49.28125	0
49.2847222222222	0
49.2881944444444	0
49.2916666666667	0
49.2951388888889	0
49.2986111111111	0
49.3020833333333	0
49.3055555555556	0
49.3090277777778	0
49.3125	0
49.3159722222222	0
49.3194444444444	0
49.3229166666667	0
49.3263888888889	0
49.3298611111111	0
49.3333333333333	0
49.3368055555556	0
49.3402777777778	0
49.34375	0
49.3472222222222	0
49.3506944444444	0
49.3541666666667	0
49.3576388888889	0
49.3611111111111	0
49.3645833333333	0
49.3680555555556	0
49.3715277777778	0
49.375	0
49.3784722222222	0
49.3819444444444	0
49.3854166666667	0
49.3888888888889	0
49.3923611111111	0
49.3958333333333	0
49.3993055555556	0
49.4027777777778	0
49.40625	0
49.4097222222222	0
49.4131944444444	0
49.4166666666667	0
49.4201388888889	0
49.4236111111111	0
49.4270833333333	0
49.4305555555556	0
49.4340277777778	0
49.4375	0
49.4409722222222	0
49.4444444444444	0
49.4479166666667	0
49.4513888888889	0
49.4548611111111	0
49.4583333333333	0
49.4618055555556	0
49.4652777777778	0
49.46875	0
49.4722222222222	0
49.4756944444444	0
49.4791666666667	0
49.4826388888889	0
49.4861111111111	0
49.4895833333333	0
49.4930555555556	0
49.4965277777778	0
49.5	0
49.5034722222222	0
49.5069444444444	0
49.5104166666667	0
49.5138888888889	0
49.5173611111111	0
49.5208333333333	0
49.5243055555556	0
49.5277777777778	0
49.53125	0
49.5347222222222	0
49.5381944444444	0
49.5416666666667	0
49.5451388888889	0
49.5486111111111	0
49.5520833333333	0
49.5555555555556	0
49.5590277777778	0
49.5625	0
49.5659722222222	0
49.5694444444444	0
49.5729166666667	0
49.5763888888889	0
49.5798611111111	0
49.5833333333333	0
49.5868055555556	0
49.5902777777778	0
49.59375	0
49.5972222222222	0
49.6006944444444	0
49.6041666666667	0
49.6076388888889	0
49.6111111111111	0.2
49.6145833333333	0
49.6180555555556	0
49.6215277777778	0
49.625	0
49.6284722222222	0
49.6319444444444	0
49.6354166666667	0
49.6388888888889	0
49.6423611111111	0
49.6458333333333	0
49.6493055555556	0
49.6527777777778	0
49.65625	0
49.6597222222222	0
49.6631944444444	0
49.6666666666667	0
49.6701388888889	0
49.6736111111111	0
49.6770833333333	0
49.6805555555556	0
49.6840277777778	0
49.6875	0.6
49.6909722222222	0.2
49.6944444444444	2.2
49.6979166666667	0.4
49.7013888888889	0
49.7048611111111	0.2
49.7083333333333	0
49.7118055555556	0
49.7152777777778	0
49.71875	0.2
49.7222222222222	0
49.7256944444444	0
49.7291666666667	0
49.7326388888889	0
49.7361111111111	0
49.7395833333333	0
49.7430555555556	0
49.7465277777778	0
49.75	0
49.7534722222222	0
49.7569444444444	0
49.7604166666667	0
49.7638888888889	0
49.7673611111111	0
49.7708333333333	0
49.7743055555556	0
49.7777777777778	0
49.78125	0
49.7847222222222	0
49.7881944444444	0
49.7916666666667	0
49.7951388888889	0
49.7986111111111	0
49.8020833333333	0
49.8055555555556	0
49.8090277777778	0
49.8125	0
49.8159722222222	0
49.8194444444444	0
49.8229166666667	0
49.8263888888889	0
49.8298611111111	0
49.8333333333333	0
49.8368055555556	0
49.8402777777778	0
49.84375	0
49.8472222222222	0
49.8506944444444	0
49.8541666666667	0
49.8576388888889	0
49.8611111111111	0
49.8645833333333	0
49.8680555555556	0
49.8715277777778	0
49.875	0
49.8784722222222	0
49.8819444444444	0
49.8854166666667	0
49.8888888888889	0
49.8923611111111	0
49.8958333333333	0
49.8993055555556	0
49.9027777777778	0
49.90625	0
49.9097222222222	0
49.9131944444444	0
49.9166666666667	0
49.9201388888889	0
49.9236111111111	0
49.9270833333333	0
49.9305555555556	0
49.9340277777778	0
49.9375	0
49.9409722222222	0
49.9444444444444	0
49.9479166666667	0
49.9513888888889	0
49.9548611111111	0
49.9583333333333	0
49.9618055555556	0
49.9652777777778	0
49.96875	0
49.9722222222222	0
49.9756944444444	0
49.9791666666667	0
49.9826388888889	0
49.9861111111111	0
49.9895833333333	0
49.9930555555556	0
49.9965277777778	0
50	0
50.0034722222222	0
50.0069444444444	0
50.0104166666667	0
50.0138888888889	0
50.0173611111111	0
50.0208333333333	0
50.0243055555556	0
50.0277777777778	0
50.03125	0
50.0347222222222	0
50.0381944444444	0
50.0416666666667	0
50.0451388888889	0
50.0486111111111	0
50.0520833333333	0
50.0555555555556	0
50.0590277777778	0
50.0625	0
50.0659722222222	0
50.0694444444444	0
50.0729166666667	0
50.0763888888889	0
50.0798611111111	0
50.0833333333333	0
50.0868055555556	0
50.0902777777778	0
50.09375	0
50.0972222222222	0
50.1006944444444	0
50.1041666666667	0
50.1076388888889	0
50.1111111111111	0
50.1145833333333	0
50.1180555555556	0
50.1215277777778	0
50.125	0
50.1284722222222	0
50.1319444444444	0
50.1354166666667	0
50.1388888888889	0
50.1423611111111	0
50.1458333333333	0
50.1493055555556	0
50.1527777777778	0
50.15625	0
50.1597222222222	0
50.1631944444444	0
50.1666666666667	0
50.1701388888889	0
50.1736111111111	0
50.1770833333333	0
50.1805555555556	0
50.1840277777778	0
50.1875	0
50.1909722222222	0
50.1944444444444	0
50.1979166666667	0
50.2013888888889	0
50.2048611111111	0
50.2083333333333	0
50.2118055555556	0
50.2152777777778	0
50.21875	0
50.2222222222222	0
50.2256944444444	0
50.2291666666667	0
50.2326388888889	0
50.2361111111111	0
50.2395833333333	0
50.2430555555556	0
50.2465277777778	0
50.25	0
50.2534722222222	0
50.2569444444444	0
50.2604166666667	0
50.2638888888889	0
50.2673611111111	0
50.2708333333333	0
50.2743055555556	0
50.2777777777778	0
50.28125	0
50.2847222222222	0
50.2881944444444	0
50.2916666666667	0
50.2951388888889	0
50.2986111111111	0
50.3020833333333	0
50.3055555555556	0
50.3090277777778	0
50.3125	0
50.3159722222222	0
50.3194444444444	0
50.3229166666667	0
50.3263888888889	0
50.3298611111111	0
50.3333333333333	0
50.3368055555556	0
50.3402777777778	0
50.34375	0
50.3472222222222	0
50.3506944444444	0
50.3541666666667	0
50.3576388888889	0
50.3611111111111	0
50.3645833333333	0
50.3680555555556	0
50.3715277777778	0
50.375	0
50.3784722222222	0
50.3819444444444	0
50.3854166666667	0
50.3888888888889	0
50.3923611111111	0
50.3958333333333	0
50.3993055555556	0
50.4027777777778	0
50.40625	0
50.4097222222222	0
50.4131944444444	0
50.4166666666667	0
50.4201388888889	0
50.4236111111111	0
50.4270833333333	0
50.4305555555556	0
50.4340277777778	0
50.4375	0
50.4409722222222	0
50.4444444444444	0
50.4479166666667	0
50.4513888888889	0
50.4548611111111	0
50.4583333333333	0
50.4618055555556	0
50.4652777777778	0
50.46875	0
50.4722222222222	0
50.4756944444444	0
50.4791666666667	0
50.4826388888889	0
50.4861111111111	0
50.4895833333333	0
50.4930555555556	0
50.4965277777778	0
50.5	0
50.5034722222222	0
50.5069444444444	0
50.5104166666667	0
50.5138888888889	0
50.5173611111111	0
50.5208333333333	0
50.5243055555556	0
50.5277777777778	0
50.53125	0
50.5347222222222	0
50.5381944444444	0
50.5416666666667	0
50.5451388888889	0
50.5486111111111	0
50.5520833333333	0
50.5555555555556	0
50.5590277777778	0
50.5625	0
50.5659722222222	0
50.5694444444444	0
50.5729166666667	0
50.5763888888889	0
50.5798611111111	0
50.5833333333333	0
50.5868055555556	0
50.5902777777778	0
50.59375	0
50.5972222222222	0
50.6006944444444	0
50.6041666666667	0
50.6076388888889	0
50.6111111111111	0
50.6145833333333	0
50.6180555555556	0
50.6215277777778	0
50.625	0
50.6284722222222	0
50.6319444444444	0
50.6354166666667	0
50.6388888888889	0
50.6423611111111	0
50.6458333333333	0
50.6493055555556	0
50.6527777777778	0
50.65625	0
50.6597222222222	0
50.6631944444444	0
50.6666666666667	0
50.6701388888889	0
50.6736111111111	0
50.6770833333333	0
50.6805555555556	0
50.6840277777778	0
50.6875	0
50.6909722222222	0
50.6944444444444	0
50.6979166666667	0
50.7013888888889	0
50.7048611111111	0
50.7083333333333	0
50.7118055555556	0
50.7152777777778	0
50.71875	0
50.7222222222222	0
50.7256944444444	0
50.7291666666667	0
50.7326388888889	0
50.7361111111111	0
50.7395833333333	0
50.7430555555556	0
50.7465277777778	0
50.75	0
50.7534722222222	0
50.7569444444444	0
50.7604166666667	0
50.7638888888889	0
50.7673611111111	0
50.7708333333333	0
50.7743055555556	0
50.7777777777778	0
50.78125	0
50.7847222222222	0
50.7881944444444	0
50.7916666666667	0
50.7951388888889	0
50.7986111111111	0
50.8020833333333	0
50.8055555555556	0
50.8090277777778	0
50.8125	0
50.8159722222222	0
50.8194444444444	0
50.8229166666667	0
50.8263888888889	0
50.8298611111111	0
50.8333333333333	0
50.8368055555556	0
50.8402777777778	0
50.84375	0
50.8472222222222	0
50.8506944444444	0
50.8541666666667	0
50.8576388888889	0
50.8611111111111	0
50.8645833333333	0
50.8680555555556	0
50.8715277777778	0
50.875	0
50.8784722222222	0
50.8819444444444	0
50.8854166666667	0
50.8888888888889	0
50.8923611111111	0
50.8958333333333	0
50.8993055555556	0
50.9027777777778	0
50.90625	0
50.9097222222222	0
50.9131944444444	0
50.9166666666667	0
50.9201388888889	0
50.9236111111111	0
50.9270833333333	0
50.9305555555556	0
50.9340277777778	0
50.9375	0
50.9409722222222	0
50.9444444444444	0
50.9479166666667	0
50.9513888888889	0
50.9548611111111	0
50.9583333333333	0
50.9618055555556	0
50.9652777777778	0
50.96875	0
50.9722222222222	0
50.9756944444444	0
50.9791666666667	0
50.9826388888889	0
50.9861111111111	0
50.9895833333333	0
50.9930555555556	0
50.9965277777778	0
51	0
51.0034722222222	0
51.0069444444444	0
51.0104166666667	0
51.0138888888889	0
51.0173611111111	0
51.0208333333333	0
51.0243055555556	0
51.0277777777778	0
51.03125	0
51.0347222222222	0
51.0381944444444	0
51.0416666666667	0
51.0451388888889	0
51.0486111111111	0
51.0520833333333	0
51.0555555555556	0
51.0590277777778	0
51.0625	0
51.0659722222222	0
51.0694444444444	0
51.0729166666667	0
51.0763888888889	0
51.0798611111111	0
51.0833333333333	0
51.0868055555556	0
51.0902777777778	0
51.09375	0
51.0972222222222	0
51.1006944444444	0
51.1041666666667	0
51.1076388888889	0
51.1111111111111	0
51.1145833333333	0
51.1180555555556	0
51.1215277777778	0
51.125	0
51.1284722222222	0
51.1319444444444	0
51.1354166666667	0
51.1388888888889	0
51.1423611111111	0
51.1458333333333	0
51.1493055555556	0
51.1527777777778	0
51.15625	0
51.1597222222222	0
51.1631944444444	0
51.1666666666667	0
51.1701388888889	0
51.1736111111111	0
51.1770833333333	0
51.1805555555556	0
51.1840277777778	0
51.1875	0
51.1909722222222	0
51.1944444444444	0
51.1979166666667	0
51.2013888888889	0
51.2048611111111	0
51.2083333333333	0
51.2118055555556	0
51.2152777777778	0
51.21875	0
51.2222222222222	0
51.2256944444444	0
51.2291666666667	0
51.2326388888889	0
51.2361111111111	0
51.2395833333333	0
51.2430555555556	0
51.2465277777778	0
51.25	0
51.2534722222222	0
51.2569444444444	0
51.2604166666667	0
51.2638888888889	0
51.2673611111111	0
51.2708333333333	0
51.2743055555556	0
51.2777777777778	0
51.28125	0
51.2847222222222	0
51.2881944444444	0
51.2916666666667	0
51.2951388888889	0
51.2986111111111	0
51.3020833333333	0
51.3055555555556	0
51.3090277777778	0
51.3125	0
51.3159722222222	0
51.3194444444444	0
51.3229166666667	0
51.3263888888889	0
51.3298611111111	0
51.3333333333333	0
51.3368055555556	0
51.3402777777778	0
51.34375	0
51.3472222222222	0
51.3506944444444	0
51.3541666666667	0
51.3576388888889	0
51.3611111111111	0
51.3645833333333	0
51.3680555555556	0
51.3715277777778	0
51.375	0
51.3784722222222	0
51.3819444444444	0
51.3854166666667	0
51.3888888888889	0
51.3923611111111	0
51.3958333333333	0
51.3993055555556	0
51.4027777777778	0
51.40625	0
51.4097222222222	0
51.4131944444444	0
51.4166666666667	0
51.4201388888889	0
51.4236111111111	0
51.4270833333333	0
51.4305555555556	0
51.4340277777778	0
51.4375	0
51.4409722222222	0
51.4444444444444	0
51.4479166666667	0
51.4513888888889	0
51.4548611111111	0
51.4583333333333	0
51.4618055555556	0
51.4652777777778	0
51.46875	0
51.4722222222222	0
51.4756944444444	0
51.4791666666667	0
51.4826388888889	0
51.4861111111111	0
51.4895833333333	0
51.4930555555556	0
51.4965277777778	0
51.5	0
51.5034722222222	0
51.5069444444444	0
51.5104166666667	0
51.5138888888889	0
51.5173611111111	0
51.5208333333333	0
51.5243055555556	0
51.5277777777778	0
51.53125	0
51.5347222222222	0
51.5381944444444	0
51.5416666666667	0
51.5451388888889	0
51.5486111111111	0
51.5520833333333	0
51.5555555555556	0
51.5590277777778	0
51.5625	0
51.5659722222222	0
51.5694444444444	0
51.5729166666667	0
51.5763888888889	0
51.5798611111111	0
51.5833333333333	0
51.5868055555556	0
51.5902777777778	0
51.59375	0
51.5972222222222	0
51.6006944444444	0
51.6041666666667	0
51.6076388888889	0
51.6111111111111	0
51.6145833333333	0
51.6180555555556	0
51.6215277777778	0
51.625	0
51.6284722222222	0
51.6319444444444	0
51.6354166666667	0
51.6388888888889	0
51.6423611111111	0
51.6458333333333	0
51.6493055555556	0
51.6527777777778	0
51.65625	0
51.6597222222222	0
51.6631944444444	0
51.6666666666667	0
51.6701388888889	0
51.6736111111111	0
51.6770833333333	0
51.6805555555556	0
51.6840277777778	0
51.6875	0
51.6909722222222	0
51.6944444444444	0
51.6979166666667	0
51.7013888888889	0
51.7048611111111	0
51.7083333333333	0
51.7118055555556	0
51.7152777777778	0
51.71875	0
51.7222222222222	0
51.7256944444444	0
51.7291666666667	0
51.7326388888889	0
51.7361111111111	0
51.7395833333333	0
51.7430555555556	0
51.7465277777778	0
51.75	0
51.7534722222222	0
51.7569444444444	0
51.7604166666667	0
51.7638888888889	0
51.7673611111111	0
51.7708333333333	0
51.7743055555556	0
51.7777777777778	0
51.78125	0
51.7847222222222	0
51.7881944444444	0
51.7916666666667	0
51.7951388888889	0
51.7986111111111	0
51.8020833333333	0
51.8055555555556	0
51.8090277777778	0
51.8125	0
51.8159722222222	0
51.8194444444444	0
51.8229166666667	0
51.8263888888889	0
51.8298611111111	0
51.8333333333333	0
51.8368055555556	0
51.8402777777778	0
51.84375	0
51.8472222222222	0
51.8506944444444	0
51.8541666666667	0
51.8576388888889	0
51.8611111111111	0
51.8645833333333	0
51.8680555555556	0
51.8715277777778	0
51.875	0
51.8784722222222	0
51.8819444444444	0
51.8854166666667	0
51.8888888888889	0
51.8923611111111	0
51.8958333333333	0
51.8993055555556	0
51.9027777777778	0
51.90625	0
51.9097222222222	0
51.9131944444444	0
51.9166666666667	0
51.9201388888889	0
51.9236111111111	0
51.9270833333333	0
51.9305555555556	0
51.9340277777778	0
51.9375	0
51.9409722222222	0
51.9444444444444	0
51.9479166666667	0
51.9513888888889	0
51.9548611111111	0
51.9583333333333	0
51.9618055555556	0
51.9652777777778	0
51.96875	0
51.9722222222222	0
51.9756944444444	0
51.9791666666667	0
51.9826388888889	0
51.9861111111111	0
51.9895833333333	0
51.9930555555556	0
51.9965277777778	0
52	0
52.0034722222222	0
52.0069444444444	0
52.0104166666667	0
52.0138888888889	0
52.0173611111111	0
52.0208333333333	0
52.0243055555556	0
52.0277777777778	0
52.03125	0
52.0347222222222	0
52.0381944444444	0
52.0416666666667	0
52.0451388888889	0
52.0486111111111	0
52.0520833333333	0
52.0555555555556	0
52.0590277777778	0
52.0625	0
52.0659722222222	0
52.0694444444444	0
52.0729166666667	0
52.0763888888889	0
52.0798611111111	0
52.0833333333333	0
52.0868055555556	0
52.0902777777778	0
52.09375	0
52.0972222222222	0
52.1006944444444	0
52.1041666666667	0
52.1076388888889	0
52.1111111111111	0
52.1145833333333	0
52.1180555555556	0
52.1215277777778	0
52.125	0
52.1284722222222	0
52.1319444444444	0
52.1354166666667	0
52.1388888888889	0
52.1423611111111	0
52.1458333333333	0
52.1493055555556	0
52.1527777777778	0
52.15625	0
52.1597222222222	0
52.1631944444444	0
52.1666666666667	0
52.1701388888889	0
52.1736111111111	0
52.1770833333333	0
52.1805555555556	0
52.1840277777778	0
52.1875	0
52.1909722222222	0
52.1944444444444	0
52.1979166666667	0
52.2013888888889	0
52.2048611111111	0
52.2083333333333	0
52.2118055555556	0
52.2152777777778	0
52.21875	0
52.2222222222222	0
52.2256944444444	0
52.2291666666667	0
52.2326388888889	0
52.2361111111111	0
52.2395833333333	0
52.2430555555556	0
52.2465277777778	0
52.25	0
52.2534722222222	0
52.2569444444444	0
52.2604166666667	0
52.2638888888889	0
52.2673611111111	0
52.2708333333333	0
52.2743055555556	0
52.2777777777778	0
52.28125	0
52.2847222222222	0
52.2881944444444	0
52.2916666666667	0
52.2951388888889	0
52.2986111111111	0
52.3020833333333	0
52.3055555555556	0
52.3090277777778	0
52.3125	0
52.3159722222222	0
52.3194444444444	0
52.3229166666667	0
52.3263888888889	0
52.3298611111111	0
52.3333333333333	0
52.3368055555556	0
52.3402777777778	0
52.34375	0
52.3472222222222	0
52.3506944444444	0
52.3541666666667	0
52.3576388888889	0
52.3611111111111	0
52.3645833333333	0
52.3680555555556	0
52.3715277777778	0
52.375	0
52.3784722222222	0
52.3819444444444	0
52.3854166666667	0
52.3888888888889	0
52.3923611111111	0
52.3958333333333	0
52.3993055555556	0
52.4027777777778	0
52.40625	0
52.4097222222222	0
52.4131944444444	0
52.4166666666667	0
52.4201388888889	0
52.4236111111111	0
52.4270833333333	0
52.4305555555556	0
52.4340277777778	0
52.4375	0
52.4409722222222	0
52.4444444444444	0
52.4479166666667	0
52.4513888888889	0
52.4548611111111	0
52.4583333333333	0
52.4618055555556	0
52.4652777777778	0
52.46875	0
52.4722222222222	0
52.4756944444444	0
52.4791666666667	0
52.4826388888889	0
52.4861111111111	0
52.4895833333333	0
52.4930555555556	0
52.4965277777778	0
52.5	0
52.5034722222222	0
52.5069444444444	0
52.5104166666667	0
52.5138888888889	0
52.5173611111111	0
52.5208333333333	0
52.5243055555556	0
52.5277777777778	0
52.53125	0
52.5347222222222	0
52.5381944444444	0
52.5416666666667	0
52.5451388888889	0
52.5486111111111	0
52.5520833333333	0
52.5555555555556	0
52.5590277777778	0
52.5625	0
52.5659722222222	0
52.5694444444444	0
52.5729166666667	0
52.5763888888889	0
52.5798611111111	0
52.5833333333333	0
52.5868055555556	0
52.5902777777778	0
52.59375	0
52.5972222222222	0
52.6006944444444	0
52.6041666666667	0
52.6076388888889	0
52.6111111111111	0
52.6145833333333	0
52.6180555555556	0
52.6215277777778	0
52.625	0
52.6284722222222	0
52.6319444444444	0
52.6354166666667	0
52.6388888888889	0
52.6423611111111	0
52.6458333333333	0
52.6493055555556	0
52.6527777777778	0
52.65625	0
52.6597222222222	0
52.6631944444444	0
52.6666666666667	0
52.6701388888889	0
52.6736111111111	0
52.6770833333333	0
52.6805555555556	0
52.6840277777778	0
52.6875	0
52.6909722222222	0
52.6944444444444	0
52.6979166666667	0
52.7013888888889	0
52.7048611111111	0
52.7083333333333	0
52.7118055555556	0
52.7152777777778	0
52.71875	0
52.7222222222222	0
52.7256944444444	0
52.7291666666667	0
52.7326388888889	0
52.7361111111111	0
52.7395833333333	0
52.7430555555556	0
52.7465277777778	0
52.75	0
52.7534722222222	0
52.7569444444444	0
52.7604166666667	0
52.7638888888889	0
52.7673611111111	0
52.7708333333333	0
52.7743055555556	0
52.7777777777778	0
52.78125	0
52.7847222222222	0
52.7881944444444	0
52.7916666666667	0
52.7951388888889	0
52.7986111111111	0
52.8020833333333	0
52.8055555555556	0
52.8090277777778	0
52.8125	0
52.8159722222222	0
52.8194444444444	0
52.8229166666667	0
52.8263888888889	0
52.8298611111111	0
52.8333333333333	0
52.8368055555556	0
52.8402777777778	0
52.84375	0
52.8472222222222	0
52.8506944444444	0
52.8541666666667	0
52.8576388888889	0
52.8611111111111	0
52.8645833333333	0
52.8680555555556	0
52.8715277777778	0
52.875	0
52.8784722222222	0
52.8819444444444	0
52.8854166666667	0
52.8888888888889	0
52.8923611111111	0
52.8958333333333	0
52.8993055555556	0
52.9027777777778	0
52.90625	0
52.9097222222222	0
52.9131944444444	0
52.9166666666667	0
52.9201388888889	0
52.9236111111111	0
52.9270833333333	0
52.9305555555556	0
52.9340277777778	0
52.9375	0
52.9409722222222	0
52.9444444444444	0
52.9479166666667	0
52.9513888888889	0
52.9548611111111	0
52.9583333333333	0
52.9618055555556	0
52.9652777777778	0
52.96875	0
52.9722222222222	0
52.9756944444444	0
52.9791666666667	0
52.9826388888889	0
52.9861111111111	0
52.9895833333333	0
52.9930555555556	0
52.9965277777778	0
53	0
53.0034722222222	0
53.0069444444444	0
53.0104166666667	0
53.0138888888889	0
53.0173611111111	0
53.0208333333333	0
53.0243055555556	0
53.0277777777778	0
53.03125	0
53.0347222222222	0
53.0381944444444	0
53.0416666666667	0
53.0451388888889	0
53.0486111111111	0
53.0520833333333	0
53.0555555555556	0
53.0590277777778	0
53.0625	0
53.0659722222222	0
53.0694444444444	0
53.0729166666667	0
53.0763888888889	0
53.0798611111111	0
53.0833333333333	0
53.0868055555556	0
53.0902777777778	0
53.09375	0
53.0972222222222	0
53.1006944444444	0
53.1041666666667	0
53.1076388888889	0
53.1111111111111	0
53.1145833333333	0
53.1180555555556	0
53.1215277777778	0
53.125	0
53.1284722222222	0
53.1319444444444	0
53.1354166666667	0
53.1388888888889	0
53.1423611111111	0
53.1458333333333	0
53.1493055555556	0
53.1527777777778	0
53.15625	0
53.1597222222222	0
53.1631944444444	0
53.1666666666667	0
53.1701388888889	0
53.1736111111111	0
53.1770833333333	0
53.1805555555556	0
53.1840277777778	0
53.1875	0
53.1909722222222	0
53.1944444444444	0
53.1979166666667	0
53.2013888888889	0
53.2048611111111	0
53.2083333333333	0
53.2118055555556	0
53.2152777777778	0
53.21875	0
53.2222222222222	0
53.2256944444444	0
53.2291666666667	0
53.2326388888889	0
53.2361111111111	0
53.2395833333333	0
53.2430555555556	0
53.2465277777778	0
53.25	0
53.2534722222222	0
53.2569444444444	0
53.2604166666667	0
53.2638888888889	0
53.2673611111111	0
53.2708333333333	0
53.2743055555556	0
53.2777777777778	0
53.28125	0
53.2847222222222	0
53.2881944444444	0
53.2916666666667	0
53.2951388888889	0
53.2986111111111	0
53.3020833333333	0
53.3055555555556	0
53.3090277777778	0
53.3125	0
53.3159722222222	0
53.3194444444444	0
53.3229166666667	0
53.3263888888889	0
53.3298611111111	0
53.3333333333333	0
53.3368055555556	0
53.3402777777778	0
53.34375	0
53.3472222222222	0
53.3506944444444	0
53.3541666666667	0
53.3576388888889	0
53.3611111111111	0
53.3645833333333	0
53.3680555555556	0
53.3715277777778	0
53.375	0
53.3784722222222	0
53.3819444444444	0
53.3854166666667	0
53.3888888888889	0
53.3923611111111	0
53.3958333333333	0
53.3993055555556	0
53.4027777777778	0
53.40625	0
53.4097222222222	0
53.4131944444444	0
53.4166666666667	0
53.4201388888889	0
53.4236111111111	0
53.4270833333333	0
53.4305555555556	0
53.4340277777778	0
53.4375	0
53.4409722222222	0
53.4444444444444	0
53.4479166666667	0
53.4513888888889	0
53.4548611111111	0
53.4583333333333	0
53.4618055555556	0
53.4652777777778	0
53.46875	0
53.4722222222222	0
53.4756944444444	0
53.4791666666667	0
53.4826388888889	0
53.4861111111111	0
53.4895833333333	0
53.4930555555556	0
53.4965277777778	0
53.5	0
53.5034722222222	0
53.5069444444444	0
53.5104166666667	0
53.5138888888889	0
53.5173611111111	0
53.5208333333333	0
53.5243055555556	0
53.5277777777778	0
53.53125	0
53.5347222222222	0
53.5381944444444	0
53.5416666666667	0
53.5451388888889	0
53.5486111111111	0
53.5520833333333	0
53.5555555555556	0
53.5590277777778	0
53.5625	0
53.5659722222222	0
53.5694444444444	0
53.5729166666667	0
53.5763888888889	0
53.5798611111111	0
53.5833333333333	0
53.5868055555556	0
53.5902777777778	0
53.59375	0
53.5972222222222	0
53.6006944444444	0
53.6041666666667	0
53.6076388888889	0
53.6111111111111	0
53.6145833333333	0
53.6180555555556	0
53.6215277777778	0
53.625	0
53.6284722222222	0
53.6319444444444	0
53.6354166666667	0
53.6388888888889	0
53.6423611111111	0
53.6458333333333	0
53.6493055555556	0
53.6527777777778	0
53.65625	0
53.6597222222222	0
53.6631944444444	0
53.6666666666667	0
53.6701388888889	0
53.6736111111111	0
53.6770833333333	0
53.6805555555556	0
53.6840277777778	0
53.6875	0
53.6909722222222	0
53.6944444444444	0
53.6979166666667	0
53.7013888888889	0
53.7048611111111	0
53.7083333333333	0
53.7118055555556	0
53.7152777777778	0
53.71875	0
53.7222222222222	0
53.7256944444444	0
53.7291666666667	0
53.7326388888889	0
53.7361111111111	0
53.7395833333333	0
53.7430555555556	0
53.7465277777778	0
53.75	0
53.7534722222222	0
53.7569444444444	0
53.7604166666667	0
53.7638888888889	0
53.7673611111111	0
53.7708333333333	0
53.7743055555556	0
53.7777777777778	0
53.78125	0
53.7847222222222	0
53.7881944444444	0
53.7916666666667	0
53.7951388888889	0
53.7986111111111	0
53.8020833333333	0
53.8055555555556	0
53.8090277777778	0
53.8125	0
53.8159722222222	0
53.8194444444444	0
53.8229166666667	0
53.8263888888889	0
53.8298611111111	0
53.8333333333333	0
53.8368055555556	0
53.8402777777778	0
53.84375	0
53.8472222222222	0
53.8506944444444	0
53.8541666666667	0
53.8576388888889	0
53.8611111111111	0
53.8645833333333	0
53.8680555555556	0
53.8715277777778	0
53.875	0
53.8784722222222	0
53.8819444444444	0
53.8854166666667	0
53.8888888888889	0
53.8923611111111	0
53.8958333333333	0
53.8993055555556	0
53.9027777777778	0
53.90625	0
53.9097222222222	0
53.9131944444444	0
53.9166666666667	0
53.9201388888889	0
53.9236111111111	0
53.9270833333333	0
53.9305555555556	0
53.9340277777778	0
53.9375	0
53.9409722222222	0
53.9444444444444	0
53.9479166666667	0
53.9513888888889	0
53.9548611111111	0
53.9583333333333	0
53.9618055555556	0
53.9652777777778	0
53.96875	0
53.9722222222222	0
53.9756944444444	0
53.9791666666667	0
53.9826388888889	0
53.9861111111111	0
53.9895833333333	0
53.9930555555556	0
53.9965277777778	0
54	0
54.0034722222222	0
54.0069444444444	0
54.0104166666667	0
54.0138888888889	0
54.0173611111111	0
54.0208333333333	0
54.0243055555556	0
54.0277777777778	0
54.03125	0
54.0347222222222	0
54.0381944444444	0
54.0416666666667	0
54.0451388888889	0
54.0486111111111	0
54.0520833333333	0
54.0555555555556	0
54.0590277777778	0
54.0625	0
54.0659722222222	0
54.0694444444444	0
54.0729166666667	0
54.0763888888889	0
54.0798611111111	0
54.0833333333333	0
54.0868055555556	0
54.0902777777778	0
54.09375	0
54.0972222222222	0
54.1006944444444	0
54.1041666666667	0
54.1076388888889	0
54.1111111111111	0
54.1145833333333	0
54.1180555555556	0
54.1215277777778	0
54.125	0
54.1284722222222	0
54.1319444444444	1.2
54.1354166666667	3.6
54.1388888888889	1.2
54.1423611111111	1.4
54.1458333333333	0.8
54.1493055555556	0.2
54.1527777777778	0.4
54.15625	0.4
54.1597222222222	0.2
54.1631944444444	0.2
54.1666666666667	0
54.1701388888889	0
54.1736111111111	0
54.1770833333333	0
54.1805555555556	0
54.1840277777778	0
54.1875	0
54.1909722222222	0
54.1944444444444	0
54.1979166666667	0
54.2013888888889	0
54.2048611111111	0
54.2083333333333	0
54.2118055555556	0
54.2152777777778	0
54.21875	0
54.2222222222222	0
54.2256944444444	0
54.2291666666667	0
54.2326388888889	0
54.2361111111111	0
54.2395833333333	0
54.2430555555556	0
54.2465277777778	0
54.25	0
54.2534722222222	0.2
54.2569444444444	0
54.2604166666667	0
54.2638888888889	0
54.2673611111111	0
54.2708333333333	0
54.2743055555556	0
54.2777777777778	0
54.28125	0
54.2847222222222	0
54.2881944444444	0
54.2916666666667	0
54.2951388888889	0
54.2986111111111	0
54.3020833333333	0
54.3055555555556	0
54.3090277777778	0
54.3125	0
54.3159722222222	0
54.3194444444444	0
54.3229166666667	0
54.3263888888889	0
54.3298611111111	0
54.3333333333333	0
54.3368055555556	0
54.3402777777778	0
54.34375	0
54.3472222222222	0
54.3506944444444	0
54.3541666666667	0
54.3576388888889	0
54.3611111111111	0
54.3645833333333	0
54.3680555555556	0
54.3715277777778	0
54.375	0
54.3784722222222	0
54.3819444444444	0
54.3854166666667	0
54.3888888888889	0
54.3923611111111	0
54.3958333333333	0
54.3993055555556	0
54.4027777777778	0
54.40625	0
54.4097222222222	0
54.4131944444444	0
54.4166666666667	0
54.4201388888889	0
54.4236111111111	0
54.4270833333333	0
54.4305555555556	0
54.4340277777778	0
54.4375	0
54.4409722222222	0
54.4444444444444	0
54.4479166666667	0
54.4513888888889	0
54.4548611111111	0
54.4583333333333	0
54.4618055555556	0
54.4652777777778	0
54.46875	0
54.4722222222222	0
54.4756944444444	0
54.4791666666667	0
54.4826388888889	0
54.4861111111111	0
54.4895833333333	0
54.4930555555556	0
54.4965277777778	0
54.5	0
54.5034722222222	0
54.5069444444444	0
54.5104166666667	0
54.5138888888889	0
54.5173611111111	0
54.5208333333333	0
54.5243055555556	0
54.5277777777778	0
54.53125	0
54.5347222222222	0
54.5381944444444	0
54.5416666666667	0.2
54.5451388888889	0
54.5486111111111	0
54.5520833333333	0
54.5555555555556	0
54.5590277777778	0
54.5625	0.2
54.5659722222222	0
54.5694444444444	0
54.5729166666667	0
54.5763888888889	0
54.5798611111111	0
54.5833333333333	0
54.5868055555556	0
54.5902777777778	0
54.59375	0
54.5972222222222	0
54.6006944444444	0
54.6041666666667	0
54.6076388888889	0
54.6111111111111	0
54.6145833333333	0
54.6180555555556	0
54.6215277777778	0
54.625	0
54.6284722222222	0
54.6319444444444	0
54.6354166666667	0
54.6388888888889	0
54.6423611111111	0
54.6458333333333	0
54.6493055555556	0
54.6527777777778	0
54.65625	0.2
54.6597222222222	0
54.6631944444444	0
54.6666666666667	0
54.6701388888889	0
54.6736111111111	0
54.6770833333333	0
54.6805555555556	0
54.6840277777778	0
54.6875	0
54.6909722222222	0
54.6944444444444	0
54.6979166666667	0
54.7013888888889	0
54.7048611111111	0
54.7083333333333	0
54.7118055555556	0
54.7152777777778	0
54.71875	0
54.7222222222222	0
54.7256944444444	0
54.7291666666667	0
54.7326388888889	0
54.7361111111111	0
54.7395833333333	0
54.7430555555556	0
54.7465277777778	0
54.75	0
54.7534722222222	0
54.7569444444444	0
54.7604166666667	0
54.7638888888889	0
54.7673611111111	0
54.7708333333333	0
54.7743055555556	0
54.7777777777778	0
54.78125	0
54.7847222222222	0
54.7881944444444	0
54.7916666666667	0
54.7951388888889	0
54.7986111111111	0
54.8020833333333	0
54.8055555555556	0
54.8090277777778	0
54.8125	0
54.8159722222222	0
54.8194444444444	0
54.8229166666667	0
54.8263888888889	0
54.8298611111111	0
54.8333333333333	0
54.8368055555556	0
54.8402777777778	0
54.84375	0
54.8472222222222	0
54.8506944444444	0
54.8541666666667	0
54.8576388888889	0
54.8611111111111	0
54.8645833333333	0
54.8680555555556	0
54.8715277777778	0
54.875	0
54.8784722222222	0
54.8819444444444	0
54.8854166666667	0
54.8888888888889	0
54.8923611111111	0
54.8958333333333	0
54.8993055555556	0
54.9027777777778	0
54.90625	0
54.9097222222222	0
54.9131944444444	0
54.9166666666667	0
54.9201388888889	0
54.9236111111111	0
54.9270833333333	0
54.9305555555556	0
54.9340277777778	0
54.9375	0
54.9409722222222	0
54.9444444444444	0
54.9479166666667	0
54.9513888888889	0
54.9548611111111	0
54.9583333333333	0
54.9618055555556	0
54.9652777777778	0
54.96875	0
54.9722222222222	0
54.9756944444444	0
54.9791666666667	0
54.9826388888889	0
54.9861111111111	0
54.9895833333333	0
54.9930555555556	0
54.9965277777778	0
55	0
55.0034722222222	0
55.0069444444444	0
55.0104166666667	0
55.0138888888889	0
55.0173611111111	0
55.0208333333333	0
55.0243055555556	0
55.0277777777778	0
55.03125	0
55.0347222222222	0
55.0381944444444	0
55.0416666666667	0
55.0451388888889	0
55.0486111111111	0
55.0520833333333	0
55.0555555555556	0
55.0590277777778	0
55.0625	0
55.0659722222222	0
55.0694444444444	0
55.0729166666667	0
55.0763888888889	0
55.0798611111111	0
55.0833333333333	0
55.0868055555556	0
55.0902777777778	0
55.09375	0
55.0972222222222	0
55.1006944444444	0
55.1041666666667	0
55.1076388888889	0
55.1111111111111	0
55.1145833333333	0
55.1180555555556	0
55.1215277777778	0
55.125	0
55.1284722222222	0
55.1319444444444	0
55.1354166666667	0
55.1388888888889	0
55.1423611111111	0
55.1458333333333	0
55.1493055555556	0
55.1527777777778	0
55.15625	0
55.1597222222222	0
55.1631944444444	0
55.1666666666667	0
55.1701388888889	0
55.1736111111111	0
55.1770833333333	0
55.1805555555556	0
55.1840277777778	0
55.1875	0
55.1909722222222	0
55.1944444444444	0
55.1979166666667	0
55.2013888888889	0
55.2048611111111	0
55.2083333333333	0
55.2118055555556	0
55.2152777777778	0
55.21875	0
55.2222222222222	0
55.2256944444444	0
55.2291666666667	0
55.2326388888889	0
55.2361111111111	0
55.2395833333333	0
55.2430555555556	0
55.2465277777778	0
55.25	0
55.2534722222222	0
55.2569444444444	0
55.2604166666667	0
55.2638888888889	0
55.2673611111111	0
55.2708333333333	0
55.2743055555556	0
55.2777777777778	0
55.28125	0
55.2847222222222	0
55.2881944444444	0
55.2916666666667	0
55.2951388888889	0
55.2986111111111	0
55.3020833333333	0
55.3055555555556	0
55.3090277777778	0
55.3125	0
55.3159722222222	0
55.3194444444444	0
55.3229166666667	0
55.3263888888889	0
55.3298611111111	0
55.3333333333333	0
55.3368055555556	0
55.3402777777778	0
55.34375	0
55.3472222222222	0
55.3506944444444	0
55.3541666666667	0
55.3576388888889	0
55.3611111111111	0
55.3645833333333	0
55.3680555555556	0
55.3715277777778	0
55.375	0
55.3784722222222	0
55.3819444444444	0
55.3854166666667	0
55.3888888888889	0
55.3923611111111	0
55.3958333333333	0
55.3993055555556	0
55.4027777777778	0
55.40625	0
55.4097222222222	0
55.4131944444444	0
55.4166666666667	0
55.4201388888889	0
55.4236111111111	0
55.4270833333333	0
55.4305555555556	0
55.4340277777778	0
55.4375	0
55.4409722222222	0
55.4444444444444	0
55.4479166666667	0
55.4513888888889	0
55.4548611111111	0
55.4583333333333	0
55.4618055555556	0
55.4652777777778	0
55.46875	0
55.4722222222222	0
55.4756944444444	0
55.4791666666667	0
55.4826388888889	0
55.4861111111111	0
55.4895833333333	0
55.4930555555556	0
55.4965277777778	0
55.5	0
55.5034722222222	0
55.5069444444444	0
55.5104166666667	0
55.5138888888889	0
55.5173611111111	0
55.5208333333333	0
55.5243055555556	0
55.5277777777778	0
55.53125	0
55.5347222222222	0
55.5381944444444	0
55.5416666666667	0
55.5451388888889	0
55.5486111111111	0
55.5520833333333	0
55.5555555555556	0
55.5590277777778	0
55.5625	0
55.5659722222222	0
55.5694444444444	0
55.5729166666667	0
55.5763888888889	0
55.5798611111111	0
55.5833333333333	0
55.5868055555556	0
55.5902777777778	0
55.59375	0
55.5972222222222	0
55.6006944444444	0
55.6041666666667	0
55.6076388888889	0
55.6111111111111	0
55.6145833333333	0
55.6180555555556	0
55.6215277777778	0
55.625	0
55.6284722222222	0
55.6319444444444	0
55.6354166666667	0
55.6388888888889	0
55.6423611111111	0
55.6458333333333	0
55.6493055555556	0
55.6527777777778	0
55.65625	0
55.6597222222222	0
55.6631944444444	0
55.6666666666667	0
55.6701388888889	0
55.6736111111111	0
55.6770833333333	0
55.6805555555556	0
55.6840277777778	0
55.6875	0
55.6909722222222	0
55.6944444444444	0
55.6979166666667	0
55.7013888888889	0
55.7048611111111	0
55.7083333333333	0
55.7118055555556	0
55.7152777777778	0
55.71875	0
55.7222222222222	0
55.7256944444444	0
55.7291666666667	0
55.7326388888889	0
55.7361111111111	0
55.7395833333333	0
55.7430555555556	0
55.7465277777778	0
55.75	0
55.7534722222222	0
55.7569444444444	0
55.7604166666667	0
55.7638888888889	0
55.7673611111111	0
55.7708333333333	0
55.7743055555556	0
55.7777777777778	0
55.78125	0
55.7847222222222	0
55.7881944444444	0
55.7916666666667	0
55.7951388888889	0
55.7986111111111	0
55.8020833333333	0
55.8055555555556	0
55.8090277777778	0
55.8125	0
55.8159722222222	0
55.8194444444444	0
55.8229166666667	0
55.8263888888889	0
55.8298611111111	0
55.8333333333333	0
55.8368055555556	0
55.8402777777778	0
55.84375	0
55.8472222222222	0
55.8506944444444	0
55.8541666666667	0
55.8576388888889	0
55.8611111111111	0
55.8645833333333	0
55.8680555555556	0
55.8715277777778	0
55.875	0
55.8784722222222	0
55.8819444444444	0
55.8854166666667	0
55.8888888888889	0
55.8923611111111	0
55.8958333333333	0
55.8993055555556	0
55.9027777777778	0
55.90625	0
55.9097222222222	0
55.9131944444444	0
55.9166666666667	0
55.9201388888889	0
55.9236111111111	0
55.9270833333333	0
55.9305555555556	0
55.9340277777778	0
55.9375	0
55.9409722222222	0
55.9444444444444	0
55.9479166666667	0
55.9513888888889	0
55.9548611111111	0
55.9583333333333	0
55.9618055555556	0
55.9652777777778	0
55.96875	0
55.9722222222222	0
55.9756944444444	0
55.9791666666667	0
55.9826388888889	0
55.9861111111111	0
55.9895833333333	0
55.9930555555556	0
55.9965277777778	0
56	0
56.0034722222222	0
56.0069444444444	0
56.0104166666667	0
56.0138888888889	0
56.0173611111111	0
56.0208333333333	0
56.0243055555556	0
56.0277777777778	0
56.03125	0
56.0347222222222	0
56.0381944444444	0
56.0416666666667	0
56.0451388888889	0
56.0486111111111	0
56.0520833333333	0
56.0555555555556	0
56.0590277777778	0
56.0625	0
56.0659722222222	0
56.0694444444444	0
56.0729166666667	0
56.0763888888889	0
56.0798611111111	0
56.0833333333333	0
56.0868055555556	0
56.0902777777778	0
56.09375	0
56.0972222222222	0
56.1006944444444	0
56.1041666666667	0
56.1076388888889	0
56.1111111111111	0
56.1145833333333	0
56.1180555555556	0
56.1215277777778	0
56.125	0
56.1284722222222	0
56.1319444444444	0
56.1354166666667	0
56.1388888888889	0
56.1423611111111	0
56.1458333333333	0
56.1493055555556	0
56.1527777777778	0
56.15625	0
56.1597222222222	0
56.1631944444444	0
56.1666666666667	0
56.1701388888889	0
56.1736111111111	0
56.1770833333333	0
56.1805555555556	0
56.1840277777778	0
56.1875	0
56.1909722222222	0
56.1944444444444	0.2
56.1979166666667	0.4
56.2013888888889	1
56.2048611111111	0
56.2083333333333	0
56.2118055555556	0
56.2152777777778	0
56.21875	0
56.2222222222222	0
56.2256944444444	0
56.2291666666667	0
56.2326388888889	0
56.2361111111111	0
56.2395833333333	0
56.2430555555556	0
56.2465277777778	0
56.25	0
56.2534722222222	0
56.2569444444444	0
56.2604166666667	0
56.2638888888889	0
56.2673611111111	0
56.2708333333333	0
56.2743055555556	0
56.2777777777778	0
56.28125	0
56.2847222222222	0
56.2881944444444	0
56.2916666666667	0
56.2951388888889	0
56.2986111111111	0
56.3020833333333	0
56.3055555555556	0
56.3090277777778	0
56.3125	0
56.3159722222222	0
56.3194444444444	0
56.3229166666667	0
56.3263888888889	0
56.3298611111111	0
56.3333333333333	0
56.3368055555556	0
56.3402777777778	0
56.34375	0
56.3472222222222	0
56.3506944444444	0.2
56.3541666666667	0
56.3576388888889	0
56.3611111111111	0
56.3645833333333	0
56.3680555555556	0
56.3715277777778	0
56.375	0
56.3784722222222	0
56.3819444444444	0
56.3854166666667	0
56.3888888888889	0
56.3923611111111	0
56.3958333333333	0
56.3993055555556	0
56.4027777777778	0
56.40625	0
56.4097222222222	0
56.4131944444444	0
56.4166666666667	0
56.4201388888889	0
56.4236111111111	0
56.4270833333333	0
56.4305555555556	0
56.4340277777778	0
56.4375	0
56.4409722222222	0
56.4444444444444	0
56.4479166666667	0
56.4513888888889	0
56.4548611111111	0.6
56.4583333333333	0.6
56.4618055555556	0.4
56.4652777777778	0.2
56.46875	0.4
56.4722222222222	0
56.4756944444444	0
56.4791666666667	0
56.4826388888889	0
56.4861111111111	0
56.4895833333333	0
56.4930555555556	0
56.4965277777778	0
56.5	0.8
56.5034722222222	0.2
56.5069444444444	0.2
56.5104166666667	0
56.5138888888889	0.6
56.5173611111111	0.6
56.5208333333333	0.2
56.5243055555556	0
56.5277777777778	0.2
56.53125	0
56.5347222222222	0.2
56.5381944444444	0
56.5416666666667	0
56.5451388888889	0
56.5486111111111	0
56.5520833333333	0
56.5555555555556	0
56.5590277777778	0
56.5625	0
56.5659722222222	0
56.5694444444444	0
56.5729166666667	0
56.5763888888889	0
56.5798611111111	0
56.5833333333333	0
56.5868055555556	0
56.5902777777778	0
56.59375	0
56.5972222222222	0
56.6006944444444	0
56.6041666666667	0
56.6076388888889	0
56.6111111111111	0
56.6145833333333	0
56.6180555555556	0
56.6215277777778	0
56.625	0
56.6284722222222	0
56.6319444444444	0
56.6354166666667	0
56.6388888888889	0
56.6423611111111	0
56.6458333333333	0
56.6493055555556	0
56.6527777777778	0
56.65625	0
56.6597222222222	0.2
56.6631944444444	0
56.6666666666667	0
56.6701388888889	0
56.6736111111111	0
56.6770833333333	0
56.6805555555556	0
56.6840277777778	0
56.6875	0
56.6909722222222	0
56.6944444444444	0
56.6979166666667	0
56.7013888888889	0.2
56.7048611111111	0.4
56.7083333333333	1.4
56.7118055555556	0.4
56.7152777777778	0.2
56.71875	0.2
56.7222222222222	0
56.7256944444444	0
56.7291666666667	0
56.7326388888889	0
56.7361111111111	0
56.7395833333333	0
56.7430555555556	0
56.7465277777778	0
56.75	0
56.7534722222222	0
56.7569444444444	0
56.7604166666667	0
56.7638888888889	0.2
56.7673611111111	0
56.7708333333333	0
56.7743055555556	0.2
56.7777777777778	0
56.78125	0
56.7847222222222	0
56.7881944444444	0
56.7916666666667	0
56.7951388888889	0
56.7986111111111	0
56.8020833333333	0
56.8055555555556	0
56.8090277777778	0
56.8125	0
56.8159722222222	0
56.8194444444444	0
56.8229166666667	0
56.8263888888889	0
56.8298611111111	0
56.8333333333333	0
56.8368055555556	0
56.8402777777778	0
56.84375	0
56.8472222222222	0
56.8506944444444	0
56.8541666666667	0
56.8576388888889	0
56.8611111111111	0
56.8645833333333	0
56.8680555555556	0
56.8715277777778	0
56.875	0
56.8784722222222	0
56.8819444444444	0
56.8854166666667	0
56.8888888888889	0
56.8923611111111	0
56.8958333333333	0
56.8993055555556	0
56.9027777777778	0
56.90625	0.6
56.9097222222222	0
56.9131944444444	0.4
56.9166666666667	0
56.9201388888889	0
56.9236111111111	0.2
56.9270833333333	0
56.9305555555556	0
56.9340277777778	0
56.9375	0
56.9409722222222	0
56.9444444444444	0
56.9479166666667	0
56.9513888888889	0
56.9548611111111	0
56.9583333333333	0
56.9618055555556	0
56.9652777777778	0
56.96875	0
56.9722222222222	0
56.9756944444444	0
56.9791666666667	0
56.9826388888889	0
56.9861111111111	0
56.9895833333333	0
56.9930555555556	0
56.9965277777778	0
57	0
57.0034722222222	0
57.0069444444444	0
57.0104166666667	0
57.0138888888889	0
57.0173611111111	0
57.0208333333333	0
57.0243055555556	0
57.0277777777778	0
57.03125	0
57.0347222222222	0
57.0381944444444	0
57.0416666666667	0
57.0451388888889	0
57.0486111111111	0
57.0520833333333	0
57.0555555555556	0
57.0590277777778	0
57.0625	0
57.0659722222222	0
57.0694444444444	0
57.0729166666667	0
57.0763888888889	0
57.0798611111111	0
57.0833333333333	0
57.0868055555556	0
57.0902777777778	0
57.09375	0
57.0972222222222	0
57.1006944444444	0
57.1041666666667	0
57.1076388888889	0
57.1111111111111	0
57.1145833333333	0
57.1180555555556	0
57.1215277777778	0
57.125	0
57.1284722222222	0
57.1319444444444	0
57.1354166666667	0
57.1388888888889	0
57.1423611111111	0
57.1458333333333	0
57.1493055555556	0
57.1527777777778	0
57.15625	0
57.1597222222222	0
57.1631944444444	0
57.1666666666667	0
57.1701388888889	0
57.1736111111111	0
57.1770833333333	0
57.1805555555556	0
57.1840277777778	0
57.1875	0
57.1909722222222	0
57.1944444444444	0
57.1979166666667	0
57.2013888888889	0
57.2048611111111	0
57.2083333333333	0
57.2118055555556	0
57.2152777777778	0
57.21875	0
57.2222222222222	0
57.2256944444444	0
57.2291666666667	0
57.2326388888889	0
57.2361111111111	0
57.2395833333333	0
57.2430555555556	0
57.2465277777778	0
57.25	0
57.2534722222222	0
57.2569444444444	0
57.2604166666667	0
57.2638888888889	0
57.2673611111111	0
57.2708333333333	0
57.2743055555556	0
57.2777777777778	0
57.28125	0
57.2847222222222	0
57.2881944444444	0
57.2916666666667	0
57.2951388888889	0
57.2986111111111	0
57.3020833333333	0
57.3055555555556	0
57.3090277777778	0
57.3125	0
57.3159722222222	0
57.3194444444444	0
57.3229166666667	0
57.3263888888889	0
57.3298611111111	0
57.3333333333333	0
57.3368055555556	0
57.3402777777778	0
57.34375	0
57.3472222222222	0
57.3506944444444	0
57.3541666666667	0
57.3576388888889	0
57.3611111111111	0
57.3645833333333	0
57.3680555555556	0
57.3715277777778	0
57.375	0
57.3784722222222	0
57.3819444444444	0
57.3854166666667	0
57.3888888888889	0
57.3923611111111	0
57.3958333333333	0
57.3993055555556	0
57.4027777777778	0
57.40625	0
57.4097222222222	0
57.4131944444444	0
57.4166666666667	0
57.4201388888889	0
57.4236111111111	0
57.4270833333333	0
57.4305555555556	0
57.4340277777778	0
57.4375	0
57.4409722222222	0
57.4444444444444	0
57.4479166666667	0
57.4513888888889	0
57.4548611111111	0
57.4583333333333	0
57.4618055555556	0
57.4652777777778	0
57.46875	0
57.4722222222222	0
57.4756944444444	0
57.4791666666667	0
57.4826388888889	0
57.4861111111111	0
57.4895833333333	0
57.4930555555556	0
57.4965277777778	0
57.5	0
57.5034722222222	0
57.5069444444444	0
57.5104166666667	0
57.5138888888889	0
57.5173611111111	0
57.5208333333333	0
57.5243055555556	0
57.5277777777778	0
57.53125	0
57.5347222222222	0
57.5381944444444	0
57.5416666666667	0
57.5451388888889	0
57.5486111111111	0
57.5520833333333	0
57.5555555555556	0
57.5590277777778	0
57.5625	0
57.5659722222222	0
57.5694444444444	0
57.5729166666667	0
57.5763888888889	0
57.5798611111111	0
57.5833333333333	0
57.5868055555556	0
57.5902777777778	0
57.59375	0
57.5972222222222	0
57.6006944444444	0
57.6041666666667	0
57.6076388888889	0
57.6111111111111	0.2
57.6145833333333	0
57.6180555555556	0
57.6215277777778	0
57.625	0
57.6284722222222	0
57.6319444444444	0
57.6354166666667	0
57.6388888888889	0
57.6423611111111	0
57.6458333333333	0.2
57.6493055555556	0
57.6527777777778	0
57.65625	0
57.6597222222222	0
57.6631944444444	0
57.6666666666667	0
57.6701388888889	0
57.6736111111111	0
57.6770833333333	0
57.6805555555556	0
57.6840277777778	0
57.6875	0
57.6909722222222	0
57.6944444444444	0.2
57.6979166666667	0
57.7013888888889	0
57.7048611111111	0
57.7083333333333	0
57.7118055555556	0
57.7152777777778	0.2
57.71875	0
57.7222222222222	0
57.7256944444444	0
57.7291666666667	0
57.7326388888889	0
57.7361111111111	0
57.7395833333333	0
57.7430555555556	0
57.7465277777778	0
57.75	0
57.7534722222222	0
57.7569444444444	0
57.7604166666667	0
57.7638888888889	0
57.7673611111111	0
57.7708333333333	0
57.7743055555556	0
57.7777777777778	0
57.78125	0
57.7847222222222	0
57.7881944444444	0
57.7916666666667	0
57.7951388888889	0
57.7986111111111	0
57.8020833333333	0
57.8055555555556	0
57.8090277777778	0
57.8125	0
57.8159722222222	0
57.8194444444444	0
57.8229166666667	0
57.8263888888889	0
57.8298611111111	0
57.8333333333333	0
57.8368055555556	0
57.8402777777778	0
57.84375	0
57.8472222222222	0
57.8506944444444	0
57.8541666666667	0.2
57.8576388888889	0
57.8611111111111	0
57.8645833333333	0
57.8680555555556	0
57.8715277777778	0
57.875	0
57.8784722222222	0
57.8819444444444	0
57.8854166666667	0
57.8888888888889	0
57.8923611111111	0
57.8958333333333	0
57.8993055555556	0
57.9027777777778	0
57.90625	0
57.9097222222222	0
57.9131944444444	0
57.9166666666667	0
57.9201388888889	0
57.9236111111111	0
57.9270833333333	0
57.9305555555556	0
57.9340277777778	0
57.9375	0
57.9409722222222	0
57.9444444444444	0
57.9479166666667	0
57.9513888888889	0
57.9548611111111	0
57.9583333333333	0
57.9618055555556	0
57.9652777777778	0
57.96875	0
57.9722222222222	0
57.9756944444444	0
57.9791666666667	0
57.9826388888889	0
57.9861111111111	0
57.9895833333333	0
57.9930555555556	0
57.9965277777778	0
58	0
58.0034722222222	0.2
58.0069444444444	0
58.0104166666667	0
58.0138888888889	0
58.0173611111111	0
58.0208333333333	0
58.0243055555556	0
58.0277777777778	0
58.03125	0
58.0347222222222	0
58.0381944444444	0
58.0416666666667	0
58.0451388888889	0
58.0486111111111	0
58.0520833333333	0
58.0555555555556	0
58.0590277777778	0
58.0625	0
58.0659722222222	0
58.0694444444444	0
58.0729166666667	0
58.0763888888889	0
58.0798611111111	0
58.0833333333333	0
58.0868055555556	0
58.0902777777778	0
58.09375	0
58.0972222222222	0
58.1006944444444	0
58.1041666666667	0
58.1076388888889	0
58.1111111111111	0
58.1145833333333	0
58.1180555555556	0
58.1215277777778	0
58.125	0
58.1284722222222	0
58.1319444444444	0
58.1354166666667	0
58.1388888888889	0
58.1423611111111	0
58.1458333333333	0
58.1493055555556	0
58.1527777777778	0
58.15625	0
58.1597222222222	0
58.1631944444444	0
58.1666666666667	0
58.1701388888889	0
58.1736111111111	0
58.1770833333333	0
58.1805555555556	0
58.1840277777778	0
58.1875	0
58.1909722222222	0
58.1944444444444	0
58.1979166666667	0
58.2013888888889	0
58.2048611111111	0
58.2083333333333	0
58.2118055555556	0
58.2152777777778	0
58.21875	0
58.2222222222222	0
58.2256944444444	0
58.2291666666667	0
58.2326388888889	0
58.2361111111111	0.4
58.2395833333333	0.2
58.2430555555556	0
58.2465277777778	0.4
58.25	0.2
58.2534722222222	0
58.2569444444444	0
58.2604166666667	0
58.2638888888889	0
58.2673611111111	0
58.2708333333333	0
58.2743055555556	0
58.2777777777778	0
58.28125	0
58.2847222222222	0
58.2881944444444	0
58.2916666666667	0
58.2951388888889	0
58.2986111111111	0
58.3020833333333	0
58.3055555555556	0
58.3090277777778	0
58.3125	0
58.3159722222222	0
58.3194444444444	0
58.3229166666667	0
58.3263888888889	0
58.3298611111111	0
58.3333333333333	0
58.3368055555556	0
58.3402777777778	0
58.34375	0
58.3472222222222	0
58.3506944444444	0
58.3541666666667	0
58.3576388888889	0
58.3611111111111	0
58.3645833333333	0
58.3680555555556	0
58.3715277777778	0
58.375	0
58.3784722222222	0
58.3819444444444	0
58.3854166666667	0
58.3888888888889	0
58.3923611111111	0
58.3958333333333	0
58.3993055555556	0
58.4027777777778	0
58.40625	0
58.4097222222222	0
58.4131944444444	0
58.4166666666667	0
58.4201388888889	0
58.4236111111111	0
58.4270833333333	0
58.4305555555556	0
58.4340277777778	0
58.4375	0
58.4409722222222	0
58.4444444444444	0
58.4479166666667	0
58.4513888888889	0
58.4548611111111	0
58.4583333333333	0
58.4618055555556	0
58.4652777777778	0
58.46875	0
58.4722222222222	0
58.4756944444444	0
58.4791666666667	0
58.4826388888889	0
58.4861111111111	0
58.4895833333333	0
58.4930555555556	0
58.4965277777778	0
58.5	0
58.5034722222222	0
58.5069444444444	0
58.5104166666667	0
58.5138888888889	0
58.5173611111111	0
58.5208333333333	0
58.5243055555556	0
58.5277777777778	0
58.53125	0
58.5347222222222	0
58.5381944444444	0
58.5416666666667	0
58.5451388888889	0
58.5486111111111	0
58.5520833333333	0
58.5555555555556	0
58.5590277777778	0
58.5625	0
58.5659722222222	0
58.5694444444444	0
58.5729166666667	0
58.5763888888889	0
58.5798611111111	0
58.5833333333333	0
58.5868055555556	0
58.5902777777778	0
58.59375	0
58.5972222222222	0
58.6006944444444	0
58.6041666666667	0
58.6076388888889	0
58.6111111111111	0
58.6145833333333	0
58.6180555555556	0
58.6215277777778	0
58.625	0
58.6284722222222	0
58.6319444444444	0
58.6354166666667	0.2
58.6388888888889	0
58.6423611111111	0
58.6458333333333	0
58.6493055555556	0
58.6527777777778	0
58.65625	0
58.6597222222222	0
58.6631944444444	0
58.6666666666667	0
58.6701388888889	0
58.6736111111111	0
58.6770833333333	0
58.6805555555556	0
58.6840277777778	0
58.6875	0
58.6909722222222	0
58.6944444444444	0
58.6979166666667	0
58.7013888888889	0
58.7048611111111	0
58.7083333333333	0
58.7118055555556	0
58.7152777777778	0
58.71875	0
58.7222222222222	0
58.7256944444444	0
58.7291666666667	0
58.7326388888889	0
58.7361111111111	0
58.7395833333333	0
58.7430555555556	0
58.7465277777778	0
58.75	0
58.7534722222222	0
58.7569444444444	0
58.7604166666667	0
58.7638888888889	0
58.7673611111111	0
58.7708333333333	0
58.7743055555556	0
58.7777777777778	0
58.78125	0
58.7847222222222	0
58.7881944444444	0
58.7916666666667	0
58.7951388888889	0
58.7986111111111	0
58.8020833333333	0
58.8055555555556	0.4
58.8090277777778	1.6
58.8125	0.2
58.8159722222222	0
58.8194444444444	0
58.8229166666667	0
58.8263888888889	0
58.8298611111111	0
58.8333333333333	0
58.8368055555556	0
58.8402777777778	0
58.84375	0
58.8472222222222	0
58.8506944444444	0
58.8541666666667	0
58.8576388888889	0
58.8611111111111	0
58.8645833333333	0
58.8680555555556	0
58.8715277777778	0
58.875	0
58.8784722222222	0
58.8819444444444	0
58.8854166666667	0
58.8888888888889	0
58.8923611111111	0
58.8958333333333	0
58.8993055555556	0
58.9027777777778	0
58.90625	0
58.9097222222222	0
58.9131944444444	0
58.9166666666667	0
58.9201388888889	0
58.9236111111111	0
58.9270833333333	0
58.9305555555556	0
58.9340277777778	0
58.9375	0
58.9409722222222	0
58.9444444444444	0
58.9479166666667	0
58.9513888888889	0
58.9548611111111	0
58.9583333333333	0
58.9618055555556	0
58.9652777777778	0
58.96875	0
58.9722222222222	0
58.9756944444444	0
58.9791666666667	0
58.9826388888889	0
58.9861111111111	0
58.9895833333333	0
58.9930555555556	0
58.9965277777778	0
59	0
59.0034722222222	0
59.0069444444444	0
59.0104166666667	0
59.0138888888889	0
59.0173611111111	0
59.0208333333333	0
59.0243055555556	0
59.0277777777778	0
59.03125	0
59.0347222222222	0
59.0381944444444	0
59.0416666666667	0
59.0451388888889	0
59.0486111111111	0
59.0520833333333	0
59.0555555555556	0
59.0590277777778	0
59.0625	0
59.0659722222222	0
59.0694444444444	0
59.0729166666667	0
59.0763888888889	0
59.0798611111111	0
59.0833333333333	0
59.0868055555556	0
59.0902777777778	0
59.09375	0
59.0972222222222	0
59.1006944444444	0
59.1041666666667	0
59.1076388888889	0
59.1111111111111	0
59.1145833333333	0
59.1180555555556	0
59.1215277777778	0
59.125	0
59.1284722222222	0
59.1319444444444	0
59.1354166666667	0
59.1388888888889	0
59.1423611111111	0
59.1458333333333	0
59.1493055555556	0
59.1527777777778	0
59.15625	0
59.1597222222222	0
59.1631944444444	0
59.1666666666667	0
59.1701388888889	0
59.1736111111111	0
59.1770833333333	0
59.1805555555556	0
59.1840277777778	0
59.1875	0
59.1909722222222	0
59.1944444444444	0
59.1979166666667	0
59.2013888888889	0
59.2048611111111	0
59.2083333333333	0
59.2118055555556	0
59.2152777777778	0
59.21875	0
59.2222222222222	0
59.2256944444444	0
59.2291666666667	0
59.2326388888889	0
59.2361111111111	0
59.2395833333333	0
59.2430555555556	0
59.2465277777778	0
59.25	0
59.2534722222222	0
59.2569444444444	0
59.2604166666667	0
59.2638888888889	0
59.2673611111111	0
59.2708333333333	0
59.2743055555556	0
59.2777777777778	0
59.28125	0
59.2847222222222	0
59.2881944444444	0
59.2916666666667	0
59.2951388888889	0
59.2986111111111	0
59.3020833333333	0
59.3055555555556	0
59.3090277777778	0
59.3125	0
59.3159722222222	0
59.3194444444444	0
59.3229166666667	0
59.3263888888889	0
59.3298611111111	0
59.3333333333333	0
59.3368055555556	0
59.3402777777778	0
59.34375	0
59.3472222222222	0
59.3506944444444	0
59.3541666666667	0
59.3576388888889	0
59.3611111111111	0
59.3645833333333	0
59.3680555555556	0
59.3715277777778	0
59.375	0
59.3784722222222	0
59.3819444444444	0
59.3854166666667	0
59.3888888888889	0
59.3923611111111	0
59.3958333333333	0
59.3993055555556	0
59.4027777777778	0
59.40625	0
59.4097222222222	0
59.4131944444444	0
59.4166666666667	0
59.4201388888889	0
59.4236111111111	0
59.4270833333333	0
59.4305555555556	0
59.4340277777778	0
59.4375	0
59.4409722222222	0
59.4444444444444	0
59.4479166666667	0
59.4513888888889	0
59.4548611111111	0
59.4583333333333	0
59.4618055555556	0
59.4652777777778	0
59.46875	0
59.4722222222222	0
59.4756944444444	0
59.4791666666667	0
59.4826388888889	0
59.4861111111111	0
59.4895833333333	0
59.4930555555556	0
59.4965277777778	0
59.5	0
59.5034722222222	0
59.5069444444444	0
59.5104166666667	0
59.5138888888889	0
59.5173611111111	0
59.5208333333333	0
59.5243055555556	0
59.5277777777778	0
59.53125	0
59.5347222222222	0
59.5381944444444	0
59.5416666666667	0
59.5451388888889	0
59.5486111111111	0
59.5520833333333	0
59.5555555555556	0
59.5590277777778	0
59.5625	0
59.5659722222222	0
59.5694444444444	0
59.5729166666667	0
59.5763888888889	0
59.5798611111111	0
59.5833333333333	0
59.5868055555556	0
59.5902777777778	0
59.59375	0
59.5972222222222	0
59.6006944444444	0
59.6041666666667	0
59.6076388888889	0
59.6111111111111	0
59.6145833333333	0.2
59.6180555555556	0
59.6215277777778	0
59.625	0
59.6284722222222	0
59.6319444444444	0
59.6354166666667	0
59.6388888888889	0.2
59.6423611111111	0
59.6458333333333	0
59.6493055555556	0
59.6527777777778	0
59.65625	0
59.6597222222222	0
59.6631944444444	0
59.6666666666667	0
59.6701388888889	0
59.6736111111111	0
59.6770833333333	0
59.6805555555556	0
59.6840277777778	0
59.6875	0
59.6909722222222	0
59.6944444444444	0
59.6979166666667	0
59.7013888888889	0
59.7048611111111	0
59.7083333333333	0
59.7118055555556	0
59.7152777777778	0
59.71875	0
59.7222222222222	0
59.7256944444444	0
59.7291666666667	0
59.7326388888889	0
59.7361111111111	0
59.7395833333333	0
59.7430555555556	0
59.7465277777778	0
59.75	0
59.7534722222222	0
59.7569444444444	0
59.7604166666667	0
59.7638888888889	0
59.7673611111111	0
59.7708333333333	0
59.7743055555556	0
59.7777777777778	0
59.78125	0
59.7847222222222	0.2
59.7881944444444	0.2
59.7916666666667	0
59.7951388888889	0
59.7986111111111	0.2
59.8020833333333	0
59.8055555555556	0
59.8090277777778	0
59.8125	0.2
59.8159722222222	0
59.8194444444444	0
59.8229166666667	0
59.8263888888889	0
59.8298611111111	0
59.8333333333333	0
59.8368055555556	0
59.8402777777778	0
59.84375	0
59.8472222222222	0
59.8506944444444	0
59.8541666666667	0
59.8576388888889	0
59.8611111111111	0
59.8645833333333	0
59.8680555555556	0
59.8715277777778	0
59.875	0
59.8784722222222	0
59.8819444444444	0
59.8854166666667	0
59.8888888888889	0
59.8923611111111	0
59.8958333333333	0
59.8993055555556	0
59.9027777777778	0
59.90625	0.2
59.9097222222222	0
59.9131944444444	0
59.9166666666667	0
59.9201388888889	0
59.9236111111111	0
59.9270833333333	0
59.9305555555556	0
59.9340277777778	0
59.9375	0
59.9409722222222	0
59.9444444444444	0
59.9479166666667	0
59.9513888888889	0
59.9548611111111	0
59.9583333333333	0
59.9618055555556	0
59.9652777777778	0
59.96875	0
59.9722222222222	0
59.9756944444444	0
59.9791666666667	0
59.9826388888889	0
59.9861111111111	0
59.9895833333333	0
59.9930555555556	0
59.9965277777778	0
60	0
60.0034722222222	0
60.0069444444444	0
60.0104166666667	0
60.0138888888889	0
60.0173611111111	0
60.0208333333333	0
60.0243055555556	0
60.0277777777778	0
60.03125	0
60.0347222222222	0
60.0381944444444	0
60.0416666666667	0
60.0451388888889	0
60.0486111111111	0
60.0520833333333	0
60.0555555555556	0
60.0590277777778	0
60.0625	0
60.0659722222222	0.2
60.0694444444444	0.6
60.0729166666667	0.4
60.0763888888889	0.4
60.0798611111111	0.4
60.0833333333333	0.2
60.0868055555556	0
60.0902777777778	0.2
60.09375	0
60.0972222222222	0
60.1006944444444	0
60.1041666666667	0
60.1076388888889	0
60.1111111111111	0
60.1145833333333	0
60.1180555555556	0
60.1215277777778	0
60.125	0
60.1284722222222	0
60.1319444444444	0
60.1354166666667	0
60.1388888888889	0
60.1423611111111	0
60.1458333333333	0
60.1493055555556	0
60.1527777777778	0
60.15625	0
60.1597222222222	0
60.1631944444444	0
60.1666666666667	0
60.1701388888889	0
60.1736111111111	0
60.1770833333333	0
60.1805555555556	0
60.1840277777778	0
60.1875	0
60.1909722222222	0
60.1944444444444	0
60.1979166666667	0
60.2013888888889	0
60.2048611111111	0
60.2083333333333	0
60.2118055555556	0
60.2152777777778	0
60.21875	0
60.2222222222222	0
60.2256944444444	0
60.2291666666667	0
60.2326388888889	0.2
60.2361111111111	0.2
60.2395833333333	0.2
60.2430555555556	0
60.2465277777778	0
60.25	0
60.2534722222222	0
60.2569444444444	0
60.2604166666667	0
60.2638888888889	0
60.2673611111111	0
60.2708333333333	0
60.2743055555556	0
60.2777777777778	0
60.28125	0
60.2847222222222	0
60.2881944444444	0.2
60.2916666666667	0
60.2951388888889	0
60.2986111111111	0
60.3020833333333	0
60.3055555555556	0
60.3090277777778	0.2
60.3125	0
60.3159722222222	0
60.3194444444444	0
60.3229166666667	0
60.3263888888889	0
60.3298611111111	0
60.3333333333333	0
60.3368055555556	0
60.3402777777778	0
60.34375	0
60.3472222222222	0
60.3506944444444	0
60.3541666666667	0
60.3576388888889	0
60.3611111111111	0
60.3645833333333	0
60.3680555555556	0
60.3715277777778	0
60.375	0
60.3784722222222	0
60.3819444444444	0
60.3854166666667	0
60.3888888888889	0
60.3923611111111	0
60.3958333333333	0
60.3993055555556	0
60.4027777777778	0
60.40625	0
60.4097222222222	0
60.4131944444444	0
60.4166666666667	0
60.4201388888889	0
60.4236111111111	0
60.4270833333333	0
60.4305555555556	0
60.4340277777778	0
60.4375	0
60.4409722222222	0
60.4444444444444	0
60.4479166666667	0
60.4513888888889	0
60.4548611111111	0
60.4583333333333	0
60.4618055555556	0
60.4652777777778	0
60.46875	0
60.4722222222222	0
60.4756944444444	0
60.4791666666667	0
60.4826388888889	0
60.4861111111111	0
60.4895833333333	0
60.4930555555556	0
60.4965277777778	0
60.5	0
60.5034722222222	0
60.5069444444444	0
60.5104166666667	0
60.5138888888889	0
60.5173611111111	0
60.5208333333333	0
60.5243055555556	0
60.5277777777778	0
60.53125	0
60.5347222222222	0
60.5381944444444	0
60.5416666666667	0
60.5451388888889	0
60.5486111111111	0
60.5520833333333	0
60.5555555555556	0
60.5590277777778	0
60.5625	0
60.5659722222222	0
60.5694444444444	0
60.5729166666667	0
60.5763888888889	0
60.5798611111111	0
60.5833333333333	0
60.5868055555556	0
60.5902777777778	0
60.59375	0
60.5972222222222	0
60.6006944444444	0
60.6041666666667	0
60.6076388888889	0
60.6111111111111	0
60.6145833333333	0
60.6180555555556	0
60.6215277777778	0
60.625	0
60.6284722222222	0
60.6319444444444	0
60.6354166666667	0
60.6388888888889	0
60.6423611111111	0
60.6458333333333	0
60.6493055555556	0
60.6527777777778	0
60.65625	0
60.6597222222222	0
60.6631944444444	0
60.6666666666667	0.2
60.6701388888889	0
60.6736111111111	0
60.6770833333333	0
60.6805555555556	0
60.6840277777778	0.4
60.6875	0
60.6909722222222	0.2
60.6944444444444	0
60.6979166666667	0
60.7013888888889	0
60.7048611111111	0
60.7083333333333	0
60.7118055555556	0
60.7152777777778	0
60.71875	0
60.7222222222222	0
60.7256944444444	0
60.7291666666667	0
60.7326388888889	0.4
60.7361111111111	0.2
60.7395833333333	0
60.7430555555556	0
60.7465277777778	0.6
60.75	0.6
60.7534722222222	0.6
60.7569444444444	0.2
60.7604166666667	0.2
60.7638888888889	0
60.7673611111111	0.2
60.7708333333333	0.2
60.7743055555556	0
60.7777777777778	0
60.78125	0
60.7847222222222	0
60.7881944444444	0
60.7916666666667	0
60.7951388888889	0.2
60.7986111111111	0
60.8020833333333	0
60.8055555555556	0
60.8090277777778	0
60.8125	0
60.8159722222222	0
60.8194444444444	0
60.8229166666667	0
60.8263888888889	0
60.8298611111111	0.2
60.8333333333333	0
60.8368055555556	0
60.8402777777778	0
60.84375	0
60.8472222222222	0
60.8506944444444	0
60.8541666666667	0
60.8576388888889	0
60.8611111111111	0
60.8645833333333	0
60.8680555555556	0
60.8715277777778	0
60.875	0
60.8784722222222	0
60.8819444444444	0
60.8854166666667	0
60.8888888888889	0
60.8923611111111	0
60.8958333333333	0
60.8993055555556	0
60.9027777777778	0
60.90625	0
60.9097222222222	0
60.9131944444444	0.2
60.9166666666667	0
60.9201388888889	0
60.9236111111111	0
60.9270833333333	0
60.9305555555556	0
60.9340277777778	0
60.9375	0
60.9409722222222	0
60.9444444444444	0
60.9479166666667	0
60.9513888888889	0
60.9548611111111	0
60.9583333333333	0
60.9618055555556	0
60.9652777777778	0
60.96875	0
60.9722222222222	0
60.9756944444444	0
60.9791666666667	0
60.9826388888889	0
60.9861111111111	0
60.9895833333333	0
60.9930555555556	0
60.9965277777778	0
61	0
61.0034722222222	0
61.0069444444444	0
61.0104166666667	0
61.0138888888889	0
61.0173611111111	0
61.0208333333333	0
61.0243055555556	0
61.0277777777778	0
61.03125	0
61.0347222222222	0
61.0381944444444	0
61.0416666666667	0
61.0451388888889	0
61.0486111111111	0
61.0520833333333	0
61.0555555555556	0
61.0590277777778	0
61.0625	0
61.0659722222222	0
61.0694444444444	0
61.0729166666667	0
61.0763888888889	0
61.0798611111111	0
61.0833333333333	0
61.0868055555556	0
61.0902777777778	0
61.09375	0
61.0972222222222	0
61.1006944444444	0
61.1041666666667	0
61.1076388888889	0
61.1111111111111	0
61.1145833333333	0
61.1180555555556	0
61.1215277777778	0
61.125	0
61.1284722222222	0
61.1319444444444	0
61.1354166666667	0
61.1388888888889	0
61.1423611111111	0
61.1458333333333	0
61.1493055555556	0.2
61.1527777777778	0
61.15625	0
61.1597222222222	0
61.1631944444444	0
61.1666666666667	0
61.1701388888889	0
61.1736111111111	0
61.1770833333333	0
61.1805555555556	0
61.1840277777778	0
61.1875	0
61.1909722222222	0.2
61.1944444444444	0
61.1979166666667	0
61.2013888888889	0.2
61.2048611111111	0
61.2083333333333	0.2
61.2118055555556	0
61.2152777777778	0
61.21875	0
61.2222222222222	0.2
61.2256944444444	0.2
61.2291666666667	0
61.2326388888889	0.2
61.2361111111111	0.2
61.2395833333333	0.2
61.2430555555556	0.2
61.2465277777778	0
61.25	0.2
61.2534722222222	0.4
61.2569444444444	0.2
61.2604166666667	0.2
61.2638888888889	0.2
61.2673611111111	0.2
61.2708333333333	0
61.2743055555556	0.2
61.2777777777778	0.2
61.28125	0
61.2847222222222	0
61.2881944444444	0.2
61.2916666666667	0.2
61.2951388888889	0.2
61.2986111111111	0.2
61.3020833333333	0
61.3055555555556	0.2
61.3090277777778	0
61.3125	0.2
61.3159722222222	0
61.3194444444444	0.2
61.3229166666667	0
61.3263888888889	0.2
61.3298611111111	0
61.3333333333333	0.2
61.3368055555556	0
61.3402777777778	0
61.34375	0
61.3472222222222	0.2
61.3506944444444	0
61.3541666666667	0
61.3576388888889	0
61.3611111111111	0.2
61.3645833333333	0
61.3680555555556	0.2
61.3715277777778	0
61.375	0.2
61.3784722222222	0
61.3819444444444	0.2
61.3854166666667	0
61.3888888888889	0
61.3923611111111	0
61.3958333333333	0.2
61.3993055555556	0
61.4027777777778	0
61.40625	0
61.4097222222222	0
61.4131944444444	0
61.4166666666667	0.2
61.4201388888889	0
61.4236111111111	0
61.4270833333333	0
61.4305555555556	0
61.4340277777778	0
61.4375	0
61.4409722222222	0
61.4444444444444	0
61.4479166666667	0.2
61.4513888888889	0
61.4548611111111	0
61.4583333333333	0
61.4618055555556	0
61.4652777777778	0
61.46875	0
61.4722222222222	0
61.4756944444444	0
61.4791666666667	0
61.4826388888889	0
61.4861111111111	0
61.4895833333333	0.2
61.4930555555556	0
61.4965277777778	0
61.5	0
61.5034722222222	0
61.5069444444444	0
61.5104166666667	0
61.5138888888889	0
61.5173611111111	0
61.5208333333333	0
61.5243055555556	0
61.5277777777778	0
61.53125	0
61.5347222222222	0
61.5381944444444	0.2
61.5416666666667	0
61.5451388888889	0.2
61.5486111111111	0
61.5520833333333	0
61.5555555555556	0
61.5590277777778	0
61.5625	0
61.5659722222222	0.2
61.5694444444444	0
61.5729166666667	0
61.5763888888889	0
61.5798611111111	0.2
61.5833333333333	0
61.5868055555556	0
61.5902777777778	0
61.59375	0
61.5972222222222	0
61.6006944444444	0
61.6041666666667	0.2
61.6076388888889	0
61.6111111111111	0
61.6145833333333	0
61.6180555555556	0
61.6215277777778	0.2
61.625	0
61.6284722222222	0
61.6319444444444	0
61.6354166666667	0
61.6388888888889	0
61.6423611111111	0
61.6458333333333	0
61.6493055555556	0
61.6527777777778	0
61.65625	0
61.6597222222222	0
61.6631944444444	0
61.6666666666667	0
61.6701388888889	0
61.6736111111111	0
61.6770833333333	0.2
61.6805555555556	0
61.6840277777778	0
61.6875	0
61.6909722222222	0
61.6944444444444	0
61.6979166666667	0
61.7013888888889	0.2
61.7048611111111	0
61.7083333333333	0
61.7118055555556	0
61.7152777777778	0.2
61.71875	0
61.7222222222222	0
61.7256944444444	0
61.7291666666667	0
61.7326388888889	0
61.7361111111111	0
61.7395833333333	0
61.7430555555556	0
61.7465277777778	0.2
61.75	0
61.7534722222222	0
61.7569444444444	0
61.7604166666667	0
61.7638888888889	0
61.7673611111111	0
61.7708333333333	0
61.7743055555556	0
61.7777777777778	0
61.78125	0
61.7847222222222	0
61.7881944444444	0.2
61.7916666666667	0
61.7951388888889	0
61.7986111111111	0
61.8020833333333	0
61.8055555555556	0
61.8090277777778	0
61.8125	0
61.8159722222222	0.2
61.8194444444444	0
61.8229166666667	0
61.8263888888889	0
61.8298611111111	0
61.8333333333333	0
61.8368055555556	0.2
61.8402777777778	0
61.84375	0
61.8472222222222	0
61.8506944444444	0.2
61.8541666666667	0
61.8576388888889	0
61.8611111111111	0.2
61.8645833333333	0
61.8680555555556	0.2
61.8715277777778	0.4
61.875	0
61.8784722222222	0
61.8819444444444	0
61.8854166666667	0
61.8888888888889	0.2
61.8923611111111	0.2
61.8958333333333	0.2
61.8993055555556	0.2
61.9027777777778	0.4
61.90625	0.2
61.9097222222222	0.2
61.9131944444444	0
61.9166666666667	0
61.9201388888889	0
61.9236111111111	0
61.9270833333333	0
61.9305555555556	0
61.9340277777778	0
61.9375	0
61.9409722222222	0
61.9444444444444	0.2
61.9479166666667	0
61.9513888888889	0
61.9548611111111	0.2
61.9583333333333	0.6
61.9618055555556	0.8
61.9652777777778	0
61.96875	0
61.9722222222222	0
61.9756944444444	0
61.9791666666667	0
61.9826388888889	0
61.9861111111111	0.2
61.9895833333333	0
61.9930555555556	0
61.9965277777778	0
62	0
62.0034722222222	0
62.0069444444444	0
62.0104166666667	0
62.0138888888889	0
62.0173611111111	0.2
62.0208333333333	0.2
62.0243055555556	0
62.0277777777778	0
62.03125	0
62.0347222222222	0.2
62.0381944444444	0
62.0416666666667	0
62.0451388888889	0.2
62.0486111111111	0.6
62.0520833333333	0.6
62.0555555555556	0
62.0590277777778	0.2
62.0625	0
62.0659722222222	0
62.0694444444444	0
62.0729166666667	0.2
62.0763888888889	0.2
62.0798611111111	0
62.0833333333333	0
62.0868055555556	0
62.0902777777778	0
62.09375	0.2
62.0972222222222	0
62.1006944444444	0
62.1041666666667	0
62.1076388888889	0
62.1111111111111	0
62.1145833333333	0
62.1180555555556	0
62.1215277777778	0
62.125	0
62.1284722222222	0
62.1319444444444	0.2
62.1354166666667	0
62.1388888888889	0
62.1423611111111	0.2
62.1458333333333	0
62.1493055555556	0.2
62.1527777777778	0.2
62.15625	0.4
62.1597222222222	0.2
62.1631944444444	0.2
62.1666666666667	0.2
62.1701388888889	0.2
62.1736111111111	0
62.1770833333333	0
62.1805555555556	0
62.1840277777778	0.2
62.1875	0
62.1909722222222	0
62.1944444444444	0.2
62.1979166666667	0
62.2013888888889	0
62.2048611111111	0.2
62.2083333333333	0.2
62.2118055555556	0
62.2152777777778	0
62.21875	0
62.2222222222222	0
62.2256944444444	0
62.2291666666667	0
62.2326388888889	0.2
62.2361111111111	0
62.2395833333333	0.2
62.2430555555556	0
62.2465277777778	0
62.25	0
62.2534722222222	0.2
62.2569444444444	0.2
62.2604166666667	0
62.2638888888889	0
62.2673611111111	0.2
62.2708333333333	0
62.2743055555556	0.2
62.2777777777778	0.4
62.28125	0.4
62.2847222222222	0.2
62.2881944444444	0.6
62.2916666666667	0.6
62.2951388888889	0.4
62.2986111111111	0.2
62.3020833333333	0.4
62.3055555555556	0.4
62.3090277777778	0.6
62.3125	0.2
62.3159722222222	1.6
62.3194444444444	0.8
62.3229166666667	0.6
62.3263888888889	0.6
62.3298611111111	0.4
62.3333333333333	0.2
62.3368055555556	0.2
62.3402777777778	0
62.34375	0
62.3472222222222	0.4
62.3506944444444	0.2
62.3541666666667	0
62.3576388888889	0.2
62.3611111111111	0
62.3645833333333	0
62.3680555555556	0.2
62.3715277777778	0.2
62.375	0
62.3784722222222	0
62.3819444444444	0.2
62.3854166666667	0.2
62.3888888888889	0
62.3923611111111	0.2
62.3958333333333	0
62.3993055555556	0.2
62.4027777777778	0.4
62.40625	0
62.4097222222222	0.2
62.4131944444444	0.2
62.4166666666667	0.4
62.4201388888889	0.2
62.4236111111111	0
62.4270833333333	0
62.4305555555556	0
62.4340277777778	0
62.4375	0.2
62.4409722222222	0
62.4444444444444	0
62.4479166666667	0
62.4513888888889	0
62.4548611111111	0.2
62.4583333333333	0.2
62.4618055555556	0
62.4652777777778	0
62.46875	0
62.4722222222222	0
62.4756944444444	0
62.4791666666667	0
62.4826388888889	0
62.4861111111111	0
62.4895833333333	0
62.4930555555556	0
62.4965277777778	0
62.5	0
62.5034722222222	0
62.5069444444444	0
62.5104166666667	0
62.5138888888889	0
62.5173611111111	0
62.5208333333333	0
62.5243055555556	0.2
62.5277777777778	0
62.53125	0
62.5347222222222	0
62.5381944444444	0
62.5416666666667	0
62.5451388888889	0
62.5486111111111	0
62.5520833333333	0
62.5555555555556	0
62.5590277777778	0
62.5625	0
62.5659722222222	0.2
62.5694444444444	0.2
62.5729166666667	0.2
62.5763888888889	0.2
62.5798611111111	0
62.5833333333333	0
62.5868055555556	0
62.5902777777778	0
62.59375	0
62.5972222222222	0
62.6006944444444	0
62.6041666666667	0
62.6076388888889	0
62.6111111111111	0.2
62.6145833333333	0
62.6180555555556	0
62.6215277777778	0
62.625	0.2
62.6284722222222	0
62.6319444444444	0
62.6354166666667	0.2
62.6388888888889	0
62.6423611111111	0
62.6458333333333	0
62.6493055555556	0
62.6527777777778	0
62.65625	0
62.6597222222222	0
62.6631944444444	0
62.6666666666667	0.2
62.6701388888889	0
62.6736111111111	0.2
62.6770833333333	0
62.6805555555556	0
62.6840277777778	0
62.6875	0
62.6909722222222	0
62.6944444444444	0
62.6979166666667	0
62.7013888888889	0
62.7048611111111	0
62.7083333333333	0
62.7118055555556	0
62.7152777777778	0
62.71875	0
62.7222222222222	0
62.7256944444444	0
62.7291666666667	0
62.7326388888889	0
62.7361111111111	0
62.7395833333333	0
62.7430555555556	0
62.7465277777778	0
62.75	0
62.7534722222222	0
62.7569444444444	0
62.7604166666667	0
62.7638888888889	0
62.7673611111111	0
62.7708333333333	0
62.7743055555556	0
62.7777777777778	0
62.78125	0.4
62.7847222222222	0.8
62.7881944444444	0
62.7916666666667	0
62.7951388888889	0
62.7986111111111	0
62.8020833333333	0
62.8055555555556	0.4
62.8090277777778	0.4
62.8125	0.4
62.8159722222222	0
62.8194444444444	0.6
62.8229166666667	1
62.8263888888889	0.4
62.8298611111111	0.4
62.8333333333333	0
62.8368055555556	0
62.8402777777778	0
62.84375	0
62.8472222222222	0
62.8506944444444	0
62.8541666666667	0.4
62.8576388888889	0.2
62.8611111111111	0
62.8645833333333	0
62.8680555555556	0
62.8715277777778	0
62.875	0
62.8784722222222	0
62.8819444444444	0
62.8854166666667	0
62.8888888888889	0
62.8923611111111	0
62.8958333333333	0
62.8993055555556	0
62.9027777777778	0
62.90625	0
62.9097222222222	0
62.9131944444444	0
62.9166666666667	0
62.9201388888889	0
62.9236111111111	0.4
62.9270833333333	0.2
62.9305555555556	0
62.9340277777778	0
62.9375	0
62.9409722222222	0.4
62.9444444444444	0
62.9479166666667	0
62.9513888888889	0
62.9548611111111	0
62.9583333333333	0
62.9618055555556	0
62.9652777777778	0
62.96875	0
62.9722222222222	0
62.9756944444444	0
62.9791666666667	0
62.9826388888889	0
62.9861111111111	0
62.9895833333333	0
62.9930555555556	0
62.9965277777778	0
63	0
63.0034722222222	0
63.0069444444444	0
63.0104166666667	0
63.0138888888889	0
63.0173611111111	0
63.0208333333333	0
63.0243055555556	0
63.0277777777778	0.4
63.03125	1.6
63.0347222222222	1.2
63.0381944444444	0
63.0416666666667	0.2
63.0451388888889	0
63.0486111111111	0
63.0520833333333	0.4
63.0555555555556	0
63.0590277777778	0
63.0625	0
63.0659722222222	0
63.0694444444444	0.2
63.0729166666667	0
63.0763888888889	0
63.0798611111111	0
63.0833333333333	0.2
63.0868055555556	0.4
63.0902777777778	0.2
63.09375	0.4
63.0972222222222	0.4
63.1006944444444	0.6
63.1041666666667	0
63.1076388888889	0
63.1111111111111	0
63.1145833333333	0
63.1180555555556	0
63.1215277777778	0
63.125	0
63.1284722222222	0
63.1319444444444	0
63.1354166666667	0
63.1388888888889	0
63.1423611111111	0
63.1458333333333	0
63.1493055555556	0
63.1527777777778	0
63.15625	0
63.1597222222222	0
63.1631944444444	0
63.1666666666667	0
63.1701388888889	0
63.1736111111111	0
63.1770833333333	0
63.1805555555556	0
63.1840277777778	0
63.1875	0
63.1909722222222	0
63.1944444444444	0
63.1979166666667	0
63.2013888888889	0
63.2048611111111	0
63.2083333333333	0
63.2118055555556	0
63.2152777777778	0
63.21875	0
63.2222222222222	0
63.2256944444444	0
63.2291666666667	0
63.2326388888889	0
63.2361111111111	0
63.2395833333333	0
63.2430555555556	0
63.2465277777778	0
63.25	0
63.2534722222222	0
63.2569444444444	0
63.2604166666667	0
63.2638888888889	0
63.2673611111111	0
63.2708333333333	0
63.2743055555556	0
63.2777777777778	0
63.28125	0
63.2847222222222	0
63.2881944444444	0
63.2916666666667	0
63.2951388888889	0
63.2986111111111	0
63.3020833333333	0
63.3055555555556	0
63.3090277777778	0
63.3125	0
63.3159722222222	0
63.3194444444444	0
63.3229166666667	0
63.3263888888889	0
63.3298611111111	0
63.3333333333333	0
63.3368055555556	0
63.3402777777778	0
63.34375	0
63.3472222222222	0
63.3506944444444	0
63.3541666666667	0
63.3576388888889	0
63.3611111111111	0
63.3645833333333	0
63.3680555555556	0
63.3715277777778	0
63.375	0
63.3784722222222	0
63.3819444444444	0
63.3854166666667	0
63.3888888888889	0
63.3923611111111	0
63.3958333333333	0
63.3993055555556	0
63.4027777777778	0
63.40625	0
63.4097222222222	0
63.4131944444444	0
63.4166666666667	0
63.4201388888889	0
63.4236111111111	0
63.4270833333333	0
63.4305555555556	0
63.4340277777778	0
63.4375	0
63.4409722222222	0
63.4444444444444	0
63.4479166666667	0
63.4513888888889	0
63.4548611111111	0
63.4583333333333	0
63.4618055555556	0
63.4652777777778	0
63.46875	0
63.4722222222222	0
63.4756944444444	0
63.4791666666667	0
63.4826388888889	0
63.4861111111111	0
63.4895833333333	0
63.4930555555556	0
63.4965277777778	0
63.5	0
63.5034722222222	0
63.5069444444444	0
63.5104166666667	0
63.5138888888889	0
63.5173611111111	0
63.5208333333333	0
63.5243055555556	0
63.5277777777778	0
63.53125	0
63.5347222222222	0
63.5381944444444	0
63.5416666666667	0
63.5451388888889	0
63.5486111111111	0
63.5520833333333	0
63.5555555555556	0
63.5590277777778	0
63.5625	0
63.5659722222222	0
63.5694444444444	0
63.5729166666667	0.2
63.5763888888889	0
63.5798611111111	0
63.5833333333333	0
63.5868055555556	0
63.5902777777778	0
63.59375	0
63.5972222222222	0
63.6006944444444	0
63.6041666666667	0
63.6076388888889	0
63.6111111111111	0
63.6145833333333	0
63.6180555555556	0
63.6215277777778	0
63.625	0
63.6284722222222	0
63.6319444444444	0
63.6354166666667	0
63.6388888888889	0
63.6423611111111	0
63.6458333333333	0
63.6493055555556	0
63.6527777777778	0
63.65625	0
63.6597222222222	0
63.6631944444444	0
63.6666666666667	0
63.6701388888889	0
63.6736111111111	0
63.6770833333333	0
63.6805555555556	0
63.6840277777778	0
63.6875	0
63.6909722222222	0
63.6944444444444	0
63.6979166666667	0
63.7013888888889	0
63.7048611111111	0
63.7083333333333	0
63.7118055555556	0
63.7152777777778	0
63.71875	0
63.7222222222222	0
63.7256944444444	0
63.7291666666667	0
63.7326388888889	0
63.7361111111111	0
63.7395833333333	0
63.7430555555556	0
63.7465277777778	0
63.75	0
63.7534722222222	0
63.7569444444444	0
63.7604166666667	0
63.7638888888889	0
63.7673611111111	0
63.7708333333333	0.4
63.7743055555556	0
63.7777777777778	0
63.78125	0.4
63.7847222222222	0.2
63.7881944444444	0
63.7916666666667	0
63.7951388888889	0
63.7986111111111	0
63.8020833333333	0
63.8055555555556	0
63.8090277777778	0
63.8125	0
63.8159722222222	0
63.8194444444444	0
63.8229166666667	0
63.8263888888889	0
63.8298611111111	0
63.8333333333333	0
63.8368055555556	0
63.8402777777778	0
63.84375	0
63.8472222222222	0
63.8506944444444	0
63.8541666666667	0
63.8576388888889	0
63.8611111111111	0
63.8645833333333	0
63.8680555555556	0
63.8715277777778	0
63.875	0
63.8784722222222	0
63.8819444444444	0
63.8854166666667	0
63.8888888888889	0
63.8923611111111	0
63.8958333333333	0
63.8993055555556	0
63.9027777777778	0
63.90625	0
63.9097222222222	0
63.9131944444444	0
63.9166666666667	0
63.9201388888889	0
63.9236111111111	0.2
63.9270833333333	0
63.9305555555556	0
63.9340277777778	0
63.9375	0
63.9409722222222	0
63.9444444444444	0
63.9479166666667	0
63.9513888888889	0
63.9548611111111	0
63.9583333333333	0
63.9618055555556	0
63.9652777777778	0
63.96875	0
63.9722222222222	0
63.9756944444444	0
63.9791666666667	0
63.9826388888889	0
63.9861111111111	0
63.9895833333333	0
63.9930555555556	0
63.9965277777778	0
64	0
64.0034722222222	0
64.0069444444444	0
64.0104166666667	0
64.0138888888889	0
64.0173611111111	0
64.0208333333333	0
64.0243055555556	0
64.0277777777778	0
64.03125	0
64.0347222222222	0
64.0381944444444	0
64.0416666666667	0
64.0451388888889	0
64.0486111111111	0
64.0520833333333	0
64.0555555555556	0
64.0590277777778	0
64.0625	0
64.0659722222222	0
64.0694444444444	0
64.0729166666667	0
64.0763888888889	0
64.0798611111111	0
64.0833333333333	0
64.0868055555556	0
64.0902777777778	0
64.09375	0
64.0972222222222	0
64.1006944444444	0
64.1041666666667	0
64.1076388888889	0
64.1111111111111	0
64.1145833333333	0
64.1180555555556	0
64.1215277777778	0
64.125	0
64.1284722222222	0
64.1319444444444	0
64.1354166666667	0
64.1388888888889	0
64.1423611111111	0
64.1458333333333	0
64.1493055555556	0
64.1527777777778	0
64.15625	0
64.1597222222222	0
64.1631944444444	0
64.1666666666667	0
64.1701388888889	0
64.1736111111111	0
64.1770833333333	0
64.1805555555556	0
64.1840277777778	0
64.1875	0
64.1909722222222	0
64.1944444444444	0
64.1979166666667	0
64.2013888888889	0
64.2048611111111	0
64.2083333333333	0
64.2118055555556	0
64.2152777777778	0
64.21875	0
64.2222222222222	0
64.2256944444444	0
64.2291666666667	0
64.2326388888889	0
64.2361111111111	0
64.2395833333333	0
64.2430555555556	0
64.2465277777778	0
64.25	0
64.2534722222222	0
64.2569444444444	0
64.2604166666667	0
64.2638888888889	0
64.2673611111111	0
64.2708333333333	0
64.2743055555556	0
64.2777777777778	0
64.28125	0
64.2847222222222	0
64.2881944444444	0
64.2916666666667	0
64.2951388888889	0
64.2986111111111	0
64.3020833333333	0
64.3055555555556	0
64.3090277777778	0
64.3125	0
64.3159722222222	0
64.3194444444444	0
64.3229166666667	0
64.3263888888889	0
64.3298611111111	0
64.3333333333333	0
64.3368055555556	0
64.3402777777778	0
64.34375	0
64.3472222222222	0
64.3506944444444	0
64.3541666666667	0
64.3576388888889	0
64.3611111111111	0
64.3645833333333	0
64.3680555555556	0
64.3715277777778	0
64.375	0
64.3784722222222	0
64.3819444444444	0
64.3854166666667	0
64.3888888888889	0
64.3923611111111	0
64.3958333333333	0
64.3993055555556	0
64.4027777777778	0
64.40625	0
64.4097222222222	0
64.4131944444444	0
64.4166666666667	0
64.4201388888889	0
64.4236111111111	0
64.4270833333333	0
64.4305555555556	0
64.4340277777778	0
64.4375	0
64.4409722222222	0
64.4444444444444	0
64.4479166666667	0
64.4513888888889	0
64.4548611111111	0
64.4583333333333	0
64.4618055555556	0
64.4652777777778	0
64.46875	0
64.4722222222222	0
64.4756944444444	0
64.4791666666667	0
64.4826388888889	0
64.4861111111111	0
64.4895833333333	0
64.4930555555556	0
64.4965277777778	0
64.5	0
64.5034722222222	0
64.5069444444444	0
64.5104166666667	0
64.5138888888889	0
64.5173611111111	0
64.5208333333333	0
64.5243055555556	0
64.5277777777778	0
64.53125	0
64.5347222222222	0
64.5381944444444	0
64.5416666666667	0
64.5451388888889	0
64.5486111111111	0
64.5520833333333	0
64.5555555555556	0
64.5590277777778	0
64.5625	0
64.5659722222222	0
64.5694444444444	0
64.5729166666667	0
64.5763888888889	0.2
64.5798611111111	0
64.5833333333333	0
64.5868055555556	0
64.5902777777778	0
64.59375	0
64.5972222222222	0
64.6006944444444	0
64.6041666666667	0
64.6076388888889	0
64.6111111111111	0
64.6145833333333	0
64.6180555555556	0
64.6215277777778	0
64.625	0
64.6284722222222	0
64.6319444444444	0
64.6354166666667	0
64.6388888888889	0
64.6423611111111	0
64.6458333333333	0
64.6493055555556	0
64.6527777777778	0
64.65625	0
64.6597222222222	0
64.6631944444444	0
64.6666666666667	0
64.6701388888889	0
64.6736111111111	0
64.6770833333333	0
64.6805555555556	0
64.6840277777778	0
64.6875	0
64.6909722222222	0
64.6944444444444	0
64.6979166666667	0
64.7013888888889	0
64.7048611111111	0
64.7083333333333	0
64.7118055555556	0
64.7152777777778	0
64.71875	0
64.7222222222222	0
64.7256944444444	0
64.7291666666667	0
64.7326388888889	0
64.7361111111111	0
64.7395833333333	0
64.7430555555556	0
64.7465277777778	0
64.75	0
64.7534722222222	0
64.7569444444444	0
64.7604166666667	0
64.7638888888889	0
64.7673611111111	0
64.7708333333333	0
64.7743055555556	0
64.7777777777778	0
64.78125	0
64.7847222222222	0
64.7881944444444	0
64.7916666666667	0
64.7951388888889	0
64.7986111111111	0
64.8020833333333	0
64.8055555555556	0
64.8090277777778	0
64.8125	0
64.8159722222222	0
64.8194444444444	0
64.8229166666667	0
64.8263888888889	0
64.8298611111111	0
64.8333333333333	0
64.8368055555556	0
64.8402777777778	0
64.84375	0
64.8472222222222	0
64.8506944444444	0
64.8541666666667	0
64.8576388888889	0
64.8611111111111	0
64.8645833333333	0
64.8680555555556	0
64.8715277777778	0
64.875	0
64.8784722222222	0
64.8819444444444	0
64.8854166666667	0
64.8888888888889	0
64.8923611111111	0
64.8958333333333	0
64.8993055555556	0
64.9027777777778	0
64.90625	0
64.9097222222222	0
64.9131944444444	0
64.9166666666667	0
64.9201388888889	0
64.9236111111111	0
64.9270833333333	0.2
64.9305555555556	0
64.9340277777778	0
64.9375	0
64.9409722222222	0
64.9444444444444	0
64.9479166666667	0
64.9513888888889	0
64.9548611111111	0
64.9583333333333	0
64.9618055555556	0
64.9652777777778	0
64.96875	0
64.9722222222222	0
64.9756944444444	0
64.9791666666667	0
64.9826388888889	0
64.9861111111111	0
64.9895833333333	0
64.9930555555556	0
64.9965277777778	0
65	0
65.0034722222222	0
65.0069444444444	0
65.0104166666667	0
65.0138888888889	0
65.0173611111111	0
65.0208333333333	0
65.0243055555556	0
65.0277777777778	0
65.03125	0
65.0347222222222	0
65.0381944444444	0
65.0416666666667	0
65.0451388888889	0
65.0486111111111	0
65.0520833333333	0
65.0555555555556	0
65.0590277777778	0
65.0625	0
65.0659722222222	0
65.0694444444444	0
65.0729166666667	0
65.0763888888889	0
65.0798611111111	0
65.0833333333333	0
65.0868055555556	0
65.0902777777778	0
65.09375	0
65.0972222222222	0
65.1006944444444	0
65.1041666666667	0
65.1076388888889	0
65.1111111111111	0
65.1145833333333	0
65.1180555555556	0
65.1215277777778	0
65.125	0
65.1284722222222	0
65.1319444444444	0
65.1354166666667	0
65.1388888888889	0
65.1423611111111	0
65.1458333333333	0
65.1493055555556	0
65.1527777777778	0
65.15625	0
65.1597222222222	0
65.1631944444444	0
65.1666666666667	0
65.1701388888889	0
65.1736111111111	0
65.1770833333333	0
65.1805555555556	0
65.1840277777778	0
65.1875	0
65.1909722222222	0
65.1944444444444	0
65.1979166666667	0
65.2013888888889	0
65.2048611111111	0
65.2083333333333	0
65.2118055555556	0
65.2152777777778	0
65.21875	0
65.2222222222222	0
65.2256944444444	0
65.2291666666667	0
65.2326388888889	0
65.2361111111111	0
65.2395833333333	0
65.2430555555556	0
65.2465277777778	0
65.25	0
65.2534722222222	0
65.2569444444444	0
65.2604166666667	0
65.2638888888889	0
65.2673611111111	0
65.2708333333333	0
65.2743055555556	0
65.2777777777778	0
65.28125	0
65.2847222222222	0
65.2881944444444	0
65.2916666666667	0
65.2951388888889	0
65.2986111111111	0
65.3020833333333	0
65.3055555555556	0
65.3090277777778	0
65.3125	0
65.3159722222222	0
65.3194444444444	0
65.3229166666667	0
65.3263888888889	0
65.3298611111111	0
65.3333333333333	0
65.3368055555556	0
65.3402777777778	0
65.34375	0
65.3472222222222	0
65.3506944444444	0
65.3541666666667	0
65.3576388888889	0
65.3611111111111	0
65.3645833333333	0
65.3680555555556	0
65.3715277777778	0
65.375	0
65.3784722222222	0
65.3819444444444	0
65.3854166666667	0
65.3888888888889	0
65.3923611111111	0
65.3958333333333	0
65.3993055555556	0
65.4027777777778	0
65.40625	0
65.4097222222222	0
65.4131944444444	0
65.4166666666667	0
65.4201388888889	0
65.4236111111111	0
65.4270833333333	0
65.4305555555556	0
65.4340277777778	0
65.4375	0
65.4409722222222	0
65.4444444444444	0
65.4479166666667	0
65.4513888888889	0
65.4548611111111	0
65.4583333333333	0
65.4618055555556	0
65.4652777777778	0
65.46875	0
65.4722222222222	0
65.4756944444444	0
65.4791666666667	0
65.4826388888889	0
65.4861111111111	0
65.4895833333333	0
65.4930555555556	0
65.4965277777778	0
65.5	0
65.5034722222222	0
65.5069444444444	0
65.5104166666667	0
65.5138888888889	0
65.5173611111111	0
65.5208333333333	0
65.5243055555556	0
65.5277777777778	0
65.53125	0
65.5347222222222	0
65.5381944444444	0
65.5416666666667	0
65.5451388888889	0
65.5486111111111	0
65.5520833333333	0
65.5555555555556	0
65.5590277777778	0
65.5625	0
65.5659722222222	0
65.5694444444444	0
65.5729166666667	0
65.5763888888889	0
65.5798611111111	0
65.5833333333333	0
65.5868055555556	0.2
65.5902777777778	0
65.59375	0
65.5972222222222	0
65.6006944444444	0
65.6041666666667	0
65.6076388888889	0
65.6111111111111	0
65.6145833333333	0
65.6180555555556	0
65.6215277777778	0
65.625	0
65.6284722222222	0
65.6319444444444	0
65.6354166666667	0
65.6388888888889	0
65.6423611111111	0
65.6458333333333	0
65.6493055555556	0
65.6527777777778	0
65.65625	0
65.6597222222222	0.2
65.6631944444444	0
65.6666666666667	0
65.6701388888889	0
65.6736111111111	0
65.6770833333333	0
65.6805555555556	0
65.6840277777778	0
65.6875	0
65.6909722222222	0
65.6944444444444	0
65.6979166666667	0
65.7013888888889	0.2
65.7048611111111	0
65.7083333333333	0
65.7118055555556	0
65.7152777777778	0
65.71875	0
65.7222222222222	0
65.7256944444444	0
65.7291666666667	0
65.7326388888889	0
65.7361111111111	0
65.7395833333333	0
65.7430555555556	0
65.7465277777778	0
65.75	0
65.7534722222222	0
65.7569444444444	0
65.7604166666667	0
65.7638888888889	0
65.7673611111111	0
65.7708333333333	0
65.7743055555556	0
65.7777777777778	0
65.78125	0
65.7847222222222	0
65.7881944444444	0
65.7916666666667	0
65.7951388888889	0
65.7986111111111	0
65.8020833333333	0
65.8055555555556	0
65.8090277777778	0
65.8125	0
65.8159722222222	0
65.8194444444444	0
65.8229166666667	0
65.8263888888889	0
65.8298611111111	0
65.8333333333333	0
65.8368055555556	0
65.8402777777778	0
65.84375	0
65.8472222222222	0
65.8506944444444	0
65.8541666666667	0
65.8576388888889	0
65.8611111111111	0
65.8645833333333	0
65.8680555555556	0
65.8715277777778	0
65.875	0
65.8784722222222	0
65.8819444444444	0
65.8854166666667	0
65.8888888888889	0
65.8923611111111	0
65.8958333333333	0
65.8993055555556	0
65.9027777777778	0
65.90625	0
65.9097222222222	0
65.9131944444444	0
65.9166666666667	0
65.9201388888889	0
65.9236111111111	0
65.9270833333333	0
65.9305555555556	0
65.9340277777778	0
65.9375	0
65.9409722222222	0
65.9444444444444	0
65.9479166666667	0
65.9513888888889	0
65.9548611111111	0
65.9583333333333	0
65.9618055555556	0
65.9652777777778	0
65.96875	0
65.9722222222222	0
65.9756944444444	0
65.9791666666667	0
65.9826388888889	0
65.9861111111111	0
65.9895833333333	0
65.9930555555556	0
65.9965277777778	0
66	0
66.0034722222222	0
66.0069444444444	0
66.0104166666667	0
66.0138888888889	0
66.0173611111111	0
66.0208333333333	0
66.0243055555556	0
66.0277777777778	0
66.03125	0
66.0347222222222	0
66.0381944444444	0
66.0416666666667	0
66.0451388888889	0
66.0486111111111	0
66.0520833333333	0
66.0555555555556	0
66.0590277777778	0
66.0625	0
66.0659722222222	0
66.0694444444444	0
66.0729166666667	0
66.0763888888889	0
66.0798611111111	0
66.0833333333333	0
66.0868055555556	0
66.0902777777778	0
66.09375	0
66.0972222222222	0
66.1006944444444	0
66.1041666666667	0
66.1076388888889	0
66.1111111111111	0
66.1145833333333	0
66.1180555555556	0
66.1215277777778	0
66.125	0
66.1284722222222	0
66.1319444444444	0
66.1354166666667	0
66.1388888888889	0
66.1423611111111	0
66.1458333333333	0
66.1493055555556	0
66.1527777777778	0
66.15625	0
66.1597222222222	0
66.1631944444444	0
66.1666666666667	0
66.1701388888889	0
66.1736111111111	0
66.1770833333333	0
66.1805555555556	0
66.1840277777778	0
66.1875	0
66.1909722222222	0
66.1944444444444	0
66.1979166666667	0
66.2013888888889	0
66.2048611111111	0
66.2083333333333	0
66.2118055555556	0
66.2152777777778	0
66.21875	0
66.2222222222222	0
66.2256944444444	0
66.2291666666667	0
66.2326388888889	0
66.2361111111111	0
66.2395833333333	0
66.2430555555556	0
66.2465277777778	0
66.25	0
66.2534722222222	0
66.2569444444444	0
66.2604166666667	0
66.2638888888889	0
66.2673611111111	0
66.2708333333333	0
66.2743055555556	0
66.2777777777778	0
66.28125	0
66.2847222222222	0
66.2881944444444	0
66.2916666666667	0
66.2951388888889	0
66.2986111111111	0
66.3020833333333	0
66.3055555555556	0
66.3090277777778	0
66.3125	0
66.3159722222222	0
66.3194444444444	0
66.3229166666667	0
66.3263888888889	0
66.3298611111111	0
66.3333333333333	0
66.3368055555556	0
66.3402777777778	0
66.34375	0
66.3472222222222	0
66.3506944444444	0
66.3541666666667	0
66.3576388888889	0
66.3611111111111	0
66.3645833333333	0
66.3680555555556	0
66.3715277777778	0
66.375	0
66.3784722222222	0
66.3819444444444	0
66.3854166666667	0
66.3888888888889	0
66.3923611111111	0
66.3958333333333	0
66.3993055555556	0
66.4027777777778	0
66.40625	0
66.4097222222222	0
66.4131944444444	0
66.4166666666667	0
66.4201388888889	0
66.4236111111111	0
66.4270833333333	0
66.4305555555556	0
66.4340277777778	0
66.4375	0
66.4409722222222	0
66.4444444444444	0
66.4479166666667	0
66.4513888888889	0
66.4548611111111	0
66.4583333333333	0
66.4618055555556	0
66.4652777777778	0
66.46875	0
66.4722222222222	0
66.4756944444444	0
66.4791666666667	0
66.4826388888889	0
66.4861111111111	0
66.4895833333333	0
66.4930555555556	0
66.4965277777778	0
66.5	0
66.5034722222222	0
66.5069444444444	0
66.5104166666667	0
66.5138888888889	0
66.5173611111111	0
66.5208333333333	0
66.5243055555556	0
66.5277777777778	0
66.53125	0
66.5347222222222	0
66.5381944444444	0
66.5416666666667	0
66.5451388888889	0
66.5486111111111	0
66.5520833333333	0
66.5555555555556	0
66.5590277777778	0
66.5625	0
66.5659722222222	0
66.5694444444444	0
66.5729166666667	0
66.5763888888889	0
66.5798611111111	0
66.5833333333333	0
66.5868055555556	0
66.5902777777778	0
66.59375	0
66.5972222222222	0
66.6006944444444	0
66.6041666666667	0
66.6076388888889	0
66.6111111111111	0
66.6145833333333	0
66.6180555555556	0
66.6215277777778	0
66.625	0
66.6284722222222	0
66.6319444444444	0
66.6354166666667	0
66.6388888888889	0
66.6423611111111	0
66.6458333333333	0
66.6493055555556	0
66.6527777777778	0
66.65625	0
66.6597222222222	0
66.6631944444444	0
66.6666666666667	0
66.6701388888889	0
66.6736111111111	0
66.6770833333333	0
66.6805555555556	0
66.6840277777778	0
66.6875	0
66.6909722222222	0
66.6944444444444	0
66.6979166666667	0
66.7013888888889	0
66.7048611111111	0
66.7083333333333	0
66.7118055555556	0
66.7152777777778	0
66.71875	0
66.7222222222222	0
66.7256944444444	0
66.7291666666667	0
66.7326388888889	0
66.7361111111111	0
66.7395833333333	0
66.7430555555556	0
66.7465277777778	0
66.75	0
66.7534722222222	0
66.7569444444444	0
66.7604166666667	0
66.7638888888889	0
66.7673611111111	0
66.7708333333333	0
66.7743055555556	0
66.7777777777778	0
66.78125	0
66.7847222222222	0
66.7881944444444	0
66.7916666666667	0
66.7951388888889	0
66.7986111111111	0
66.8020833333333	0
66.8055555555556	0
66.8090277777778	0
66.8125	0
66.8159722222222	0
66.8194444444444	0
66.8229166666667	0
66.8263888888889	0
66.8298611111111	0
66.8333333333333	0
66.8368055555556	0
66.8402777777778	0
66.84375	0
66.8472222222222	0
66.8506944444444	0
66.8541666666667	0
66.8576388888889	0
66.8611111111111	0
66.8645833333333	0
66.8680555555556	0
66.8715277777778	0
66.875	0
66.8784722222222	0
66.8819444444444	0
66.8854166666667	0
66.8888888888889	0
66.8923611111111	0
66.8958333333333	0
66.8993055555556	0
66.9027777777778	0
66.90625	0
66.9097222222222	0
66.9131944444444	0
66.9166666666667	0
66.9201388888889	0
66.9236111111111	0
66.9270833333333	0
66.9305555555556	0
66.9340277777778	0
66.9375	0
66.9409722222222	0
66.9444444444444	0
66.9479166666667	0
66.9513888888889	0
66.9548611111111	0
66.9583333333333	0
66.9618055555556	0
66.9652777777778	0
66.96875	0
66.9722222222222	0
66.9756944444444	0
66.9791666666667	0
66.9826388888889	0
66.9861111111111	0
66.9895833333333	0
66.9930555555556	0
66.9965277777778	0
67	0
67.0034722222222	0
67.0069444444444	0
67.0104166666667	0
67.0138888888889	0
67.0173611111111	0
67.0208333333333	0
67.0243055555556	0
67.0277777777778	0
67.03125	0
67.0347222222222	0
67.0381944444444	0
67.0416666666667	0
67.0451388888889	0
67.0486111111111	0
67.0520833333333	0
67.0555555555556	0
67.0590277777778	0
67.0625	0
67.0659722222222	0
67.0694444444444	0
67.0729166666667	0
67.0763888888889	0
67.0798611111111	0
67.0833333333333	0
67.0868055555556	0
67.0902777777778	0
67.09375	0
67.0972222222222	0
67.1006944444444	0
67.1041666666667	0
67.1076388888889	0
67.1111111111111	0
67.1145833333333	0
67.1180555555556	0
67.1215277777778	0
67.125	0
67.1284722222222	0
67.1319444444444	0
67.1354166666667	0
67.1388888888889	0
67.1423611111111	0
67.1458333333333	0
67.1493055555556	0
67.1527777777778	0
67.15625	0
67.1597222222222	0
67.1631944444444	0
67.1666666666667	0
67.1701388888889	0
67.1736111111111	0
67.1770833333333	0
67.1805555555556	0
67.1840277777778	0
67.1875	0
67.1909722222222	0
67.1944444444444	0
67.1979166666667	0
67.2013888888889	0
67.2048611111111	0
67.2083333333333	0
67.2118055555556	0
67.2152777777778	0
67.21875	0
67.2222222222222	0
67.2256944444444	0
67.2291666666667	0
67.2326388888889	0
67.2361111111111	0
67.2395833333333	0
67.2430555555556	0
67.2465277777778	0
67.25	0
67.2534722222222	0
67.2569444444444	0
67.2604166666667	0
67.2638888888889	0
67.2673611111111	0
67.2708333333333	0
67.2743055555556	0
67.2777777777778	0
67.28125	0
67.2847222222222	0
67.2881944444444	0
67.2916666666667	0
67.2951388888889	0
67.2986111111111	0
67.3020833333333	0
67.3055555555556	0
67.3090277777778	0
67.3125	0
67.3159722222222	0
67.3194444444444	0
67.3229166666667	0
67.3263888888889	0
67.3298611111111	0
67.3333333333333	0
67.3368055555556	0
67.3402777777778	0
67.34375	0
67.3472222222222	0
67.3506944444444	0
67.3541666666667	0
67.3576388888889	0
67.3611111111111	0
67.3645833333333	0
67.3680555555556	0
67.3715277777778	0
67.375	0
67.3784722222222	0
67.3819444444444	0
67.3854166666667	0
67.3888888888889	0
67.3923611111111	0
67.3958333333333	0
67.3993055555556	0
67.4027777777778	0
67.40625	0
67.4097222222222	0
67.4131944444444	0
67.4166666666667	0
67.4201388888889	0
67.4236111111111	0
67.4270833333333	0
67.4305555555556	0
67.4340277777778	0
67.4375	0
67.4409722222222	0
67.4444444444444	0
67.4479166666667	0
67.4513888888889	0
67.4548611111111	0
67.4583333333333	0
67.4618055555556	0
67.4652777777778	0
67.46875	0
67.4722222222222	0
67.4756944444444	0
67.4791666666667	0
67.4826388888889	0
67.4861111111111	0
67.4895833333333	0
67.4930555555556	0
67.4965277777778	0
67.5	0
67.5034722222222	0
67.5069444444444	0
67.5104166666667	0
67.5138888888889	0
67.5173611111111	0
67.5208333333333	0
67.5243055555556	0
67.5277777777778	0
67.53125	0
67.5347222222222	0
67.5381944444444	0
67.5416666666667	0
67.5451388888889	0
67.5486111111111	0
67.5520833333333	0
67.5555555555556	0
67.5590277777778	0
67.5625	0
67.5659722222222	0
67.5694444444444	0
67.5729166666667	0
67.5763888888889	0
67.5798611111111	0
67.5833333333333	0
67.5868055555556	0
67.5902777777778	0
67.59375	0
67.5972222222222	0
67.6006944444444	0
67.6041666666667	0
67.6076388888889	0
67.6111111111111	0
67.6145833333333	0
67.6180555555556	0
67.6215277777778	0
67.625	0
67.6284722222222	0
67.6319444444444	0
67.6354166666667	0
67.6388888888889	0
67.6423611111111	0
67.6458333333333	0
67.6493055555556	0
67.6527777777778	0
67.65625	0
67.6597222222222	0
67.6631944444444	0
67.6666666666667	0
67.6701388888889	0
67.6736111111111	0
67.6770833333333	0
67.6805555555556	0
67.6840277777778	0
67.6875	0
67.6909722222222	0
67.6944444444444	0
67.6979166666667	0
67.7013888888889	0
67.7048611111111	0
67.7083333333333	0
67.7118055555556	0
67.7152777777778	0
67.71875	0
67.7222222222222	0
67.7256944444444	0
67.7291666666667	0
67.7326388888889	0
67.7361111111111	0
67.7395833333333	0
67.7430555555556	0
67.7465277777778	0
67.75	0
67.7534722222222	0
67.7569444444444	0
67.7604166666667	0
67.7638888888889	0
67.7673611111111	0
67.7708333333333	0
67.7743055555556	0
67.7777777777778	0
67.78125	0
67.7847222222222	0
67.7881944444444	0
67.7916666666667	0
67.7951388888889	0
67.7986111111111	0
67.8020833333333	0
67.8055555555556	0
67.8090277777778	0
67.8125	0
67.8159722222222	0
67.8194444444444	0
67.8229166666667	0
67.8263888888889	0
67.8298611111111	0
67.8333333333333	0
67.8368055555556	0
67.8402777777778	0
67.84375	0
67.8472222222222	0
67.8506944444444	0
67.8541666666667	0
67.8576388888889	0
67.8611111111111	0
67.8645833333333	0
67.8680555555556	0
67.8715277777778	0
67.875	0
67.8784722222222	0
67.8819444444444	0
67.8854166666667	0
67.8888888888889	0
67.8923611111111	0
67.8958333333333	0
67.8993055555556	0
67.9027777777778	0
67.90625	0
67.9097222222222	0
67.9131944444444	0
67.9166666666667	0
67.9201388888889	0
67.9236111111111	0
67.9270833333333	0
67.9305555555556	0
67.9340277777778	0
67.9375	0
67.9409722222222	0
67.9444444444444	0
67.9479166666667	0
67.9513888888889	0
67.9548611111111	0
67.9583333333333	0
67.9618055555556	0
67.9652777777778	0
67.96875	0
67.9722222222222	0
67.9756944444444	0
67.9791666666667	0
67.9826388888889	0
67.9861111111111	0
67.9895833333333	0.4
67.9930555555556	0.2
67.9965277777778	0.2
68	0
68.0034722222222	0
68.0069444444444	0
68.0104166666667	0
68.0138888888889	0
68.0173611111111	0
68.0208333333333	0
68.0243055555556	0
68.0277777777778	0
68.03125	0
68.0347222222222	0
68.0381944444444	0
68.0416666666667	0
68.0451388888889	0
68.0486111111111	0
68.0520833333333	0
68.0555555555556	0
68.0590277777778	0
68.0625	0
68.0659722222222	0
68.0694444444444	0
68.0729166666667	0
68.0763888888889	0
68.0798611111111	0
68.0833333333333	0
68.0868055555556	0
68.0902777777778	0
68.09375	0
68.0972222222222	0
68.1006944444444	0
68.1041666666667	0
68.1076388888889	0
68.1111111111111	0
68.1145833333333	0
68.1180555555556	0
68.1215277777778	0
68.125	0
68.1284722222222	0
68.1319444444444	0
68.1354166666667	0
68.1388888888889	0
68.1423611111111	0
68.1458333333333	0
68.1493055555556	0
68.1527777777778	0
68.15625	0
68.1597222222222	0
68.1631944444444	0
68.1666666666667	0
68.1701388888889	0
68.1736111111111	0
68.1770833333333	0
68.1805555555556	0
68.1840277777778	0
68.1875	0
68.1909722222222	0
68.1944444444444	0
68.1979166666667	0
68.2013888888889	0
68.2048611111111	0
68.2083333333333	0
68.2118055555556	0
68.2152777777778	0
68.21875	0
68.2222222222222	0
68.2256944444444	0
68.2291666666667	0
68.2326388888889	0
68.2361111111111	0
68.2395833333333	0
68.2430555555556	0
68.2465277777778	0
68.25	0
68.2534722222222	0
68.2569444444444	0
68.2604166666667	0
68.2638888888889	0
68.2673611111111	0
68.2708333333333	0
68.2743055555556	0
68.2777777777778	0
68.28125	0
68.2847222222222	0
68.2881944444444	0
68.2916666666667	0
68.2951388888889	0
68.2986111111111	0
68.3020833333333	0
68.3055555555556	0
68.3090277777778	0
68.3125	0
68.3159722222222	0
68.3194444444444	0
68.3229166666667	0
68.3263888888889	0
68.3298611111111	0
68.3333333333333	0
68.3368055555556	0
68.3402777777778	0
68.34375	0
68.3472222222222	0
68.3506944444444	0
68.3541666666667	0
68.3576388888889	0
68.3611111111111	0
68.3645833333333	0
68.3680555555556	0
68.3715277777778	0
68.375	0
68.3784722222222	0
68.3819444444444	0
68.3854166666667	0
68.3888888888889	0
68.3923611111111	0
68.3958333333333	0
68.3993055555556	0
68.4027777777778	0
68.40625	0
68.4097222222222	0
68.4131944444444	0
68.4166666666667	0
68.4201388888889	0
68.4236111111111	0
68.4270833333333	0
68.4305555555556	0
68.4340277777778	0
68.4375	0
68.4409722222222	0
68.4444444444444	0
68.4479166666667	0
68.4513888888889	0
68.4548611111111	0
68.4583333333333	0
68.4618055555556	0
68.4652777777778	0
68.46875	0
68.4722222222222	0
68.4756944444444	0
68.4791666666667	0
68.4826388888889	0
68.4861111111111	0
68.4895833333333	0
68.4930555555556	0
68.4965277777778	0
68.5	0
68.5034722222222	0
68.5069444444444	0
68.5104166666667	0
68.5138888888889	0
68.5173611111111	0
68.5208333333333	0
68.5243055555556	0
68.5277777777778	0
68.53125	0
68.5347222222222	0
68.5381944444444	0
68.5416666666667	0
68.5451388888889	0
68.5486111111111	0
68.5520833333333	0
68.5555555555556	0
68.5590277777778	0
68.5625	0
68.5659722222222	0
68.5694444444444	0
68.5729166666667	0
68.5763888888889	0
68.5798611111111	0
68.5833333333333	0
68.5868055555556	0
68.5902777777778	0
68.59375	0
68.5972222222222	0
68.6006944444444	0
68.6041666666667	0
68.6076388888889	0
68.6111111111111	0
68.6145833333333	0
68.6180555555556	0
68.6215277777778	0
68.625	0
68.6284722222222	0
68.6319444444444	0
68.6354166666667	0
68.6388888888889	0
68.6423611111111	0
68.6458333333333	0
68.6493055555556	0
68.6527777777778	0
68.65625	0
68.6597222222222	0
68.6631944444444	0
68.6666666666667	0
68.6701388888889	0
68.6736111111111	0
68.6770833333333	0
68.6805555555556	0
68.6840277777778	0
68.6875	0
68.6909722222222	0
68.6944444444444	0
68.6979166666667	0
68.7013888888889	0
68.7048611111111	0
68.7083333333333	0
68.7118055555556	0
68.7152777777778	0
68.71875	0
68.7222222222222	0
68.7256944444444	0
68.7291666666667	0
68.7326388888889	0
68.7361111111111	0
68.7395833333333	0
68.7430555555556	0
68.7465277777778	0
68.75	0
68.7534722222222	0
68.7569444444444	0
68.7604166666667	0
68.7638888888889	0
68.7673611111111	0
68.7708333333333	0
68.7743055555556	0
68.7777777777778	0
68.78125	0
68.7847222222222	0
68.7881944444444	0
68.7916666666667	0
68.7951388888889	0
68.7986111111111	0
68.8020833333333	0
68.8055555555556	0
68.8090277777778	0
68.8125	0
68.8159722222222	0
68.8194444444444	0
68.8229166666667	0
68.8263888888889	0
68.8298611111111	0
68.8333333333333	0
68.8368055555556	0
68.8402777777778	0
68.84375	0
68.8472222222222	0
68.8506944444444	0
68.8541666666667	0
68.8576388888889	0
68.8611111111111	0
68.8645833333333	0
68.8680555555556	0
68.8715277777778	0
68.875	0
68.8784722222222	0
68.8819444444444	0
68.8854166666667	0
68.8888888888889	0
68.8923611111111	0
68.8958333333333	0
68.8993055555556	0
68.9027777777778	0
68.90625	0
68.9097222222222	0
68.9131944444444	0
68.9166666666667	0
68.9201388888889	0
68.9236111111111	0
68.9270833333333	0
68.9305555555556	0
68.9340277777778	0
68.9375	0
68.9409722222222	0
68.9444444444444	0
68.9479166666667	0
68.9513888888889	0
68.9548611111111	0
68.9583333333333	0
68.9618055555556	0
68.9652777777778	0
68.96875	0
68.9722222222222	0
68.9756944444444	0
68.9791666666667	0
68.9826388888889	0
68.9861111111111	0
68.9895833333333	0
68.9930555555556	0
68.9965277777778	0
69	0
69.0034722222222	0
69.0069444444444	0
69.0104166666667	0
69.0138888888889	0
69.0173611111111	0
69.0208333333333	0
69.0243055555556	0
69.0277777777778	0
69.03125	0
69.0347222222222	0
69.0381944444444	0
69.0416666666667	0
69.0451388888889	0.2
69.0486111111111	0.6
69.0520833333333	0
69.0555555555556	0.4
69.0590277777778	0
69.0625	0.4
69.0659722222222	0.4
69.0694444444444	0.8
69.0729166666667	0.4
69.0763888888889	0
69.0798611111111	0
69.0833333333333	0
69.0868055555556	0
69.0902777777778	0
69.09375	0
69.0972222222222	0.2
69.1006944444444	0
69.1041666666667	0.2
69.1076388888889	0
69.1111111111111	0
69.1145833333333	0
69.1180555555556	0
69.1215277777778	0
69.125	0
69.1284722222222	0
69.1319444444444	0
69.1354166666667	0
69.1388888888889	0
69.1423611111111	0
69.1458333333333	0
69.1493055555556	0
69.1527777777778	0
69.15625	0
69.1597222222222	0
69.1631944444444	0
69.1666666666667	0
69.1701388888889	0
69.1736111111111	0
69.1770833333333	0
69.1805555555556	0
69.1840277777778	0
69.1875	0
69.1909722222222	0
69.1944444444444	0
69.1979166666667	0
69.2013888888889	0
69.2048611111111	0
69.2083333333333	0
69.2118055555556	0
69.2152777777778	0
69.21875	0
69.2222222222222	0
69.2256944444444	0
69.2291666666667	0
69.2326388888889	0
69.2361111111111	0
69.2395833333333	0
69.2430555555556	0
69.2465277777778	0
69.25	0
69.2534722222222	0
69.2569444444444	0
69.2604166666667	0
69.2638888888889	0
69.2673611111111	0
69.2708333333333	0
69.2743055555556	0
69.2777777777778	0
69.28125	0
69.2847222222222	0
69.2881944444444	0
69.2916666666667	0
69.2951388888889	0
69.2986111111111	0
69.3020833333333	0
69.3055555555556	0
69.3090277777778	0
69.3125	0
69.3159722222222	0
69.3194444444444	0
69.3229166666667	0
69.3263888888889	0
69.3298611111111	0
69.3333333333333	0
69.3368055555556	0
69.3402777777778	0
69.34375	0
69.3472222222222	0
69.3506944444444	0
69.3541666666667	0
69.3576388888889	0
69.3611111111111	0
69.3645833333333	0
69.3680555555556	0
69.3715277777778	0
69.375	0
69.3784722222222	0
69.3819444444444	0
69.3854166666667	0
69.3888888888889	0
69.3923611111111	0
69.3958333333333	0
69.3993055555556	0
69.4027777777778	0
69.40625	0
69.4097222222222	0
69.4131944444444	0
69.4166666666667	0
69.4201388888889	0
69.4236111111111	0
69.4270833333333	0
69.4305555555556	0
69.4340277777778	0
69.4375	0
69.4409722222222	0
69.4444444444444	0
69.4479166666667	0
69.4513888888889	0
69.4548611111111	0
69.4583333333333	0
69.4618055555556	0
69.4652777777778	0
69.46875	0
69.4722222222222	0
69.4756944444444	0
69.4791666666667	0
69.4826388888889	0
69.4861111111111	0
69.4895833333333	0
69.4930555555556	0
69.4965277777778	0
69.5	0
69.5034722222222	0
69.5069444444444	0
69.5104166666667	0
69.5138888888889	0
69.5173611111111	0
69.5208333333333	0
69.5243055555556	0
69.5277777777778	0
69.53125	0
69.5347222222222	0
69.5381944444444	0
69.5416666666667	0
69.5451388888889	0
69.5486111111111	0
69.5520833333333	0
69.5555555555556	0
69.5590277777778	0
69.5625	0
69.5659722222222	0
69.5694444444444	0
69.5729166666667	0
69.5763888888889	0
69.5798611111111	0
69.5833333333333	0
69.5868055555556	0
69.5902777777778	0
69.59375	0
69.5972222222222	0
69.6006944444444	0
69.6041666666667	0
69.6076388888889	0
69.6111111111111	0
69.6145833333333	0
69.6180555555556	0
69.6215277777778	0
69.625	0
69.6284722222222	0
69.6319444444444	0
69.6354166666667	0
69.6388888888889	0
69.6423611111111	0
69.6458333333333	0
69.6493055555556	0
69.6527777777778	0
69.65625	0
69.6597222222222	0
69.6631944444444	0
69.6666666666667	0
69.6701388888889	0
69.6736111111111	0
69.6770833333333	0
69.6805555555556	0
69.6840277777778	0
69.6875	0
69.6909722222222	0
69.6944444444444	0
69.6979166666667	0
69.7013888888889	0
69.7048611111111	0
69.7083333333333	0
69.7118055555556	0
69.7152777777778	0
69.71875	0
69.7222222222222	0
69.7256944444444	0
69.7291666666667	0
69.7326388888889	0
69.7361111111111	0
69.7395833333333	0
69.7430555555556	0.2
69.7465277777778	0
69.75	0
69.7534722222222	0
69.7569444444444	0.2
69.7604166666667	0
69.7638888888889	0
69.7673611111111	0
69.7708333333333	0
69.7743055555556	0
69.7777777777778	0
69.78125	0
69.7847222222222	0
69.7881944444444	0
69.7916666666667	0
69.7951388888889	0
69.7986111111111	0
69.8020833333333	0
69.8055555555556	0
69.8090277777778	0
69.8125	0
69.8159722222222	0
69.8194444444444	0
69.8229166666667	0
69.8263888888889	0
69.8298611111111	0
69.8333333333333	0
69.8368055555556	0
69.8402777777778	0
69.84375	0
69.8472222222222	0.4
69.8506944444444	0.6
69.8541666666667	0.2
69.8576388888889	0.2
69.8611111111111	0
69.8645833333333	0
69.8680555555556	0
69.8715277777778	0
69.875	0
69.8784722222222	0.2
69.8819444444444	0
69.8854166666667	0
69.8888888888889	0
69.8923611111111	0
69.8958333333333	0
69.8993055555556	0
69.9027777777778	0
69.90625	0
69.9097222222222	0
69.9131944444444	0
69.9166666666667	0
69.9201388888889	0
69.9236111111111	0
69.9270833333333	0
69.9305555555556	0
69.9340277777778	0
69.9375	0
69.9409722222222	0
69.9444444444444	0
69.9479166666667	0
69.9513888888889	0
69.9548611111111	0
69.9583333333333	0
69.9618055555556	0
69.9652777777778	0
69.96875	0
69.9722222222222	0
69.9756944444444	0
69.9791666666667	0
69.9826388888889	0
69.9861111111111	0
69.9895833333333	0
69.9930555555556	0
69.9965277777778	0
70	0
70.0034722222222	0
70.0069444444444	0
70.0104166666667	0
70.0138888888889	0
70.0173611111111	0
70.0208333333333	0
70.0243055555556	0
70.0277777777778	0
70.03125	0
70.0347222222222	0
70.0381944444444	0
70.0416666666667	0
70.0451388888889	0
70.0486111111111	0
70.0520833333333	0
70.0555555555556	0
70.0590277777778	0
70.0625	0
70.0659722222222	0
70.0694444444444	0
70.0729166666667	0
70.0763888888889	0
70.0798611111111	0
70.0833333333333	0
70.0868055555556	0
70.0902777777778	0
70.09375	0
70.0972222222222	0
70.1006944444444	0
70.1041666666667	0
70.1076388888889	0
70.1111111111111	0
70.1145833333333	0
70.1180555555556	0
70.1215277777778	0
70.125	0
70.1284722222222	0
70.1319444444444	0
70.1354166666667	0
70.1388888888889	0
70.1423611111111	0
70.1458333333333	0
70.1493055555556	0
70.1527777777778	0
70.15625	0
70.1597222222222	0
70.1631944444444	0
70.1666666666667	0
70.1701388888889	0
70.1736111111111	0
70.1770833333333	0
70.1805555555556	0
70.1840277777778	0
70.1875	0
70.1909722222222	0
70.1944444444444	0
70.1979166666667	0
70.2013888888889	0
70.2048611111111	0
70.2083333333333	0
70.2118055555556	0
70.2152777777778	0
70.21875	0
70.2222222222222	0
70.2256944444444	0
70.2291666666667	0
70.2326388888889	0
70.2361111111111	0
70.2395833333333	0
70.2430555555556	0
70.2465277777778	0
70.25	0
70.2534722222222	0
70.2569444444444	0
70.2604166666667	0
70.2638888888889	0
70.2673611111111	0
70.2708333333333	0
70.2743055555556	0
70.2777777777778	0
70.28125	0
70.2847222222222	0
70.2881944444444	0
70.2916666666667	0
70.2951388888889	0
70.2986111111111	0
70.3020833333333	0
70.3055555555556	0
70.3090277777778	0
70.3125	0
70.3159722222222	0
70.3194444444444	0
70.3229166666667	0
70.3263888888889	0
70.3298611111111	0
70.3333333333333	0
70.3368055555556	0
70.3402777777778	0
70.34375	0
70.3472222222222	0
70.3506944444444	0
70.3541666666667	0
70.3576388888889	0
70.3611111111111	0
70.3645833333333	0
70.3680555555556	0
70.3715277777778	0
70.375	0
70.3784722222222	0
70.3819444444444	0
70.3854166666667	0
70.3888888888889	0
70.3923611111111	0
70.3958333333333	0
70.3993055555556	0
70.4027777777778	0
70.40625	0
70.4097222222222	0
70.4131944444444	0
70.4166666666667	0
70.4201388888889	0
70.4236111111111	0
70.4270833333333	0
70.4305555555556	0
70.4340277777778	0
70.4375	0
70.4409722222222	0
70.4444444444444	0
70.4479166666667	0
70.4513888888889	0
70.4548611111111	0
70.4583333333333	0
70.4618055555556	0
70.4652777777778	0
70.46875	0
70.4722222222222	0
70.4756944444444	0
70.4791666666667	0
70.4826388888889	0
70.4861111111111	0
70.4895833333333	0
70.4930555555556	0
70.4965277777778	0
70.5	0
70.5034722222222	0
70.5069444444444	0
70.5104166666667	0
70.5138888888889	0
70.5173611111111	0
70.5208333333333	0
70.5243055555556	0
70.5277777777778	0
70.53125	0
70.5347222222222	0
70.5381944444444	0
70.5416666666667	0
70.5451388888889	0
70.5486111111111	0
70.5520833333333	0
70.5555555555556	0
70.5590277777778	0
70.5625	0
70.5659722222222	0
70.5694444444444	0
70.5729166666667	0
70.5763888888889	0
70.5798611111111	0
70.5833333333333	0
70.5868055555556	0
70.5902777777778	0
70.59375	0
70.5972222222222	0
70.6006944444444	0
70.6041666666667	0
70.6076388888889	0
70.6111111111111	0
70.6145833333333	0
70.6180555555556	0
70.6215277777778	0
70.625	0
70.6284722222222	0
70.6319444444444	0
70.6354166666667	0
70.6388888888889	0
70.6423611111111	0
70.6458333333333	0
70.6493055555556	0
70.6527777777778	0
70.65625	0
70.6597222222222	0
70.6631944444444	0
70.6666666666667	0
70.6701388888889	0
70.6736111111111	0
70.6770833333333	0
70.6805555555556	0
70.6840277777778	0
70.6875	0
70.6909722222222	0
70.6944444444444	0
70.6979166666667	0
70.7013888888889	0
70.7048611111111	0
70.7083333333333	0
70.7118055555556	0
70.7152777777778	0
70.71875	0
70.7222222222222	0
70.7256944444444	0
70.7291666666667	0
70.7326388888889	0
70.7361111111111	0
70.7395833333333	0
70.7430555555556	0
70.7465277777778	0
70.75	0
70.7534722222222	0
70.7569444444444	0
70.7604166666667	0
70.7638888888889	0
70.7673611111111	0
70.7708333333333	0
70.7743055555556	0
70.7777777777778	0
70.78125	0
70.7847222222222	0
70.7881944444444	0
70.7916666666667	0
70.7951388888889	0
70.7986111111111	0
70.8020833333333	0
70.8055555555556	0
70.8090277777778	0
70.8125	0
70.8159722222222	0
70.8194444444444	0
70.8229166666667	0
70.8263888888889	0
70.8298611111111	0
70.8333333333333	0
70.8368055555556	0
70.8402777777778	0
70.84375	0
70.8472222222222	0
70.8506944444444	0
70.8541666666667	0
70.8576388888889	0
70.8611111111111	0
70.8645833333333	0
70.8680555555556	0
70.8715277777778	0
70.875	0
70.8784722222222	0
70.8819444444444	0
70.8854166666667	0
70.8888888888889	0
70.8923611111111	0
70.8958333333333	0
70.8993055555556	0
70.9027777777778	0
70.90625	0
70.9097222222222	0
70.9131944444444	0
70.9166666666667	0
70.9201388888889	0
70.9236111111111	0
70.9270833333333	0
70.9305555555556	0
70.9340277777778	0
70.9375	0
70.9409722222222	0
70.9444444444444	0
70.9479166666667	0
70.9513888888889	0
70.9548611111111	0
70.9583333333333	0
70.9618055555556	0
70.9652777777778	0
70.96875	0
70.9722222222222	0
70.9756944444444	0
70.9791666666667	0
70.9826388888889	0
70.9861111111111	0
70.9895833333333	0
70.9930555555556	0
70.9965277777778	0
71	0
71.0034722222222	0
71.0069444444444	0
71.0104166666667	0
71.0138888888889	0
71.0173611111111	0
71.0208333333333	0
71.0243055555556	0
71.0277777777778	0
71.03125	0
71.0347222222222	0
71.0381944444444	0
71.0416666666667	0
71.0451388888889	0
71.0486111111111	0
71.0520833333333	0
71.0555555555556	0
71.0590277777778	0
71.0625	0
71.0659722222222	0
71.0694444444444	0
71.0729166666667	0
71.0763888888889	0
71.0798611111111	0
71.0833333333333	0
71.0868055555556	0
71.0902777777778	0
71.09375	0
71.0972222222222	0
71.1006944444444	0
71.1041666666667	0
71.1076388888889	0
71.1111111111111	0
71.1145833333333	0
71.1180555555556	0
71.1215277777778	0
71.125	0
71.1284722222222	0
71.1319444444444	0
71.1354166666667	0
71.1388888888889	0
71.1423611111111	0
71.1458333333333	0
71.1493055555556	0
71.1527777777778	0
71.15625	0
71.1597222222222	0
71.1631944444444	0
71.1666666666667	0
71.1701388888889	0
71.1736111111111	0
71.1770833333333	0
71.1805555555556	0
71.1840277777778	0
71.1875	0
71.1909722222222	0
71.1944444444444	0
71.1979166666667	0
71.2013888888889	0
71.2048611111111	0
71.2083333333333	0
71.2118055555556	0
71.2152777777778	0
71.21875	0
71.2222222222222	0
71.2256944444444	0
71.2291666666667	0
71.2326388888889	0
71.2361111111111	0
71.2395833333333	0
71.2430555555556	0
71.2465277777778	0
71.25	0
71.2534722222222	0
71.2569444444444	0
71.2604166666667	0
71.2638888888889	0
71.2673611111111	0
71.2708333333333	0
71.2743055555556	0
71.2777777777778	0
71.28125	0
71.2847222222222	0
71.2881944444444	0
71.2916666666667	0
71.2951388888889	0
71.2986111111111	0
71.3020833333333	0
71.3055555555556	0
71.3090277777778	0
71.3125	0
71.3159722222222	0
71.3194444444444	0
71.3229166666667	0
71.3263888888889	0
71.3298611111111	0
71.3333333333333	0
71.3368055555556	0
71.3402777777778	0
71.34375	0
71.3472222222222	0
71.3506944444444	0
71.3541666666667	0
71.3576388888889	0
71.3611111111111	0
71.3645833333333	0
71.3680555555556	0
71.3715277777778	0
71.375	0
71.3784722222222	0
71.3819444444444	0
71.3854166666667	0
71.3888888888889	0
71.3923611111111	0
71.3958333333333	0
71.3993055555556	0
71.4027777777778	0
71.40625	0
71.4097222222222	0
71.4131944444444	0
71.4166666666667	0
71.4201388888889	0
71.4236111111111	0
71.4270833333333	0
71.4305555555556	0
71.4340277777778	0
71.4375	0
71.4409722222222	0
71.4444444444444	0
71.4479166666667	0
71.4513888888889	0
71.4548611111111	0
71.4583333333333	0
71.4618055555556	0
71.4652777777778	0
71.46875	0
71.4722222222222	0
71.4756944444444	0
71.4791666666667	0
71.4826388888889	0
71.4861111111111	0
71.4895833333333	0
71.4930555555556	0
71.4965277777778	0
71.5	0
71.5034722222222	0
71.5069444444444	0
71.5104166666667	0
71.5138888888889	0
71.5173611111111	0
71.5208333333333	0
71.5243055555556	0
71.5277777777778	0
71.53125	0
71.5347222222222	0
71.5381944444444	0
71.5416666666667	0
71.5451388888889	0
71.5486111111111	0
71.5520833333333	0
71.5555555555556	0
71.5590277777778	0
71.5625	0
71.5659722222222	0
71.5694444444444	0
71.5729166666667	0
71.5763888888889	0
71.5798611111111	0
71.5833333333333	0
71.5868055555556	0
71.5902777777778	0
71.59375	0
71.5972222222222	0
71.6006944444444	0
71.6041666666667	0
71.6076388888889	0
71.6111111111111	0
71.6145833333333	0
71.6180555555556	0
71.6215277777778	0
71.625	0
71.6284722222222	0
71.6319444444444	0
71.6354166666667	0
71.6388888888889	0
71.6423611111111	0
71.6458333333333	0
71.6493055555556	0
71.6527777777778	0
71.65625	0
71.6597222222222	0
71.6631944444444	0
71.6666666666667	0
71.6701388888889	0
71.6736111111111	0
71.6770833333333	0
71.6805555555556	0
71.6840277777778	0
71.6875	0
71.6909722222222	0
71.6944444444444	0
71.6979166666667	0
71.7013888888889	0
71.7048611111111	0
71.7083333333333	0
71.7118055555556	0
71.7152777777778	0
71.71875	0
71.7222222222222	0
71.7256944444444	0
71.7291666666667	0
71.7326388888889	0
71.7361111111111	0
71.7395833333333	0
71.7430555555556	0
71.7465277777778	0
71.75	0
71.7534722222222	0
71.7569444444444	0
71.7604166666667	0
71.7638888888889	0
71.7673611111111	0
71.7708333333333	0
71.7743055555556	0
71.7777777777778	0
71.78125	0
71.7847222222222	0
71.7881944444444	0
71.7916666666667	0
71.7951388888889	0
71.7986111111111	0
71.8020833333333	0
71.8055555555556	0
71.8090277777778	0
71.8125	0
71.8159722222222	0
71.8194444444444	0
71.8229166666667	0
71.8263888888889	0
71.8298611111111	0
71.8333333333333	0
71.8368055555556	0
71.8402777777778	0
71.84375	0
71.8472222222222	0
71.8506944444444	0
71.8541666666667	0
71.8576388888889	0
71.8611111111111	0
71.8645833333333	0
71.8680555555556	0
71.8715277777778	0
71.875	0
71.8784722222222	0
71.8819444444444	0
71.8854166666667	0
71.8888888888889	0
71.8923611111111	0
71.8958333333333	0
71.8993055555556	0
71.9027777777778	0
71.90625	0
71.9097222222222	0
71.9131944444444	0
71.9166666666667	0
71.9201388888889	0
71.9236111111111	0
71.9270833333333	0
71.9305555555556	0
71.9340277777778	0
71.9375	0
71.9409722222222	0
71.9444444444444	0
71.9479166666667	0
71.9513888888889	0
71.9548611111111	0
71.9583333333333	0
71.9618055555556	0
71.9652777777778	0
71.96875	0
71.9722222222222	0
71.9756944444444	0
71.9791666666667	0
71.9826388888889	0
71.9861111111111	0
71.9895833333333	0
71.9930555555556	0
71.9965277777778	0
72	0
72.0034722222222	0
72.0069444444444	0
72.0104166666667	0
72.0138888888889	0
72.0173611111111	0
72.0208333333333	0
72.0243055555556	0
72.0277777777778	0
72.03125	0
72.0347222222222	0
72.0381944444444	0
72.0416666666667	0
72.0451388888889	0
72.0486111111111	0
72.0520833333333	0
72.0555555555556	0
72.0590277777778	0
72.0625	0
72.0659722222222	0
72.0694444444444	0
72.0729166666667	0
72.0763888888889	0
72.0798611111111	0
72.0833333333333	0
72.0868055555556	0
72.0902777777778	0
72.09375	0
72.0972222222222	0
72.1006944444444	0
72.1041666666667	0
72.1076388888889	0
72.1111111111111	0
72.1145833333333	0
72.1180555555556	0
72.1215277777778	0
72.125	0
72.1284722222222	0
72.1319444444444	0
72.1354166666667	0
72.1388888888889	0
72.1423611111111	0
72.1458333333333	0
72.1493055555556	0
72.1527777777778	0
72.15625	0
72.1597222222222	0
72.1631944444444	0
72.1666666666667	0
72.1701388888889	0
72.1736111111111	0
72.1770833333333	0
72.1805555555556	0
72.1840277777778	0
72.1875	0
72.1909722222222	0
72.1944444444444	0
72.1979166666667	0
72.2013888888889	0
72.2048611111111	0
72.2083333333333	0
72.2118055555556	0
72.2152777777778	0
72.21875	0
72.2222222222222	0
72.2256944444444	0
72.2291666666667	0
72.2326388888889	0
72.2361111111111	0
72.2395833333333	0
72.2430555555556	0
72.2465277777778	0
72.25	0
72.2534722222222	0
72.2569444444444	0
72.2604166666667	0
72.2638888888889	0
72.2673611111111	0
72.2708333333333	0
72.2743055555556	0
72.2777777777778	0
72.28125	0
72.2847222222222	0
72.2881944444444	0
72.2916666666667	0
72.2951388888889	0
72.2986111111111	0
72.3020833333333	0
72.3055555555556	0
72.3090277777778	0
72.3125	0
72.3159722222222	0
72.3194444444444	0
72.3229166666667	0
72.3263888888889	0
72.3298611111111	0
72.3333333333333	0
72.3368055555556	0
72.3402777777778	0
72.34375	0
72.3472222222222	0
72.3506944444444	0
72.3541666666667	0
72.3576388888889	0
72.3611111111111	0
72.3645833333333	0
72.3680555555556	0
72.3715277777778	0
72.375	0
72.3784722222222	0
72.3819444444444	0
72.3854166666667	0
72.3888888888889	0
72.3923611111111	0
72.3958333333333	0
72.3993055555556	0
72.4027777777778	0
72.40625	0
72.4097222222222	0
72.4131944444444	0
72.4166666666667	0
72.4201388888889	0
72.4236111111111	0
72.4270833333333	0
72.4305555555556	0
72.4340277777778	0
72.4375	0
72.4409722222222	0
72.4444444444444	0
72.4479166666667	0
72.4513888888889	0
72.4548611111111	0
72.4583333333333	0
72.4618055555556	0
72.4652777777778	0
72.46875	0
72.4722222222222	0
72.4756944444444	0
72.4791666666667	0
72.4826388888889	0
72.4861111111111	0
72.4895833333333	0
72.4930555555556	0
72.4965277777778	0
72.5	0
72.5034722222222	0
72.5069444444444	0
72.5104166666667	0
72.5138888888889	0
72.5173611111111	0
72.5208333333333	0
72.5243055555556	0
72.5277777777778	0
72.53125	0
72.5347222222222	0
72.5381944444444	0
72.5416666666667	0
72.5451388888889	0
72.5486111111111	0
72.5520833333333	0
72.5555555555556	0
72.5590277777778	0
72.5625	0
72.5659722222222	0
72.5694444444444	0
72.5729166666667	0
72.5763888888889	0
72.5798611111111	0
72.5833333333333	0
72.5868055555556	0
72.5902777777778	0
72.59375	0
72.5972222222222	0
72.6006944444444	0
72.6041666666667	0
72.6076388888889	0
72.6111111111111	0
72.6145833333333	0
72.6180555555556	0
72.6215277777778	0
72.625	0
72.6284722222222	0
72.6319444444444	0
72.6354166666667	0
72.6388888888889	0
72.6423611111111	0
72.6458333333333	0
72.6493055555556	0
72.6527777777778	0
72.65625	0
72.6597222222222	0
72.6631944444444	0
72.6666666666667	0
72.6701388888889	0
72.6736111111111	0
72.6770833333333	0
72.6805555555556	0
72.6840277777778	0
72.6875	0
72.6909722222222	0
72.6944444444444	0
72.6979166666667	0
72.7013888888889	0
72.7048611111111	0
72.7083333333333	0
72.7118055555556	0
72.7152777777778	0
72.71875	0
72.7222222222222	0
72.7256944444444	0
72.7291666666667	0
72.7326388888889	0
72.7361111111111	0
72.7395833333333	0
72.7430555555556	0
72.7465277777778	0
72.75	0
72.7534722222222	0
72.7569444444444	0
72.7604166666667	0
72.7638888888889	0
72.7673611111111	0
72.7708333333333	0
72.7743055555556	0
72.7777777777778	0
72.78125	0
72.7847222222222	0
72.7881944444444	0
72.7916666666667	0
72.7951388888889	0
72.7986111111111	0
72.8020833333333	0
72.8055555555556	0
72.8090277777778	0
72.8125	0
72.8159722222222	0
72.8194444444444	0
72.8229166666667	0
72.8263888888889	0
72.8298611111111	0
72.8333333333333	0
72.8368055555556	0
72.8402777777778	0
72.84375	0
72.8472222222222	0
72.8506944444444	0
72.8541666666667	0
72.8576388888889	0
72.8611111111111	0
72.8645833333333	0
72.8680555555556	0
72.8715277777778	0
72.875	0
72.8784722222222	0
72.8819444444444	0
72.8854166666667	0
72.8888888888889	0
72.8923611111111	0
72.8958333333333	0
72.8993055555556	0
72.9027777777778	0
72.90625	0
72.9097222222222	0
72.9131944444444	0
72.9166666666667	0
72.9201388888889	0
72.9236111111111	0
72.9270833333333	0
72.9305555555556	0
72.9340277777778	0
72.9375	0
72.9409722222222	0
72.9444444444444	0
72.9479166666667	0
72.9513888888889	0
72.9548611111111	0
72.9583333333333	0
72.9618055555556	0
72.9652777777778	0
72.96875	0
72.9722222222222	0
72.9756944444444	0
72.9791666666667	0
72.9826388888889	0
72.9861111111111	0
72.9895833333333	0
72.9930555555556	0
72.9965277777778	0
73	0
73.0034722222222	0
73.0069444444444	0
73.0104166666667	0
73.0138888888889	0
73.0173611111111	0
73.0208333333333	0
73.0243055555556	0
73.0277777777778	0
73.03125	0
73.0347222222222	0
73.0381944444444	0
73.0416666666667	0
73.0451388888889	0
73.0486111111111	0
73.0520833333333	0
73.0555555555556	0
73.0590277777778	0
73.0625	0
73.0659722222222	0
73.0694444444444	0
73.0729166666667	0
73.0763888888889	0
73.0798611111111	0
73.0833333333333	0
73.0868055555556	0
73.0902777777778	0
73.09375	0
73.0972222222222	0
73.1006944444444	0
73.1041666666667	0
73.1076388888889	0
73.1111111111111	0
73.1145833333333	0
73.1180555555556	0
73.1215277777778	0
73.125	0
73.1284722222222	0
73.1319444444444	0
73.1354166666667	0
73.1388888888889	0
73.1423611111111	0
73.1458333333333	0
73.1493055555556	0
73.1527777777778	0
73.15625	0
73.1597222222222	0
73.1631944444444	0
73.1666666666667	0
73.1701388888889	0
73.1736111111111	0
73.1770833333333	0
73.1805555555556	0
73.1840277777778	0
73.1875	0
73.1909722222222	0
73.1944444444444	0
73.1979166666667	0
73.2013888888889	0
73.2048611111111	0
73.2083333333333	0
73.2118055555556	0
73.2152777777778	0
73.21875	0
73.2222222222222	0
73.2256944444444	0
73.2291666666667	0
73.2326388888889	0
73.2361111111111	0
73.2395833333333	0
73.2430555555556	0
73.2465277777778	0
73.25	0
73.2534722222222	0
73.2569444444444	0
73.2604166666667	0
73.2638888888889	0
73.2673611111111	0
73.2708333333333	0
73.2743055555556	0
73.2777777777778	0
73.28125	0
73.2847222222222	0
73.2881944444444	0
73.2916666666667	0
73.2951388888889	0
73.2986111111111	0
73.3020833333333	0
73.3055555555556	0
73.3090277777778	0
73.3125	0
73.3159722222222	0
73.3194444444444	0
73.3229166666667	0
73.3263888888889	0
73.3298611111111	0
73.3333333333333	0
73.3368055555556	0
73.3402777777778	0
73.34375	0
73.3472222222222	0
73.3506944444444	0
73.3541666666667	0
73.3576388888889	0
73.3611111111111	0
73.3645833333333	0
73.3680555555556	0
73.3715277777778	0
73.375	0
73.3784722222222	0
73.3819444444444	0
73.3854166666667	0
73.3888888888889	0
73.3923611111111	0
73.3958333333333	0
73.3993055555556	0
73.4027777777778	0
73.40625	0
73.4097222222222	0
73.4131944444444	0
73.4166666666667	0
73.4201388888889	0
73.4236111111111	0
73.4270833333333	0
73.4305555555556	0
73.4340277777778	0
73.4375	0
73.4409722222222	0
73.4444444444444	0
73.4479166666667	0
73.4513888888889	0
73.4548611111111	0
73.4583333333333	0
73.4618055555556	0
73.4652777777778	0
73.46875	0
73.4722222222222	0
73.4756944444444	0
73.4791666666667	0
73.4826388888889	0
73.4861111111111	0
73.4895833333333	0
73.4930555555556	0
73.4965277777778	0
73.5	0
73.5034722222222	0
73.5069444444444	0
73.5104166666667	0
73.5138888888889	0
73.5173611111111	0
73.5208333333333	0
73.5243055555556	0
73.5277777777778	0
73.53125	0
73.5347222222222	0
73.5381944444444	0
73.5416666666667	0
73.5451388888889	0
73.5486111111111	0
73.5520833333333	0
73.5555555555556	0
73.5590277777778	0
73.5625	0
73.5659722222222	0
73.5694444444444	0
73.5729166666667	0
73.5763888888889	0
73.5798611111111	0
73.5833333333333	0
73.5868055555556	0
73.5902777777778	0
73.59375	0
73.5972222222222	0
73.6006944444444	0
73.6041666666667	0
73.6076388888889	0
73.6111111111111	0
73.6145833333333	0
73.6180555555556	0
73.6215277777778	0
73.625	0
73.6284722222222	0
73.6319444444444	0
73.6354166666667	0
73.6388888888889	0
73.6423611111111	0
73.6458333333333	0
73.6493055555556	0
73.6527777777778	0
73.65625	0
73.6597222222222	0
73.6631944444444	0
73.6666666666667	0
73.6701388888889	0
73.6736111111111	0
73.6770833333333	0
73.6805555555556	0
73.6840277777778	0
73.6875	0
73.6909722222222	0
73.6944444444444	0
73.6979166666667	0
73.7013888888889	0
73.7048611111111	0
73.7083333333333	0
73.7118055555556	0
73.7152777777778	0
73.71875	0
73.7222222222222	0
73.7256944444444	0
73.7291666666667	0
73.7326388888889	0
73.7361111111111	0
73.7395833333333	0
73.7430555555556	0
73.7465277777778	0
73.75	0
73.7534722222222	0
73.7569444444444	0
73.7604166666667	0
73.7638888888889	0
73.7673611111111	0
73.7708333333333	0
73.7743055555556	0
73.7777777777778	0
73.78125	0
73.7847222222222	0
73.7881944444444	0
73.7916666666667	0
73.7951388888889	0
73.7986111111111	0
73.8020833333333	0
73.8055555555556	0
73.8090277777778	0
73.8125	0
73.8159722222222	0
73.8194444444444	0
73.8229166666667	0
73.8263888888889	0
73.8298611111111	0
73.8333333333333	0
73.8368055555556	0
73.8402777777778	0
73.84375	0
73.8472222222222	0
73.8506944444444	0
73.8541666666667	0
73.8576388888889	0
73.8611111111111	0
73.8645833333333	0
73.8680555555556	0
73.8715277777778	0
73.875	0
73.8784722222222	0
73.8819444444444	0
73.8854166666667	0
73.8888888888889	0
73.8923611111111	0
73.8958333333333	0
73.8993055555556	0
73.9027777777778	0
73.90625	0
73.9097222222222	0
73.9131944444444	0
73.9166666666667	0
73.9201388888889	0
73.9236111111111	0
73.9270833333333	0
73.9305555555556	0
73.9340277777778	0
73.9375	0
73.9409722222222	0
73.9444444444444	0
73.9479166666667	0
73.9513888888889	0
73.9548611111111	0
73.9583333333333	0
73.9618055555556	0
73.9652777777778	0
73.96875	0
73.9722222222222	0
73.9756944444444	0
73.9791666666667	0
73.9826388888889	0
73.9861111111111	0
73.9895833333333	0
73.9930555555556	0
73.9965277777778	0
74	0
74.0034722222222	0
74.0069444444444	0
74.0104166666667	0
74.0138888888889	0
74.0173611111111	0
74.0208333333333	0
74.0243055555556	0
74.0277777777778	0
74.03125	0
74.0347222222222	0
74.0381944444444	0
74.0416666666667	0
74.0451388888889	0
74.0486111111111	0
74.0520833333333	0
74.0555555555556	0
74.0590277777778	0
74.0625	0
74.0659722222222	0
74.0694444444444	0
74.0729166666667	0
74.0763888888889	0
74.0798611111111	0
74.0833333333333	0
74.0868055555556	0
74.0902777777778	0
74.09375	0
74.0972222222222	0
74.1006944444444	0
74.1041666666667	0
74.1076388888889	0
74.1111111111111	0
74.1145833333333	0
74.1180555555556	0
74.1215277777778	0
74.125	0
74.1284722222222	0
74.1319444444444	0
74.1354166666667	0
74.1388888888889	0
74.1423611111111	0
74.1458333333333	0
74.1493055555556	0
74.1527777777778	0
74.15625	0
74.1597222222222	0
74.1631944444444	0
74.1666666666667	0
74.1701388888889	0
74.1736111111111	0
74.1770833333333	0
74.1805555555556	0
74.1840277777778	0
74.1875	0
74.1909722222222	0
74.1944444444444	0
74.1979166666667	0
74.2013888888889	0
74.2048611111111	0
74.2083333333333	0
74.2118055555556	0
74.2152777777778	0
74.21875	0
74.2222222222222	0
74.2256944444444	0
74.2291666666667	0
74.2326388888889	0
74.2361111111111	0
74.2395833333333	0
74.2430555555556	0
74.2465277777778	0
74.25	0
74.2534722222222	0
74.2569444444444	0
74.2604166666667	0
74.2638888888889	0
74.2673611111111	0
74.2708333333333	0
74.2743055555556	0
74.2777777777778	0
74.28125	0
74.2847222222222	0
74.2881944444444	0
74.2916666666667	0
74.2951388888889	0
74.2986111111111	0
74.3020833333333	0
74.3055555555556	0
74.3090277777778	0
74.3125	0
74.3159722222222	0
74.3194444444444	0
74.3229166666667	0
74.3263888888889	0
74.3298611111111	0
74.3333333333333	0
74.3368055555556	0
74.3402777777778	0
74.34375	0
74.3472222222222	0
74.3506944444444	0
74.3541666666667	0
74.3576388888889	0
74.3611111111111	0
74.3645833333333	0
74.3680555555556	0
74.3715277777778	0
74.375	0
74.3784722222222	0
74.3819444444444	0
74.3854166666667	0
74.3888888888889	0
74.3923611111111	0
74.3958333333333	0
74.3993055555556	0
74.4027777777778	0
74.40625	0
74.4097222222222	0
74.4131944444444	0
74.4166666666667	0
74.4201388888889	0
74.4236111111111	0
74.4270833333333	0
74.4305555555556	0
74.4340277777778	0
74.4375	0
74.4409722222222	0
74.4444444444444	0
74.4479166666667	0
74.4513888888889	0
74.4548611111111	0
74.4583333333333	0
74.4618055555556	0
74.4652777777778	0
74.46875	0
74.4722222222222	0
74.4756944444444	0
74.4791666666667	0
74.4826388888889	0
74.4861111111111	0
74.4895833333333	0
74.4930555555556	0
74.4965277777778	0
74.5	0
74.5034722222222	0
74.5069444444444	0
74.5104166666667	0
74.5138888888889	0
74.5173611111111	0
74.5208333333333	0
74.5243055555556	0
74.5277777777778	0
74.53125	0
74.5347222222222	0
74.5381944444444	0
74.5416666666667	0
74.5451388888889	0
74.5486111111111	0
74.5520833333333	0
74.5555555555556	0
74.5590277777778	0
74.5625	0
74.5659722222222	0
74.5694444444444	0
74.5729166666667	0
74.5763888888889	0
74.5798611111111	0
74.5833333333333	0
74.5868055555556	0
74.5902777777778	0
74.59375	0
74.5972222222222	0
74.6006944444444	0
74.6041666666667	0
74.6076388888889	0
74.6111111111111	0
74.6145833333333	0
74.6180555555556	0
74.6215277777778	0
74.625	0
74.6284722222222	0
74.6319444444444	0
74.6354166666667	0
74.6388888888889	0
74.6423611111111	0
74.6458333333333	0
74.6493055555556	0
74.6527777777778	0
74.65625	0
74.6597222222222	0
74.6631944444444	0
74.6666666666667	0
74.6701388888889	0
74.6736111111111	0
74.6770833333333	0
74.6805555555556	0
74.6840277777778	0
74.6875	0
74.6909722222222	0
74.6944444444444	0
74.6979166666667	0
74.7013888888889	0
74.7048611111111	0
74.7083333333333	0
74.7118055555556	0
74.7152777777778	0
74.71875	0
74.7222222222222	0
74.7256944444444	0
74.7291666666667	0
74.7326388888889	0
74.7361111111111	0
74.7395833333333	0
74.7430555555556	0
74.7465277777778	0
74.75	0
74.7534722222222	0
74.7569444444444	0
74.7604166666667	0
74.7638888888889	0
74.7673611111111	0
74.7708333333333	0
74.7743055555556	0
74.7777777777778	0
74.78125	0
74.7847222222222	0
74.7881944444444	0
74.7916666666667	0
74.7951388888889	0
74.7986111111111	0
74.8020833333333	0
74.8055555555556	0
74.8090277777778	0
74.8125	0
74.8159722222222	0
74.8194444444444	0
74.8229166666667	0
74.8263888888889	0
74.8298611111111	0
74.8333333333333	0
74.8368055555556	0
74.8402777777778	0
74.84375	0
74.8472222222222	0
74.8506944444444	0
74.8541666666667	0
74.8576388888889	0
74.8611111111111	0
74.8645833333333	0
74.8680555555556	0
74.8715277777778	0
74.875	0
74.8784722222222	0
74.8819444444444	0
74.8854166666667	0
74.8888888888889	0
74.8923611111111	0
74.8958333333333	0
74.8993055555556	0
74.9027777777778	0
74.90625	0
74.9097222222222	0
74.9131944444444	0
74.9166666666667	0
74.9201388888889	0
74.9236111111111	0
74.9270833333333	0
74.9305555555556	0
74.9340277777778	0
74.9375	0
74.9409722222222	0
74.9444444444444	0
74.9479166666667	0
74.9513888888889	0
74.9548611111111	0
74.9583333333333	0
74.9618055555556	0
74.9652777777778	0
74.96875	0
74.9722222222222	0
74.9756944444444	0
74.9791666666667	0
74.9826388888889	0
74.9861111111111	0
74.9895833333333	0
74.9930555555556	0
74.9965277777778	0
75	0
75.0034722222222	0
75.0069444444444	0
75.0104166666667	0
75.0138888888889	0
75.0173611111111	0
75.0208333333333	0
75.0243055555556	0
75.0277777777778	0
75.03125	0
75.0347222222222	0
75.0381944444444	0
75.0416666666667	0
75.0451388888889	0
75.0486111111111	0
75.0520833333333	0
75.0555555555556	0
75.0590277777778	0
75.0625	0
75.0659722222222	0
75.0694444444444	0
75.0729166666667	0
75.0763888888889	0
75.0798611111111	0
75.0833333333333	0
75.0868055555556	0
75.0902777777778	0
75.09375	0
75.0972222222222	0
75.1006944444444	0
75.1041666666667	0
75.1076388888889	0
75.1111111111111	0
75.1145833333333	0
75.1180555555556	0
75.1215277777778	0
75.125	0
75.1284722222222	0
75.1319444444444	0
75.1354166666667	0
75.1388888888889	0
75.1423611111111	0
75.1458333333333	0
75.1493055555556	0
75.1527777777778	0
75.15625	0
75.1597222222222	0
75.1631944444444	0
75.1666666666667	0
75.1701388888889	0
75.1736111111111	0
75.1770833333333	0
75.1805555555556	0
75.1840277777778	0
75.1875	0
75.1909722222222	0
75.1944444444444	0
75.1979166666667	0
75.2013888888889	0
75.2048611111111	0
75.2083333333333	0
75.2118055555556	0
75.2152777777778	0
75.21875	0
75.2222222222222	0
75.2256944444444	0
75.2291666666667	0
75.2326388888889	0
75.2361111111111	0
75.2395833333333	0
75.2430555555556	0
75.2465277777778	0
75.25	0
75.2534722222222	0
75.2569444444444	0
75.2604166666667	0
75.2638888888889	0
75.2673611111111	0
75.2708333333333	0
75.2743055555556	0
75.2777777777778	0
75.28125	0
75.2847222222222	0
75.2881944444444	0
75.2916666666667	0
75.2951388888889	0
75.2986111111111	0
75.3020833333333	0
75.3055555555556	0
75.3090277777778	0
75.3125	0
75.3159722222222	0
75.3194444444444	0
75.3229166666667	0
75.3263888888889	0
75.3298611111111	0
75.3333333333333	0
75.3368055555556	0
75.3402777777778	0
75.34375	0
75.3472222222222	0
75.3506944444444	0
75.3541666666667	0
75.3576388888889	0
75.3611111111111	0
75.3645833333333	0
75.3680555555556	0
75.3715277777778	0
75.375	0
75.3784722222222	0
75.3819444444444	0
75.3854166666667	0
75.3888888888889	0
75.3923611111111	0
75.3958333333333	0
75.3993055555556	0
75.4027777777778	0
75.40625	0
75.4097222222222	0
75.4131944444444	0
75.4166666666667	0
75.4201388888889	0
75.4236111111111	0
75.4270833333333	0
75.4305555555556	0
75.4340277777778	0
75.4375	0
75.4409722222222	0
75.4444444444444	0
75.4479166666667	0
75.4513888888889	0
75.4548611111111	0
75.4583333333333	0
75.4618055555556	0
75.4652777777778	0
75.46875	0
75.4722222222222	0
75.4756944444444	0
75.4791666666667	0
75.4826388888889	0
75.4861111111111	0
75.4895833333333	0
75.4930555555556	0
75.4965277777778	0
75.5	0
75.5034722222222	0
75.5069444444444	0
75.5104166666667	0
75.5138888888889	0
75.5173611111111	0
75.5208333333333	0
75.5243055555556	0
75.5277777777778	0
75.53125	0
75.5347222222222	0
75.5381944444444	0
75.5416666666667	0
75.5451388888889	0
75.5486111111111	0
75.5520833333333	0
75.5555555555556	0
75.5590277777778	0
75.5625	0
75.5659722222222	0
75.5694444444444	0
75.5729166666667	0
75.5763888888889	0
75.5798611111111	0
75.5833333333333	0
75.5868055555556	0
75.5902777777778	0
75.59375	0
75.5972222222222	0
75.6006944444444	0
75.6041666666667	0
75.6076388888889	0
75.6111111111111	0
75.6145833333333	0
75.6180555555556	0
75.6215277777778	0
75.625	0
75.6284722222222	0
75.6319444444444	0
75.6354166666667	0
75.6388888888889	0
75.6423611111111	0
75.6458333333333	0
75.6493055555556	0
75.6527777777778	0
75.65625	0
75.6597222222222	0
75.6631944444444	0
75.6666666666667	0
75.6701388888889	0
75.6736111111111	0
75.6770833333333	0
75.6805555555556	0
75.6840277777778	0
75.6875	0
75.6909722222222	0
75.6944444444444	0
75.6979166666667	0
75.7013888888889	0
75.7048611111111	0
75.7083333333333	0
75.7118055555556	0
75.7152777777778	0
75.71875	0
75.7222222222222	0
75.7256944444444	0
75.7291666666667	0
75.7326388888889	0
75.7361111111111	0
75.7395833333333	0
75.7430555555556	0
75.7465277777778	0
75.75	0
75.7534722222222	0
75.7569444444444	0
75.7604166666667	0
75.7638888888889	0
75.7673611111111	0
75.7708333333333	0
75.7743055555556	0
75.7777777777778	0
75.78125	0
75.7847222222222	0
75.7881944444444	0
75.7916666666667	0
75.7951388888889	0
75.7986111111111	0
75.8020833333333	0
75.8055555555556	0
75.8090277777778	0
75.8125	0
75.8159722222222	0
75.8194444444444	0
75.8229166666667	0
75.8263888888889	0
75.8298611111111	0
75.8333333333333	0
75.8368055555556	0
75.8402777777778	0
75.84375	0
75.8472222222222	0
75.8506944444444	0
75.8541666666667	0
75.8576388888889	0
75.8611111111111	0
75.8645833333333	0
75.8680555555556	0
75.8715277777778	0
75.875	0
75.8784722222222	0
75.8819444444444	0
75.8854166666667	0
75.8888888888889	0
75.8923611111111	0
75.8958333333333	0
75.8993055555556	0
75.9027777777778	0
75.90625	0
75.9097222222222	0
75.9131944444444	0
75.9166666666667	0
75.9201388888889	0
75.9236111111111	0
75.9270833333333	0
75.9305555555556	0
75.9340277777778	0
75.9375	0
75.9409722222222	0
75.9444444444444	0
75.9479166666667	0
75.9513888888889	0
75.9548611111111	0
75.9583333333333	0
75.9618055555556	0
75.9652777777778	0
75.96875	0
75.9722222222222	0
75.9756944444444	0
75.9791666666667	0
75.9826388888889	0
75.9861111111111	0
75.9895833333333	0
75.9930555555556	0
75.9965277777778	0
76	0
76.0034722222222	0
76.0069444444444	0
76.0104166666667	0
76.0138888888889	0
76.0173611111111	0
76.0208333333333	0
76.0243055555556	0
76.0277777777778	0
76.03125	0
76.0347222222222	0
76.0381944444444	0
76.0416666666667	0
76.0451388888889	0
76.0486111111111	0
76.0520833333333	0
76.0555555555556	0
76.0590277777778	0
76.0625	0
76.0659722222222	0
76.0694444444444	0
76.0729166666667	0
76.0763888888889	0
76.0798611111111	0
76.0833333333333	0
76.0868055555556	0
76.0902777777778	0
76.09375	0
76.0972222222222	0
76.1006944444444	0
76.1041666666667	0
76.1076388888889	0
76.1111111111111	0
76.1145833333333	0
76.1180555555556	0
76.1215277777778	0
76.125	0
76.1284722222222	0
76.1319444444444	0
76.1354166666667	0
76.1388888888889	0
76.1423611111111	0
76.1458333333333	0
76.1493055555556	0
76.1527777777778	0
76.15625	2.6
76.1597222222222	4.8
76.1631944444444	3.2
76.1666666666667	2.2
76.1701388888889	1.6
76.1736111111111	0.6
76.1770833333333	0.6
76.1805555555556	0.4
76.1840277777778	0.2
76.1875	0.4
76.1909722222222	0.2
76.1944444444444	0
76.1979166666667	0.4
76.2013888888889	0.2
76.2048611111111	0.2
76.2083333333333	0.4
76.2118055555556	0.4
76.2152777777778	0
76.21875	0.4
76.2222222222222	0
76.2256944444444	0.2
76.2291666666667	0.2
76.2326388888889	0
76.2361111111111	0
76.2395833333333	0
76.2430555555556	0
76.2465277777778	0
76.25	0
76.2534722222222	0
76.2569444444444	0
76.2604166666667	0
76.2638888888889	0
76.2673611111111	0
76.2708333333333	0
76.2743055555556	0
76.2777777777778	0
76.28125	0
76.2847222222222	0
76.2881944444444	0
76.2916666666667	0
76.2951388888889	0
76.2986111111111	0
76.3020833333333	0
76.3055555555556	0
76.3090277777778	0
76.3125	0
76.3159722222222	0
76.3194444444444	0
76.3229166666667	0
76.3263888888889	0
76.3298611111111	0
76.3333333333333	0
76.3368055555556	0
76.3402777777778	0
76.34375	0
76.3472222222222	0
76.3506944444444	0
76.3541666666667	0
76.3576388888889	0
76.3611111111111	0
76.3645833333333	0
76.3680555555556	0
76.3715277777778	0
76.375	0
76.3784722222222	0
76.3819444444444	0
76.3854166666667	0
76.3888888888889	0
76.3923611111111	0
76.3958333333333	0
76.3993055555556	0
76.4027777777778	0
76.40625	0
76.4097222222222	0
76.4131944444444	0
76.4166666666667	0
76.4201388888889	0
76.4236111111111	0
76.4270833333333	0
76.4305555555556	0
76.4340277777778	0
76.4375	0
76.4409722222222	0
76.4444444444444	0
76.4479166666667	0
76.4513888888889	0
76.4548611111111	0
76.4583333333333	0
76.4618055555556	0
76.4652777777778	0
76.46875	0
76.4722222222222	0
76.4756944444444	0
76.4791666666667	0
76.4826388888889	0
76.4861111111111	0
76.4895833333333	0
76.4930555555556	0
76.4965277777778	0
76.5	0
76.5034722222222	0
76.5069444444444	0.6
76.5104166666667	0.2
76.5138888888889	0.2
76.5173611111111	0.2
76.5208333333333	0
76.5243055555556	0.8
76.5277777777778	0.4
76.53125	3.2
76.5347222222222	0.8
76.5381944444444	1.2
76.5416666666667	1.4
76.5451388888889	1.4
76.5486111111111	1.2
76.5520833333333	0.6
76.5555555555556	1.8
76.5590277777778	1
76.5625	0.2
76.5659722222222	0
76.5694444444444	0.2
76.5729166666667	0.2
76.5763888888889	0.6
76.5798611111111	0.6
76.5833333333333	0.2
76.5868055555556	1.8
76.5902777777778	2
76.59375	1.2
76.5972222222222	0.4
76.6006944444444	2.4
76.6041666666667	3.2
76.6076388888889	1.8
76.6111111111111	0.2
76.6145833333333	0
76.6180555555556	0
76.6215277777778	0
76.625	0
76.6284722222222	0.2
76.6319444444444	0
76.6354166666667	0
76.6388888888889	0
76.6423611111111	0
76.6458333333333	0
76.6493055555556	0
76.6527777777778	0
76.65625	0
76.6597222222222	0
76.6631944444444	0
76.6666666666667	0
76.6701388888889	0
76.6736111111111	0.2
76.6770833333333	0
76.6805555555556	0
76.6840277777778	0
76.6875	0
76.6909722222222	0
76.6944444444444	0
76.6979166666667	0
76.7013888888889	0
76.7048611111111	0
76.7083333333333	0
76.7118055555556	0
76.7152777777778	0
76.71875	0
76.7222222222222	0
76.7256944444444	0
76.7291666666667	0
76.7326388888889	0
76.7361111111111	0
76.7395833333333	0
76.7430555555556	0
76.7465277777778	0
76.75	0
76.7534722222222	0
76.7569444444444	0
76.7604166666667	0
76.7638888888889	0
76.7673611111111	0
76.7708333333333	0
76.7743055555556	0
76.7777777777778	0
76.78125	0
76.7847222222222	0
76.7881944444444	0.2
76.7916666666667	0
76.7951388888889	0
76.7986111111111	0.2
76.8020833333333	0
76.8055555555556	0
76.8090277777778	0
76.8125	0
76.8159722222222	0
76.8194444444444	0
76.8229166666667	0
76.8263888888889	0
76.8298611111111	0
76.8333333333333	0
76.8368055555556	0
76.8402777777778	0
76.84375	0
76.8472222222222	0
76.8506944444444	0
76.8541666666667	0
76.8576388888889	0
76.8611111111111	0
76.8645833333333	0
76.8680555555556	0
76.8715277777778	0
76.875	0
76.8784722222222	0
76.8819444444444	0
76.8854166666667	0
76.8888888888889	0
76.8923611111111	0
76.8958333333333	0
76.8993055555556	0
76.9027777777778	0
76.90625	0
76.9097222222222	0
76.9131944444444	0
76.9166666666667	0
76.9201388888889	0
76.9236111111111	0
76.9270833333333	0
76.9305555555556	0
76.9340277777778	0
76.9375	0
76.9409722222222	0
76.9444444444444	0
76.9479166666667	0
76.9513888888889	0
76.9548611111111	0.2
76.9583333333333	0
76.9618055555556	0
76.9652777777778	0.2
76.96875	0.4
76.9722222222222	0
76.9756944444444	0
76.9791666666667	0
76.9826388888889	0
76.9861111111111	0
76.9895833333333	0
76.9930555555556	0
76.9965277777778	0
77	0
77.0034722222222	0
77.0069444444444	0
77.0104166666667	0
77.0138888888889	0
77.0173611111111	0.4
77.0208333333333	0.4
77.0243055555556	0.8
77.0277777777778	0.4
77.03125	0
77.0347222222222	0
77.0381944444444	0
77.0416666666667	0
77.0451388888889	0
77.0486111111111	0
77.0520833333333	0
77.0555555555556	0
77.0590277777778	0
77.0625	0.2
77.0659722222222	1.2
77.0694444444444	1.2
77.0729166666667	0.6
77.0763888888889	0.2
77.0798611111111	0.2
77.0833333333333	0.8
77.0868055555556	0
77.0902777777778	0
77.09375	0
77.0972222222222	0.2
77.1006944444444	0
77.1041666666667	0
77.1076388888889	0
77.1111111111111	0
77.1145833333333	0
77.1180555555556	0.2
77.1215277777778	0.4
77.125	0
77.1284722222222	0.2
77.1319444444444	0.2
77.1354166666667	0
77.1388888888889	0.2
77.1423611111111	0.2
77.1458333333333	0.2
77.1493055555556	0
77.1527777777778	0
77.15625	0
77.1597222222222	0
77.1631944444444	0
77.1666666666667	0
77.1701388888889	0
77.1736111111111	0
77.1770833333333	0
77.1805555555556	0
77.1840277777778	0
77.1875	0
77.1909722222222	0
77.1944444444444	0
77.1979166666667	0
77.2013888888889	0
77.2048611111111	0
77.2083333333333	0
77.2118055555556	0
77.2152777777778	0
77.21875	0
77.2222222222222	0
77.2256944444444	0
77.2291666666667	0
77.2326388888889	0
77.2361111111111	0
77.2395833333333	0
77.2430555555556	0
77.2465277777778	0
77.25	0
77.2534722222222	0
77.2569444444444	0
77.2604166666667	0
77.2638888888889	0
77.2673611111111	0
77.2708333333333	0
77.2743055555556	0
77.2777777777778	0
77.28125	0
77.2847222222222	0
77.2881944444444	0
77.2916666666667	0
77.2951388888889	0
77.2986111111111	0
77.3020833333333	0
77.3055555555556	0
77.3090277777778	0
77.3125	0
77.3159722222222	0
77.3194444444444	0
77.3229166666667	0
77.3263888888889	0
77.3298611111111	0
77.3333333333333	0
77.3368055555556	0
77.3402777777778	0
77.34375	0
77.3472222222222	0
77.3506944444444	0
77.3541666666667	0
77.3576388888889	0
77.3611111111111	0
77.3645833333333	0
77.3680555555556	0
77.3715277777778	0
77.375	0
77.3784722222222	0
77.3819444444444	0
77.3854166666667	0
77.3888888888889	0
77.3923611111111	0
77.3958333333333	0
77.3993055555556	0
77.4027777777778	0
77.40625	0
77.4097222222222	0
77.4131944444444	0
77.4166666666667	0
77.4201388888889	0
77.4236111111111	0
77.4270833333333	0
77.4305555555556	0
77.4340277777778	0
77.4375	0
77.4409722222222	0
77.4444444444444	0
77.4479166666667	0
77.4513888888889	0
77.4548611111111	0
77.4583333333333	0
77.4618055555556	0
77.4652777777778	0
77.46875	0
77.4722222222222	0
77.4756944444444	0
77.4791666666667	0
77.4826388888889	0
77.4861111111111	0
77.4895833333333	0
77.4930555555556	0
77.4965277777778	0
77.5	0
77.5034722222222	0
77.5069444444444	0
77.5104166666667	0
77.5138888888889	0
77.5173611111111	0
77.5208333333333	0
77.5243055555556	0
77.5277777777778	0
77.53125	0
77.5347222222222	0
77.5381944444444	0
77.5416666666667	0
77.5451388888889	0
77.5486111111111	0
77.5520833333333	0
77.5555555555556	0
77.5590277777778	0
77.5625	0
77.5659722222222	0
77.5694444444444	0
77.5729166666667	0
77.5763888888889	0
77.5798611111111	0
77.5833333333333	0
77.5868055555556	0
77.5902777777778	0
77.59375	0
77.5972222222222	0
77.6006944444444	0
77.6041666666667	0
77.6076388888889	0
77.6111111111111	0
77.6145833333333	0
77.6180555555556	0
77.6215277777778	0
77.625	0
77.6284722222222	0
77.6319444444444	0
77.6354166666667	0
77.6388888888889	0
77.6423611111111	0
77.6458333333333	0
77.6493055555556	0
77.6527777777778	0
77.65625	0
77.6597222222222	0
77.6631944444444	0
77.6666666666667	0
77.6701388888889	0
77.6736111111111	0
77.6770833333333	0
77.6805555555556	0
77.6840277777778	0
77.6875	0
77.6909722222222	0
77.6944444444444	0
77.6979166666667	0
77.7013888888889	0
77.7048611111111	0
77.7083333333333	0
77.7118055555556	0
77.7152777777778	0
77.71875	0
77.7222222222222	0
77.7256944444444	0
77.7291666666667	0
77.7326388888889	0
77.7361111111111	0
77.7395833333333	0
77.7430555555556	0
77.7465277777778	0
77.75	0
77.7534722222222	0
77.7569444444444	0
77.7604166666667	0
77.7638888888889	0
77.7673611111111	0
77.7708333333333	0
77.7743055555556	0
77.7777777777778	0
77.78125	0
77.7847222222222	0
77.7881944444444	0
77.7916666666667	0
77.7951388888889	0
77.7986111111111	0
77.8020833333333	0
77.8055555555556	0
77.8090277777778	0
77.8125	0
77.8159722222222	0
77.8194444444444	0
77.8229166666667	0
77.8263888888889	0
77.8298611111111	0
77.8333333333333	0
77.8368055555556	0
77.8402777777778	0
77.84375	0
77.8472222222222	0
77.8506944444444	0
77.8541666666667	0
77.8576388888889	0
77.8611111111111	0
77.8645833333333	0
77.8680555555556	0
77.8715277777778	0
77.875	0
77.8784722222222	0
77.8819444444444	0
77.8854166666667	0
77.8888888888889	0
77.8923611111111	0
77.8958333333333	0
77.8993055555556	0
77.9027777777778	0
77.90625	0
77.9097222222222	0
77.9131944444444	0
77.9166666666667	0
77.9201388888889	0
77.9236111111111	0
77.9270833333333	0
77.9305555555556	0
77.9340277777778	0
77.9375	0
77.9409722222222	0
77.9444444444444	0
77.9479166666667	0
77.9513888888889	0
77.9548611111111	0
77.9583333333333	0
77.9618055555556	0
77.9652777777778	0
77.96875	0
77.9722222222222	0
77.9756944444444	0
77.9791666666667	0
77.9826388888889	0
77.9861111111111	0
77.9895833333333	0
77.9930555555556	0
77.9965277777778	0
78	0
78.0034722222222	0
78.0069444444444	0
78.0104166666667	0
78.0138888888889	0
78.0173611111111	0
78.0208333333333	0
78.0243055555556	0
78.0277777777778	0
78.03125	0
78.0347222222222	0
78.0381944444444	0
78.0416666666667	0
78.0451388888889	0
78.0486111111111	0
78.0520833333333	0
78.0555555555556	0
78.0590277777778	0
78.0625	0
78.0659722222222	0
78.0694444444444	0
78.0729166666667	0
78.0763888888889	0
78.0798611111111	0
78.0833333333333	0
78.0868055555556	0
78.0902777777778	0
78.09375	0
78.0972222222222	0
78.1006944444444	0
78.1041666666667	0
78.1076388888889	0
78.1111111111111	0
78.1145833333333	0
78.1180555555556	0
78.1215277777778	0
78.125	0
78.1284722222222	0
78.1319444444444	0
78.1354166666667	0
78.1388888888889	0
78.1423611111111	0
78.1458333333333	0
78.1493055555556	0
78.1527777777778	0
78.15625	0
78.1597222222222	0
78.1631944444444	0
78.1666666666667	0
78.1701388888889	0
78.1736111111111	0
78.1770833333333	0
78.1805555555556	0
78.1840277777778	0
78.1875	0
78.1909722222222	0
78.1944444444444	0
78.1979166666667	0
78.2013888888889	0
78.2048611111111	0
78.2083333333333	0
78.2118055555556	0
78.2152777777778	0
78.21875	0
78.2222222222222	0
78.2256944444444	0
78.2291666666667	0
78.2326388888889	0
78.2361111111111	0
78.2395833333333	0
78.2430555555556	0
78.2465277777778	0
78.25	0
78.2534722222222	0
78.2569444444444	0
78.2604166666667	0
78.2638888888889	0
78.2673611111111	0
78.2708333333333	0
78.2743055555556	0
78.2777777777778	0
78.28125	0
78.2847222222222	0
78.2881944444444	0
78.2916666666667	0
78.2951388888889	0
78.2986111111111	0
78.3020833333333	0
78.3055555555556	0
78.3090277777778	0
78.3125	0
78.3159722222222	0.2
78.3194444444444	0
78.3229166666667	0
78.3263888888889	0
78.3298611111111	0
78.3333333333333	0
78.3368055555556	0
78.3402777777778	0
78.34375	0.2
78.3472222222222	0
78.3506944444444	0
78.3541666666667	0
78.3576388888889	0
78.3611111111111	0
78.3645833333333	0
78.3680555555556	0
78.3715277777778	0
78.375	0
78.3784722222222	0
78.3819444444444	0
78.3854166666667	0
78.3888888888889	0
78.3923611111111	0
78.3958333333333	0
78.3993055555556	0
78.4027777777778	0
78.40625	0
78.4097222222222	0
78.4131944444444	0
78.4166666666667	0
78.4201388888889	0
78.4236111111111	0
78.4270833333333	0
78.4305555555556	0
78.4340277777778	0
78.4375	0
78.4409722222222	0
78.4444444444444	0
78.4479166666667	0
78.4513888888889	0
78.4548611111111	0
78.4583333333333	0
78.4618055555556	0
78.4652777777778	0
78.46875	0
78.4722222222222	0
78.4756944444444	0
78.4791666666667	0
78.4826388888889	0
78.4861111111111	0
78.4895833333333	0
78.4930555555556	0
78.4965277777778	0
78.5	0
78.5034722222222	0
78.5069444444444	0
78.5104166666667	0
78.5138888888889	0
78.5173611111111	0
78.5208333333333	0
78.5243055555556	0
78.5277777777778	0
78.53125	0
78.5347222222222	0
78.5381944444444	0
78.5416666666667	0
78.5451388888889	0
78.5486111111111	0
78.5520833333333	0
78.5555555555556	0
78.5590277777778	0
78.5625	0
78.5659722222222	0
78.5694444444444	0
78.5729166666667	0
78.5763888888889	0
78.5798611111111	0
78.5833333333333	0
78.5868055555556	0
78.5902777777778	0
78.59375	0
78.5972222222222	0
78.6006944444444	0
78.6041666666667	0
78.6076388888889	0
78.6111111111111	0
78.6145833333333	0
78.6180555555556	0
78.6215277777778	0
78.625	0
78.6284722222222	0
78.6319444444444	0
78.6354166666667	0.2
78.6388888888889	0
78.6423611111111	0
78.6458333333333	0
78.6493055555556	0
78.6527777777778	0
78.65625	0
78.6597222222222	0
78.6631944444444	0
78.6666666666667	0
78.6701388888889	0
78.6736111111111	0
78.6770833333333	0
78.6805555555556	0
78.6840277777778	0
78.6875	0
78.6909722222222	0
78.6944444444444	0
78.6979166666667	0
78.7013888888889	0
78.7048611111111	0
78.7083333333333	0
78.7118055555556	0
78.7152777777778	0
78.71875	0
78.7222222222222	0
78.7256944444444	0
78.7291666666667	0
78.7326388888889	0
78.7361111111111	0
78.7395833333333	0
78.7430555555556	0
78.7465277777778	0
78.75	0
78.7534722222222	0
78.7569444444444	0
78.7604166666667	0
78.7638888888889	0
78.7673611111111	0
78.7708333333333	0
78.7743055555556	0
78.7777777777778	0
78.78125	0
78.7847222222222	0
78.7881944444444	0
78.7916666666667	0
78.7951388888889	0
78.7986111111111	0
78.8020833333333	0
78.8055555555556	0
78.8090277777778	0
78.8125	0
78.8159722222222	0
78.8194444444444	0
78.8229166666667	0
78.8263888888889	0
78.8298611111111	0
78.8333333333333	0
78.8368055555556	0
78.8402777777778	0
78.84375	0
78.8472222222222	0
78.8506944444444	0
78.8541666666667	0
78.8576388888889	0
78.8611111111111	0
78.8645833333333	0
78.8680555555556	0
78.8715277777778	0
78.875	0
78.8784722222222	0
78.8819444444444	0
78.8854166666667	0
78.8888888888889	0
78.8923611111111	0
78.8958333333333	0
78.8993055555556	0
78.9027777777778	0
78.90625	0
78.9097222222222	0
78.9131944444444	0
78.9166666666667	0
78.9201388888889	0
78.9236111111111	0
78.9270833333333	0
78.9305555555556	0
78.9340277777778	0
78.9375	0
78.9409722222222	0
78.9444444444444	0
78.9479166666667	0
78.9513888888889	0
78.9548611111111	0
78.9583333333333	0
78.9618055555556	0
78.9652777777778	0
78.96875	0
78.9722222222222	0
78.9756944444444	0
78.9791666666667	0
78.9826388888889	0
78.9861111111111	0
78.9895833333333	0
78.9930555555556	0
78.9965277777778	0
79	0
79.0034722222222	0
79.0069444444444	0
79.0104166666667	0
79.0138888888889	0
79.0173611111111	0
79.0208333333333	0
79.0243055555556	0
79.0277777777778	0
79.03125	0
79.0347222222222	0
79.0381944444444	0
79.0416666666667	0
79.0451388888889	0
79.0486111111111	0
79.0520833333333	0
79.0555555555556	0
79.0590277777778	0
79.0625	0
79.0659722222222	0
79.0694444444444	0
79.0729166666667	0
79.0763888888889	0
79.0798611111111	0
79.0833333333333	0
79.0868055555556	0
79.0902777777778	0
79.09375	0
79.0972222222222	0
79.1006944444444	0
79.1041666666667	0
79.1076388888889	0
79.1111111111111	0
79.1145833333333	0
79.1180555555556	0
79.1215277777778	0
79.125	0
79.1284722222222	0
79.1319444444444	0
79.1354166666667	0
79.1388888888889	0
79.1423611111111	0
79.1458333333333	0
79.1493055555556	0
79.1527777777778	0
79.15625	0
79.1597222222222	0
79.1631944444444	0
79.1666666666667	0
79.1701388888889	0
79.1736111111111	0
79.1770833333333	0
79.1805555555556	0
79.1840277777778	0
79.1875	0
79.1909722222222	0
79.1944444444444	0
79.1979166666667	0
79.2013888888889	0
79.2048611111111	0
79.2083333333333	0
79.2118055555556	0
79.2152777777778	0
79.21875	0
79.2222222222222	0
79.2256944444444	0
79.2291666666667	0
79.2326388888889	0
79.2361111111111	0
79.2395833333333	0
79.2430555555556	0
79.2465277777778	0
79.25	0
79.2534722222222	0
79.2569444444444	0
79.2604166666667	0
79.2638888888889	0
79.2673611111111	0
79.2708333333333	0
79.2743055555556	0
79.2777777777778	0
79.28125	0
79.2847222222222	0
79.2881944444444	0
79.2916666666667	0
79.2951388888889	0
79.2986111111111	0
79.3020833333333	0
79.3055555555556	0
79.3090277777778	0
79.3125	0
79.3159722222222	0
79.3194444444444	0
79.3229166666667	0
79.3263888888889	0
79.3298611111111	0
79.3333333333333	0
79.3368055555556	0
79.3402777777778	0
79.34375	0
79.3472222222222	0
79.3506944444444	0
79.3541666666667	0
79.3576388888889	0
79.3611111111111	0
79.3645833333333	0
79.3680555555556	0
79.3715277777778	0
79.375	0
79.3784722222222	0
79.3819444444444	0
79.3854166666667	0
79.3888888888889	0
79.3923611111111	0
79.3958333333333	0
79.3993055555556	0
79.4027777777778	0
79.40625	0
79.4097222222222	0
79.4131944444444	0
79.4166666666667	0
79.4201388888889	0
79.4236111111111	0
79.4270833333333	0
79.4305555555556	0
79.4340277777778	0
79.4375	0
79.4409722222222	0
79.4444444444444	0
79.4479166666667	0
79.4513888888889	0
79.4548611111111	0
79.4583333333333	0
79.4618055555556	0
79.4652777777778	0
79.46875	0
79.4722222222222	0
79.4756944444444	0
79.4791666666667	0
79.4826388888889	0
79.4861111111111	0
79.4895833333333	0
79.4930555555556	0
79.4965277777778	0
79.5	0
79.5034722222222	0
79.5069444444444	0
79.5104166666667	0
79.5138888888889	0
79.5173611111111	0
79.5208333333333	0
79.5243055555556	0
79.5277777777778	0
79.53125	0
79.5347222222222	0
79.5381944444444	0
79.5416666666667	0
79.5451388888889	0
79.5486111111111	0
79.5520833333333	0
79.5555555555556	0
79.5590277777778	0
79.5625	0
79.5659722222222	0
79.5694444444444	0
79.5729166666667	0
79.5763888888889	0
79.5798611111111	0
79.5833333333333	0
79.5868055555556	0
79.5902777777778	0
79.59375	0
79.5972222222222	0
79.6006944444444	0
79.6041666666667	0
79.6076388888889	0
79.6111111111111	0
79.6145833333333	0
79.6180555555556	0
79.6215277777778	0
79.625	0
79.6284722222222	0
79.6319444444444	0
79.6354166666667	0
79.6388888888889	0
79.6423611111111	0
79.6458333333333	0
79.6493055555556	0
79.6527777777778	0
79.65625	0
79.6597222222222	0
79.6631944444444	0
79.6666666666667	0
79.6701388888889	0
79.6736111111111	0
79.6770833333333	0
79.6805555555556	0
79.6840277777778	0
79.6875	0
79.6909722222222	0
79.6944444444444	0
79.6979166666667	0
79.7013888888889	0
79.7048611111111	0
79.7083333333333	0
79.7118055555556	0
79.7152777777778	0
79.71875	0
79.7222222222222	0
79.7256944444444	0
79.7291666666667	0
79.7326388888889	0
79.7361111111111	0
79.7395833333333	0
79.7430555555556	0
79.7465277777778	0
79.75	0
79.7534722222222	0
79.7569444444444	0
79.7604166666667	0
79.7638888888889	0
79.7673611111111	0
79.7708333333333	0
79.7743055555556	0
79.7777777777778	0
79.78125	0
79.7847222222222	0
79.7881944444444	0
79.7916666666667	0
79.7951388888889	0
79.7986111111111	0
79.8020833333333	0
79.8055555555556	0
79.8090277777778	0
79.8125	0
79.8159722222222	0
79.8194444444444	0
79.8229166666667	0
79.8263888888889	0
79.8298611111111	0
79.8333333333333	0
79.8368055555556	0
79.8402777777778	0
79.84375	0
79.8472222222222	0
79.8506944444444	0
79.8541666666667	0
79.8576388888889	0
79.8611111111111	0
79.8645833333333	0
79.8680555555556	0
79.8715277777778	0
79.875	0
79.8784722222222	0
79.8819444444444	0
79.8854166666667	0
79.8888888888889	0
79.8923611111111	0
79.8958333333333	0
79.8993055555556	0
79.9027777777778	0
79.90625	0
79.9097222222222	0
79.9131944444444	0
79.9166666666667	0
79.9201388888889	0
79.9236111111111	0
79.9270833333333	0
79.9305555555556	0
79.9340277777778	0
79.9375	0
79.9409722222222	0
79.9444444444444	0
79.9479166666667	0
79.9513888888889	0
79.9548611111111	0
79.9583333333333	0
79.9618055555556	0
79.9652777777778	0
79.96875	0
79.9722222222222	0
79.9756944444444	0
79.9791666666667	0
79.9826388888889	0
79.9861111111111	0
79.9895833333333	0
79.9930555555556	0
79.9965277777778	0
80	0
80.0034722222222	0
80.0069444444444	0
80.0104166666667	0
80.0138888888889	0
80.0173611111111	0
80.0208333333333	0
80.0243055555556	0
80.0277777777778	0
80.03125	0
80.0347222222222	0
80.0381944444444	0
80.0416666666667	0
80.0451388888889	0
80.0486111111111	0
80.0520833333333	0
80.0555555555556	0
80.0590277777778	0
80.0625	0
80.0659722222222	0
80.0694444444444	0
80.0729166666667	0
80.0763888888889	0
80.0798611111111	0
80.0833333333333	0
80.0868055555556	0
80.0902777777778	0
80.09375	0
80.0972222222222	0
80.1006944444444	0
80.1041666666667	0
80.1076388888889	0
80.1111111111111	0
80.1145833333333	0
80.1180555555556	0
80.1215277777778	0
80.125	0
80.1284722222222	0
80.1319444444444	0
80.1354166666667	0
80.1388888888889	0
80.1423611111111	0
80.1458333333333	0
80.1493055555556	0
80.1527777777778	0
80.15625	0
80.1597222222222	0
80.1631944444444	0
80.1666666666667	0
80.1701388888889	0
80.1736111111111	0
80.1770833333333	0
80.1805555555556	0
80.1840277777778	0
80.1875	0
80.1909722222222	0
80.1944444444444	0
80.1979166666667	0
80.2013888888889	0
80.2048611111111	0
80.2083333333333	0
80.2118055555556	0
80.2152777777778	0
80.21875	0
80.2222222222222	0
80.2256944444444	0
80.2291666666667	0
80.2326388888889	0
80.2361111111111	0
80.2395833333333	0
80.2430555555556	0
80.2465277777778	0
80.25	0
80.2534722222222	0
80.2569444444444	0
80.2604166666667	0
80.2638888888889	0
80.2673611111111	0
80.2708333333333	0
80.2743055555556	0
80.2777777777778	0
80.28125	0
80.2847222222222	0
80.2881944444444	0
80.2916666666667	0
80.2951388888889	0
80.2986111111111	0
80.3020833333333	0
80.3055555555556	0
80.3090277777778	0
80.3125	0
80.3159722222222	0
80.3194444444444	0
80.3229166666667	0
80.3263888888889	0
80.3298611111111	0
80.3333333333333	0
80.3368055555556	0
80.3402777777778	0
80.34375	0
80.3472222222222	0
80.3506944444444	0
80.3541666666667	0
80.3576388888889	0
80.3611111111111	0
80.3645833333333	0
80.3680555555556	0
80.3715277777778	0
80.375	0
80.3784722222222	0
80.3819444444444	0
80.3854166666667	0
80.3888888888889	0
80.3923611111111	0
80.3958333333333	0
80.3993055555556	0
80.4027777777778	0
80.40625	0
80.4097222222222	0
80.4131944444444	0
80.4166666666667	0
80.4201388888889	0
80.4236111111111	0
80.4270833333333	0
80.4305555555556	0
80.4340277777778	0
80.4375	0
80.4409722222222	0
80.4444444444444	0
80.4479166666667	0
80.4513888888889	0
80.4548611111111	0
80.4583333333333	0
80.4618055555556	0
80.4652777777778	0
80.46875	0
80.4722222222222	0
80.4756944444444	0
80.4791666666667	0
80.4826388888889	0
80.4861111111111	0
80.4895833333333	0
80.4930555555556	0
80.4965277777778	0
80.5	0
80.5034722222222	0
80.5069444444444	0
80.5104166666667	0
80.5138888888889	0
80.5173611111111	0
80.5208333333333	0
80.5243055555556	0
80.5277777777778	0
80.53125	0
80.5347222222222	0
80.5381944444444	0
80.5416666666667	0
80.5451388888889	0
80.5486111111111	0
80.5520833333333	0
80.5555555555556	0
80.5590277777778	0
80.5625	0
80.5659722222222	0
80.5694444444444	0
80.5729166666667	0
80.5763888888889	0
80.5798611111111	0
80.5833333333333	0
80.5868055555556	0
80.5902777777778	0
80.59375	0
80.5972222222222	0
80.6006944444444	0
80.6041666666667	0
80.6076388888889	0
80.6111111111111	0
80.6145833333333	0
80.6180555555556	0
80.6215277777778	0
80.625	0
80.6284722222222	0
80.6319444444444	0
80.6354166666667	0
80.6388888888889	0
80.6423611111111	0
80.6458333333333	0
80.6493055555556	0
80.6527777777778	0
80.65625	0
80.6597222222222	0
80.6631944444444	0
80.6666666666667	0
80.6701388888889	0
80.6736111111111	0
80.6770833333333	0
80.6805555555556	0
80.6840277777778	0
80.6875	0
80.6909722222222	0
80.6944444444444	0
80.6979166666667	0
80.7013888888889	0
80.7048611111111	0
80.7083333333333	0
80.7118055555556	0
80.7152777777778	0
80.71875	0
80.7222222222222	0
80.7256944444444	0
80.7291666666667	0
80.7326388888889	0
80.7361111111111	0
80.7395833333333	0
80.7430555555556	0
80.7465277777778	0
80.75	0
80.7534722222222	0
80.7569444444444	0
80.7604166666667	0
80.7638888888889	0
80.7673611111111	0
80.7708333333333	0
80.7743055555556	0
80.7777777777778	0
80.78125	0
80.7847222222222	0
80.7881944444444	0
80.7916666666667	0
80.7951388888889	0
80.7986111111111	0
80.8020833333333	0
80.8055555555556	0
80.8090277777778	0
80.8125	0
80.8159722222222	0
80.8194444444444	0
80.8229166666667	0
80.8263888888889	0
80.8298611111111	0
80.8333333333333	0
80.8368055555556	0
80.8402777777778	0
80.84375	0
80.8472222222222	0
80.8506944444444	0
80.8541666666667	0
80.8576388888889	0
80.8611111111111	0
80.8645833333333	0
80.8680555555556	0
80.8715277777778	0
80.875	0
80.8784722222222	0
80.8819444444444	0
80.8854166666667	0
80.8888888888889	0
80.8923611111111	0
80.8958333333333	0
80.8993055555556	0
80.9027777777778	0
80.90625	0
80.9097222222222	0
80.9131944444444	0
80.9166666666667	0
80.9201388888889	0
80.9236111111111	0
80.9270833333333	0
80.9305555555556	0
80.9340277777778	0
80.9375	0
80.9409722222222	0
80.9444444444444	0
80.9479166666667	0
80.9513888888889	0
80.9548611111111	0
80.9583333333333	0
80.9618055555556	0
80.9652777777778	0
80.96875	0
80.9722222222222	0
80.9756944444444	0
80.9791666666667	0
80.9826388888889	0
80.9861111111111	0
80.9895833333333	0
80.9930555555556	0
80.9965277777778	0
81	0
81.0034722222222	0
81.0069444444444	0
81.0104166666667	0
81.0138888888889	0
81.0173611111111	0
81.0208333333333	0
81.0243055555556	0
81.0277777777778	0
81.03125	0
81.0347222222222	0
81.0381944444444	0
81.0416666666667	0
81.0451388888889	0
81.0486111111111	0
81.0520833333333	0
81.0555555555556	0
81.0590277777778	0
81.0625	0
81.0659722222222	0
81.0694444444444	0
81.0729166666667	0
81.0763888888889	0
81.0798611111111	0
81.0833333333333	0
81.0868055555556	0
81.0902777777778	0
81.09375	0
81.0972222222222	0
81.1006944444444	0
81.1041666666667	0
81.1076388888889	0
81.1111111111111	0
81.1145833333333	0
81.1180555555556	0
81.1215277777778	0
81.125	0
81.1284722222222	0
81.1319444444444	0
81.1354166666667	0
81.1388888888889	0
81.1423611111111	0
81.1458333333333	0
81.1493055555556	0
81.1527777777778	0
81.15625	0
81.1597222222222	0
81.1631944444444	0
81.1666666666667	0
81.1701388888889	0
81.1736111111111	0
81.1770833333333	0
81.1805555555556	0
81.1840277777778	0
81.1875	0
81.1909722222222	0
81.1944444444444	0
81.1979166666667	0
81.2013888888889	0
81.2048611111111	0
81.2083333333333	0
81.2118055555556	0
81.2152777777778	0
81.21875	0
81.2222222222222	0
81.2256944444444	0
81.2291666666667	0
81.2326388888889	0
81.2361111111111	0
81.2395833333333	0
81.2430555555556	0
81.2465277777778	0
81.25	0
81.2534722222222	0
81.2569444444444	0
81.2604166666667	0
81.2638888888889	0
81.2673611111111	0
81.2708333333333	0
81.2743055555556	0
81.2777777777778	0
81.28125	0
81.2847222222222	0
81.2881944444444	0
81.2916666666667	0
81.2951388888889	0
81.2986111111111	0
81.3020833333333	0
81.3055555555556	0
81.3090277777778	0
81.3125	0
81.3159722222222	0
81.3194444444444	0
81.3229166666667	0
81.3263888888889	0
81.3298611111111	0
81.3333333333333	0
81.3368055555556	0
81.3402777777778	0
81.34375	0
81.3472222222222	0
81.3506944444444	0
81.3541666666667	0
81.3576388888889	0
81.3611111111111	0
81.3645833333333	0
81.3680555555556	0
81.3715277777778	0
81.375	0
81.3784722222222	0
81.3819444444444	0
81.3854166666667	0
81.3888888888889	0
81.3923611111111	0
81.3958333333333	0
81.3993055555556	0
81.4027777777778	0
81.40625	0
81.4097222222222	0
81.4131944444444	0
81.4166666666667	0
81.4201388888889	0
81.4236111111111	0
81.4270833333333	0
81.4305555555556	0
81.4340277777778	0
81.4375	0
81.4409722222222	0
81.4444444444444	0
81.4479166666667	0
81.4513888888889	0
81.4548611111111	0
81.4583333333333	0
81.4618055555556	0
81.4652777777778	0
81.46875	0
81.4722222222222	0
81.4756944444444	0
81.4791666666667	0
81.4826388888889	0
81.4861111111111	0
81.4895833333333	0
81.4930555555556	0
81.4965277777778	0
81.5	0
81.5034722222222	0
81.5069444444444	0
81.5104166666667	0
81.5138888888889	0
81.5173611111111	0
81.5208333333333	0
81.5243055555556	0
81.5277777777778	0
81.53125	0
81.5347222222222	0
81.5381944444444	0
81.5416666666667	0
81.5451388888889	0
81.5486111111111	0
81.5520833333333	0
81.5555555555556	0
81.5590277777778	0
81.5625	0
81.5659722222222	0
81.5694444444444	0
81.5729166666667	0
81.5763888888889	0
81.5798611111111	0
81.5833333333333	0
81.5868055555556	0
81.5902777777778	0
81.59375	0
81.5972222222222	0
81.6006944444444	0
81.6041666666667	0
81.6076388888889	0
81.6111111111111	0
81.6145833333333	0
81.6180555555556	0
81.6215277777778	0
81.625	0
81.6284722222222	0
81.6319444444444	0
81.6354166666667	0
81.6388888888889	0
81.6423611111111	0
81.6458333333333	0
81.6493055555556	0
81.6527777777778	0
81.65625	0
81.6597222222222	0
81.6631944444444	0
81.6666666666667	0
81.6701388888889	0
81.6736111111111	0
81.6770833333333	0
81.6805555555556	0
81.6840277777778	0
81.6875	0
81.6909722222222	0
81.6944444444444	0
81.6979166666667	0
81.7013888888889	0
81.7048611111111	0
81.7083333333333	0
81.7118055555556	0
81.7152777777778	0
81.71875	0
81.7222222222222	0
81.7256944444444	0
81.7291666666667	0
81.7326388888889	0
81.7361111111111	0
81.7395833333333	0
81.7430555555556	0
81.7465277777778	0
81.75	0
81.7534722222222	0
81.7569444444444	0
81.7604166666667	0
81.7638888888889	0
81.7673611111111	0
81.7708333333333	0
81.7743055555556	0
81.7777777777778	0
81.78125	0
81.7847222222222	0
81.7881944444444	0
81.7916666666667	0
81.7951388888889	0
81.7986111111111	0
81.8020833333333	0
81.8055555555556	0
81.8090277777778	0
81.8125	0
81.8159722222222	0
81.8194444444444	0
81.8229166666667	0
81.8263888888889	0
81.8298611111111	0
81.8333333333333	0
81.8368055555556	0
81.8402777777778	0
81.84375	0
81.8472222222222	0
81.8506944444444	0
81.8541666666667	0
81.8576388888889	0
81.8611111111111	0
81.8645833333333	0
81.8680555555556	0
81.8715277777778	0
81.875	0
81.8784722222222	0
81.8819444444444	0
81.8854166666667	0
81.8888888888889	0
81.8923611111111	0
81.8958333333333	0
81.8993055555556	0
81.9027777777778	0
81.90625	0
81.9097222222222	0
81.9131944444444	0
81.9166666666667	0
81.9201388888889	0
81.9236111111111	0
81.9270833333333	0
81.9305555555556	0
81.9340277777778	0
81.9375	0
81.9409722222222	0
81.9444444444444	0
81.9479166666667	0
81.9513888888889	0
81.9548611111111	0
81.9583333333333	0
81.9618055555556	0
81.9652777777778	0
81.96875	0
81.9722222222222	0
81.9756944444444	0
81.9791666666667	0
81.9826388888889	0
81.9861111111111	0
81.9895833333333	0
81.9930555555556	0
81.9965277777778	0
82	0
82.0034722222222	0
82.0069444444444	0
82.0104166666667	0
82.0138888888889	0
82.0173611111111	0
82.0208333333333	0
82.0243055555556	0
82.0277777777778	0
82.03125	0
82.0347222222222	0
82.0381944444444	0
82.0416666666667	0
82.0451388888889	0
82.0486111111111	0
82.0520833333333	0
82.0555555555556	0
82.0590277777778	0
82.0625	0
82.0659722222222	0
82.0694444444444	0
82.0729166666667	0
82.0763888888889	0
82.0798611111111	0
82.0833333333333	0
82.0868055555556	0
82.0902777777778	0
82.09375	0
82.0972222222222	0
82.1006944444444	0
82.1041666666667	0
82.1076388888889	0
82.1111111111111	0
82.1145833333333	0
82.1180555555556	0
82.1215277777778	0
82.125	0
82.1284722222222	0
82.1319444444444	0
82.1354166666667	0
82.1388888888889	0
82.1423611111111	0
82.1458333333333	0
82.1493055555556	0
82.1527777777778	0
82.15625	0
82.1597222222222	0
82.1631944444444	0
82.1666666666667	0
82.1701388888889	0
82.1736111111111	0
82.1770833333333	0
82.1805555555556	0
82.1840277777778	0
82.1875	0
82.1909722222222	0
82.1944444444444	0
82.1979166666667	0
82.2013888888889	0
82.2048611111111	0
82.2083333333333	0
82.2118055555556	0
82.2152777777778	0
82.21875	0
82.2222222222222	0
82.2256944444444	0
82.2291666666667	0
82.2326388888889	0
82.2361111111111	0
82.2395833333333	0
82.2430555555556	0
82.2465277777778	0
82.25	0
82.2534722222222	0
82.2569444444444	0
82.2604166666667	0
82.2638888888889	0
82.2673611111111	0
82.2708333333333	0
82.2743055555556	0
82.2777777777778	0
82.28125	0
82.2847222222222	0
82.2881944444444	0
82.2916666666667	0
82.2951388888889	0
82.2986111111111	0
82.3020833333333	0
82.3055555555556	0
82.3090277777778	0
82.3125	0
82.3159722222222	0
82.3194444444444	0
82.3229166666667	0
82.3263888888889	0
82.3298611111111	0
82.3333333333333	0
82.3368055555556	0
82.3402777777778	0
82.34375	0
82.3472222222222	0
82.3506944444444	0
82.3541666666667	0
82.3576388888889	0
82.3611111111111	0
82.3645833333333	0
82.3680555555556	0
82.3715277777778	0
82.375	0
82.3784722222222	0
82.3819444444444	0
82.3854166666667	0
82.3888888888889	0
82.3923611111111	0
82.3958333333333	0
82.3993055555556	0
82.4027777777778	0
82.40625	0
82.4097222222222	0
82.4131944444444	0
82.4166666666667	0
82.4201388888889	0
82.4236111111111	0
82.4270833333333	0
82.4305555555556	0
82.4340277777778	0
82.4375	0
82.4409722222222	0
82.4444444444444	0
82.4479166666667	0
82.4513888888889	0
82.4548611111111	0
82.4583333333333	0
82.4618055555556	0
82.4652777777778	0
82.46875	0
82.4722222222222	0
82.4756944444444	0
82.4791666666667	0
82.4826388888889	0
82.4861111111111	0
82.4895833333333	0
82.4930555555556	0
82.4965277777778	0
82.5	0
82.5034722222222	0
82.5069444444444	0
82.5104166666667	0
82.5138888888889	0
82.5173611111111	0.2
82.5208333333333	0
82.5243055555556	0
82.5277777777778	0
82.53125	0
82.5347222222222	0
82.5381944444444	0
82.5416666666667	0
82.5451388888889	0
82.5486111111111	0
82.5520833333333	0
82.5555555555556	0
82.5590277777778	0
82.5625	0
82.5659722222222	0
82.5694444444444	0
82.5729166666667	0
82.5763888888889	0
82.5798611111111	0
82.5833333333333	0
82.5868055555556	0
82.5902777777778	0
82.59375	0
82.5972222222222	0
82.6006944444444	0
82.6041666666667	0
82.6076388888889	0
82.6111111111111	0
82.6145833333333	0
82.6180555555556	0
82.6215277777778	0
82.625	0
82.6284722222222	0
82.6319444444444	0
82.6354166666667	0
82.6388888888889	0
82.6423611111111	0
82.6458333333333	0
82.6493055555556	0
82.6527777777778	0
82.65625	0
82.6597222222222	0
82.6631944444444	0
82.6666666666667	0
82.6701388888889	0
82.6736111111111	0
82.6770833333333	0
82.6805555555556	0
82.6840277777778	0
82.6875	0
82.6909722222222	0
82.6944444444444	0
82.6979166666667	0
82.7013888888889	0
82.7048611111111	0
82.7083333333333	0
82.7118055555556	0
82.7152777777778	0
82.71875	0
82.7222222222222	0
82.7256944444444	0
82.7291666666667	0
82.7326388888889	0
82.7361111111111	0
82.7395833333333	0
82.7430555555556	0
82.7465277777778	0
82.75	0
82.7534722222222	0
82.7569444444444	0
82.7604166666667	0
82.7638888888889	0
82.7673611111111	0
82.7708333333333	0
82.7743055555556	0
82.7777777777778	0
82.78125	0
82.7847222222222	0
82.7881944444444	0
82.7916666666667	0
82.7951388888889	0
82.7986111111111	0
82.8020833333333	0
82.8055555555556	0
82.8090277777778	0
82.8125	0
82.8159722222222	0
82.8194444444444	0
82.8229166666667	0
82.8263888888889	0
82.8298611111111	0
82.8333333333333	0
82.8368055555556	0
82.8402777777778	0
82.84375	0
82.8472222222222	0
82.8506944444444	0
82.8541666666667	0
82.8576388888889	0
82.8611111111111	0
82.8645833333333	0
82.8680555555556	0
82.8715277777778	0
82.875	0
82.8784722222222	0
82.8819444444444	0
82.8854166666667	0
82.8888888888889	0
82.8923611111111	0
82.8958333333333	0
82.8993055555556	0
82.9027777777778	0
82.90625	0
82.9097222222222	0
82.9131944444444	0
82.9166666666667	0
82.9201388888889	0
82.9236111111111	0
82.9270833333333	0
82.9305555555556	0
82.9340277777778	0
82.9375	0
82.9409722222222	0
82.9444444444444	0
82.9479166666667	0
82.9513888888889	0
82.9548611111111	0
82.9583333333333	0
82.9618055555556	0
82.9652777777778	0
82.96875	0
82.9722222222222	0
82.9756944444444	0
82.9791666666667	0
82.9826388888889	0
82.9861111111111	0
82.9895833333333	0
82.9930555555556	0
82.9965277777778	0
83	0
83.0034722222222	0
83.0069444444444	0
83.0104166666667	0
83.0138888888889	0
83.0173611111111	0
83.0208333333333	0
83.0243055555556	0
83.0277777777778	0
83.03125	0
83.0347222222222	0
83.0381944444444	0
83.0416666666667	0
83.0451388888889	0
83.0486111111111	0
83.0520833333333	0
83.0555555555556	0
83.0590277777778	0
83.0625	0
83.0659722222222	0
83.0694444444444	0
83.0729166666667	0
83.0763888888889	0
83.0798611111111	0
83.0833333333333	0
83.0868055555556	0
83.0902777777778	0
83.09375	0
83.0972222222222	0
83.1006944444444	0
83.1041666666667	0
83.1076388888889	0
83.1111111111111	0
83.1145833333333	0
83.1180555555556	0
83.1215277777778	0
83.125	0
83.1284722222222	0
83.1319444444444	0
83.1354166666667	0
83.1388888888889	0
83.1423611111111	0
83.1458333333333	0
83.1493055555556	0
83.1527777777778	0
83.15625	0
83.1597222222222	0
83.1631944444444	0
83.1666666666667	0
83.1701388888889	0
83.1736111111111	0
83.1770833333333	0
83.1805555555556	0
83.1840277777778	0
83.1875	0
83.1909722222222	0
83.1944444444444	0
83.1979166666667	0
83.2013888888889	0
83.2048611111111	0
83.2083333333333	0
83.2118055555556	0
83.2152777777778	0
83.21875	0
83.2222222222222	0
83.2256944444444	0
83.2291666666667	0
83.2326388888889	0
83.2361111111111	0
83.2395833333333	0
83.2430555555556	0
83.2465277777778	0
83.25	0
83.2534722222222	0
83.2569444444444	0
83.2604166666667	0
83.2638888888889	0
83.2673611111111	0
83.2708333333333	0
83.2743055555556	0
83.2777777777778	0
83.28125	0
83.2847222222222	0
83.2881944444444	0
83.2916666666667	0
83.2951388888889	0
83.2986111111111	0
83.3020833333333	0
83.3055555555556	0
83.3090277777778	0
83.3125	0
83.3159722222222	0
83.3194444444444	0
83.3229166666667	0
83.3263888888889	0
83.3298611111111	0
83.3333333333333	0
83.3368055555556	0
83.3402777777778	0
83.34375	0
83.3472222222222	0
83.3506944444444	0
83.3541666666667	0
83.3576388888889	0
83.3611111111111	0
83.3645833333333	0
83.3680555555556	0
83.3715277777778	0
83.375	0
83.3784722222222	0
83.3819444444444	0
83.3854166666667	0
83.3888888888889	0
83.3923611111111	0
83.3958333333333	0
83.3993055555556	0
83.4027777777778	0
83.40625	0
83.4097222222222	0
83.4131944444444	0
83.4166666666667	0
83.4201388888889	0
83.4236111111111	0
83.4270833333333	0
83.4305555555556	0
83.4340277777778	0
83.4375	0
83.4409722222222	0
83.4444444444444	0
83.4479166666667	0
83.4513888888889	0
83.4548611111111	0
83.4583333333333	0
83.4618055555556	0
83.4652777777778	0
83.46875	0
83.4722222222222	0
83.4756944444444	0
83.4791666666667	0
83.4826388888889	0
83.4861111111111	0
83.4895833333333	0
83.4930555555556	0
83.4965277777778	0
83.5	0
83.5034722222222	0
83.5069444444444	0
83.5104166666667	0
83.5138888888889	0
83.5173611111111	0
83.5208333333333	0
83.5243055555556	0
83.5277777777778	0
83.53125	0
83.5347222222222	0
83.5381944444444	0
83.5416666666667	0
83.5451388888889	0
83.5486111111111	0
83.5520833333333	0
83.5555555555556	0
83.5590277777778	0
83.5625	0
83.5659722222222	0
83.5694444444444	0
83.5729166666667	0
83.5763888888889	0
83.5798611111111	0
83.5833333333333	0
83.5868055555556	0
83.5902777777778	0
83.59375	0
83.5972222222222	0
83.6006944444444	0
83.6041666666667	0
83.6076388888889	0
83.6111111111111	0
83.6145833333333	0
83.6180555555556	0
83.6215277777778	0
83.625	0
83.6284722222222	0
83.6319444444444	0
83.6354166666667	0
83.6388888888889	0
83.6423611111111	0
83.6458333333333	0
83.6493055555556	0
83.6527777777778	0
83.65625	0
83.6597222222222	0
83.6631944444444	0
83.6666666666667	0
83.6701388888889	0
83.6736111111111	0
83.6770833333333	0
83.6805555555556	0
83.6840277777778	0
83.6875	0
83.6909722222222	0
83.6944444444444	0
83.6979166666667	0
83.7013888888889	0
83.7048611111111	0
83.7083333333333	0
83.7118055555556	0
83.7152777777778	0
83.71875	0
83.7222222222222	0
83.7256944444444	0
83.7291666666667	0
83.7326388888889	0
83.7361111111111	0
83.7395833333333	0
83.7430555555556	0
83.7465277777778	0
83.75	0
83.7534722222222	0
83.7569444444444	0
83.7604166666667	0
83.7638888888889	0
83.7673611111111	0
83.7708333333333	0
83.7743055555556	0
83.7777777777778	0
83.78125	0
83.7847222222222	0
83.7881944444444	0
83.7916666666667	0
83.7951388888889	0
83.7986111111111	0
83.8020833333333	0
83.8055555555556	0
83.8090277777778	0
83.8125	0
83.8159722222222	0
83.8194444444444	0
83.8229166666667	0
83.8263888888889	0
83.8298611111111	0
83.8333333333333	0
83.8368055555556	0
83.8402777777778	0
83.84375	0
83.8472222222222	0
83.8506944444444	0
83.8541666666667	0
83.8576388888889	0
83.8611111111111	0
83.8645833333333	0
83.8680555555556	0
83.8715277777778	0
83.875	0
83.8784722222222	0
83.8819444444444	0
83.8854166666667	0
83.8888888888889	0
83.8923611111111	0
83.8958333333333	0
83.8993055555556	0
83.9027777777778	0
83.90625	0
83.9097222222222	0
83.9131944444444	0
83.9166666666667	0
83.9201388888889	0
83.9236111111111	0
83.9270833333333	0
83.9305555555556	0
83.9340277777778	0
83.9375	0
83.9409722222222	0
83.9444444444444	0
83.9479166666667	0
83.9513888888889	0
83.9548611111111	0
83.9583333333333	0
83.9618055555556	0
83.9652777777778	0
83.96875	0
83.9722222222222	0
83.9756944444444	0
83.9791666666667	0
83.9826388888889	0
83.9861111111111	0
83.9895833333333	0
83.9930555555556	0
83.9965277777778	0
84	0
84.0034722222222	0
84.0069444444444	0
84.0104166666667	0
84.0138888888889	0
84.0173611111111	0
84.0208333333333	0
84.0243055555556	0
84.0277777777778	0
84.03125	0
84.0347222222222	0
84.0381944444444	0
84.0416666666667	0
84.0451388888889	0
84.0486111111111	0
84.0520833333333	0
84.0555555555556	0
84.0590277777778	0
84.0625	0
84.0659722222222	0
84.0694444444444	0
84.0729166666667	0
84.0763888888889	0
84.0798611111111	0
84.0833333333333	0
84.0868055555556	0
84.0902777777778	0
84.09375	0
84.0972222222222	0
84.1006944444444	0
84.1041666666667	0
84.1076388888889	0
84.1111111111111	0
84.1145833333333	0
84.1180555555556	0
84.1215277777778	0
84.125	0
84.1284722222222	0
84.1319444444444	0
84.1354166666667	0
84.1388888888889	0
84.1423611111111	0
84.1458333333333	0
84.1493055555556	0
84.1527777777778	0
84.15625	0
84.1597222222222	0
84.1631944444444	0
84.1666666666667	0
84.1701388888889	0
84.1736111111111	0
84.1770833333333	0
84.1805555555556	0
84.1840277777778	0
84.1875	0
84.1909722222222	0
84.1944444444444	0
84.1979166666667	0
84.2013888888889	0
84.2048611111111	0
84.2083333333333	0
84.2118055555556	0
84.2152777777778	0
84.21875	0
84.2222222222222	0
84.2256944444444	0
84.2291666666667	0
84.2326388888889	0
84.2361111111111	0
84.2395833333333	0
84.2430555555556	0
84.2465277777778	0
84.25	0
84.2534722222222	0
84.2569444444444	0
84.2604166666667	0
84.2638888888889	0
84.2673611111111	0
84.2708333333333	0
84.2743055555556	0
84.2777777777778	0
84.28125	0
84.2847222222222	0
84.2881944444444	0
84.2916666666667	0
84.2951388888889	0
84.2986111111111	0
84.3020833333333	0
84.3055555555556	0
84.3090277777778	0
84.3125	0
84.3159722222222	0
84.3194444444444	0
84.3229166666667	0
84.3263888888889	0
84.3298611111111	0
84.3333333333333	0
84.3368055555556	0
84.3402777777778	0
84.34375	0
84.3472222222222	0
84.3506944444444	0
84.3541666666667	0
84.3576388888889	0
84.3611111111111	0
84.3645833333333	0
84.3680555555556	0
84.3715277777778	0
84.375	0
84.3784722222222	0
84.3819444444444	0
84.3854166666667	0
84.3888888888889	0
84.3923611111111	0
84.3958333333333	0.2
84.3993055555556	0
84.4027777777778	0
84.40625	0
84.4097222222222	0
84.4131944444444	0
84.4166666666667	0
84.4201388888889	0
84.4236111111111	0
84.4270833333333	0
84.4305555555556	0
84.4340277777778	0
84.4375	0
84.4409722222222	0
84.4444444444444	0
84.4479166666667	0
84.4513888888889	0
84.4548611111111	0
84.4583333333333	0
84.4618055555556	0
84.4652777777778	0
84.46875	0
84.4722222222222	0
84.4756944444444	0
84.4791666666667	0.2
84.4826388888889	0
84.4861111111111	0
84.4895833333333	0
84.4930555555556	0
84.4965277777778	0
84.5	0
84.5034722222222	0
84.5069444444444	0
84.5104166666667	0
84.5138888888889	0
84.5173611111111	0
84.5208333333333	0
84.5243055555556	0
84.5277777777778	0
84.53125	0
84.5347222222222	0
84.5381944444444	0
84.5416666666667	0
84.5451388888889	0
84.5486111111111	0
84.5520833333333	0
84.5555555555556	0
84.5590277777778	0
84.5625	0
84.5659722222222	0
84.5694444444444	0
84.5729166666667	0
84.5763888888889	0
84.5798611111111	0
84.5833333333333	0
84.5868055555556	0
84.5902777777778	0
84.59375	0
84.5972222222222	0
84.6006944444444	0
84.6041666666667	0
84.6076388888889	0
84.6111111111111	0
84.6145833333333	0
84.6180555555556	0
84.6215277777778	0
84.625	0
84.6284722222222	0
84.6319444444444	0
84.6354166666667	0
84.6388888888889	0
84.6423611111111	0
84.6458333333333	0
84.6493055555556	0
84.6527777777778	0
84.65625	0
84.6597222222222	0
84.6631944444444	0
84.6666666666667	0
84.6701388888889	0
84.6736111111111	0
84.6770833333333	0
84.6805555555556	0
84.6840277777778	0
84.6875	0
84.6909722222222	0
84.6944444444444	0
84.6979166666667	0
84.7013888888889	0
84.7048611111111	0
84.7083333333333	0
84.7118055555556	0
84.7152777777778	0
84.71875	0
84.7222222222222	0
84.7256944444444	0
84.7291666666667	0
84.7326388888889	0
84.7361111111111	0
84.7395833333333	0
84.7430555555556	0
84.7465277777778	0
84.75	0
84.7534722222222	0
84.7569444444444	0
84.7604166666667	0
84.7638888888889	0
84.7673611111111	0
84.7708333333333	0
84.7743055555556	0
84.7777777777778	0
84.78125	0
84.7847222222222	0
84.7881944444444	0
84.7916666666667	0
84.7951388888889	0
84.7986111111111	0
84.8020833333333	0
84.8055555555556	0
84.8090277777778	0
84.8125	0
84.8159722222222	0
84.8194444444444	0
84.8229166666667	0
84.8263888888889	0
84.8298611111111	0
84.8333333333333	0
84.8368055555556	0
84.8402777777778	0
84.84375	0
84.8472222222222	0
84.8506944444444	0
84.8541666666667	0
84.8576388888889	0
84.8611111111111	0
84.8645833333333	0
84.8680555555556	0
84.8715277777778	0
84.875	0
84.8784722222222	0
84.8819444444444	0
84.8854166666667	0
84.8888888888889	0
84.8923611111111	0
84.8958333333333	0
84.8993055555556	0
84.9027777777778	0
84.90625	0
84.9097222222222	0
84.9131944444444	0
84.9166666666667	0
84.9201388888889	0
84.9236111111111	0
84.9270833333333	0
84.9305555555556	0
84.9340277777778	0
84.9375	0
84.9409722222222	0
84.9444444444444	0
84.9479166666667	0
84.9513888888889	0
84.9548611111111	0
84.9583333333333	0.2
84.9618055555556	0
84.9652777777778	0
84.96875	0
84.9722222222222	0
84.9756944444444	0
84.9791666666667	0
84.9826388888889	0
84.9861111111111	0
84.9895833333333	0
84.9930555555556	0
84.9965277777778	0
85	0
85.0034722222222	0
85.0069444444444	0
85.0104166666667	0
85.0138888888889	0
85.0173611111111	0
85.0208333333333	0
85.0243055555556	0
85.0277777777778	0
85.03125	0
85.0347222222222	0
85.0381944444444	0
85.0416666666667	0
85.0451388888889	0
85.0486111111111	0
85.0520833333333	0
85.0555555555556	0
85.0590277777778	0
85.0625	0
85.0659722222222	0.6
85.0694444444444	1.4
85.0729166666667	2.4
85.0763888888889	1
85.0798611111111	0.4
85.0833333333333	0.2
85.0868055555556	0.4
85.0902777777778	0.4
85.09375	0.2
85.0972222222222	0.2
85.1006944444444	0.2
85.1041666666667	0
85.1076388888889	0
85.1111111111111	0.2
85.1145833333333	0
85.1180555555556	0
85.1215277777778	0
85.125	0
85.1284722222222	0
85.1319444444444	0.2
85.1354166666667	0
85.1388888888889	0
85.1423611111111	0.2
85.1458333333333	0
85.1493055555556	0
85.1527777777778	0
85.15625	0
85.1597222222222	0
85.1631944444444	0
85.1666666666667	0
85.1701388888889	0
85.1736111111111	0
85.1770833333333	0
85.1805555555556	0
85.1840277777778	0
85.1875	0
85.1909722222222	0
85.1944444444444	0
85.1979166666667	0
85.2013888888889	0
85.2048611111111	0
85.2083333333333	0
85.2118055555556	0
85.2152777777778	0
85.21875	0
85.2222222222222	0
85.2256944444444	0
85.2291666666667	0
85.2326388888889	0
85.2361111111111	0
85.2395833333333	0
85.2430555555556	0
85.2465277777778	0
85.25	0
85.2534722222222	0
85.2569444444444	0
85.2604166666667	0
85.2638888888889	0
85.2673611111111	0
85.2708333333333	0
85.2743055555556	0
85.2777777777778	0
85.28125	0
85.2847222222222	0
85.2881944444444	0
85.2916666666667	0
85.2951388888889	0
85.2986111111111	0
85.3020833333333	0
85.3055555555556	0
85.3090277777778	0
85.3125	0
85.3159722222222	0
85.3194444444444	0
85.3229166666667	0
85.3263888888889	0
85.3298611111111	0
85.3333333333333	0
85.3368055555556	0
85.3402777777778	0
85.34375	0
85.3472222222222	0
85.3506944444444	0
85.3541666666667	0
85.3576388888889	0
85.3611111111111	0
85.3645833333333	0
85.3680555555556	0
85.3715277777778	0
85.375	0
85.3784722222222	0
85.3819444444444	0
85.3854166666667	0
85.3888888888889	0
85.3923611111111	0
85.3958333333333	0
85.3993055555556	0
85.4027777777778	0
85.40625	0
85.4097222222222	0
85.4131944444444	0
85.4166666666667	0
85.4201388888889	0
85.4236111111111	0
85.4270833333333	0
85.4305555555556	0
85.4340277777778	0
85.4375	0
85.4409722222222	0
85.4444444444444	0
85.4479166666667	0
85.4513888888889	0
85.4548611111111	0
85.4583333333333	0
85.4618055555556	0
85.4652777777778	0
85.46875	0
85.4722222222222	0
85.4756944444444	0
85.4791666666667	0
85.4826388888889	0
85.4861111111111	0
85.4895833333333	0
85.4930555555556	0
85.4965277777778	0
85.5	0
85.5034722222222	0
85.5069444444444	0
85.5104166666667	0
85.5138888888889	0
85.5173611111111	0
85.5208333333333	0
85.5243055555556	0
85.5277777777778	0
85.53125	0
85.5347222222222	0
85.5381944444444	0
85.5416666666667	0
85.5451388888889	0
85.5486111111111	0
85.5520833333333	0
85.5555555555556	0
85.5590277777778	0
85.5625	0
85.5659722222222	0
85.5694444444444	0
85.5729166666667	0
85.5763888888889	0
85.5798611111111	0
85.5833333333333	0
85.5868055555556	0
85.5902777777778	0
85.59375	0
85.5972222222222	0
85.6006944444444	0
85.6041666666667	0
85.6076388888889	0
85.6111111111111	0
85.6145833333333	0
85.6180555555556	0
85.6215277777778	0
85.625	0
85.6284722222222	0
85.6319444444444	0
85.6354166666667	0
85.6388888888889	0
85.6423611111111	0
85.6458333333333	0
85.6493055555556	0
85.6527777777778	0
85.65625	0
85.6597222222222	0
85.6631944444444	0.2
85.6666666666667	0
85.6701388888889	0
85.6736111111111	0
85.6770833333333	0
85.6805555555556	0
85.6840277777778	0
85.6875	0
85.6909722222222	0
85.6944444444444	0
85.6979166666667	0
85.7013888888889	0
85.7048611111111	0
85.7083333333333	0
85.7118055555556	0.2
85.7152777777778	0
85.71875	0
85.7222222222222	0
85.7256944444444	0
85.7291666666667	0.2
85.7326388888889	0
85.7361111111111	0
85.7395833333333	0
85.7430555555556	0
85.7465277777778	0
85.75	0
85.7534722222222	0
85.7569444444444	0
85.7604166666667	0
85.7638888888889	0
85.7673611111111	0
85.7708333333333	0
85.7743055555556	0
85.7777777777778	0
85.78125	0
85.7847222222222	0
85.7881944444444	0
85.7916666666667	0
85.7951388888889	0
85.7986111111111	0
85.8020833333333	0
85.8055555555556	0
85.8090277777778	0
85.8125	0
85.8159722222222	0
85.8194444444444	0
85.8229166666667	0
85.8263888888889	0
85.8298611111111	0
85.8333333333333	0
85.8368055555556	0
85.8402777777778	0
85.84375	0
85.8472222222222	0
85.8506944444444	0
85.8541666666667	0
85.8576388888889	0
85.8611111111111	0
85.8645833333333	0
85.8680555555556	0
85.8715277777778	0
85.875	0
85.8784722222222	0
85.8819444444444	0
85.8854166666667	0
85.8888888888889	0
85.8923611111111	0
85.8958333333333	0
85.8993055555556	0
85.9027777777778	0
85.90625	0
85.9097222222222	0
85.9131944444444	0
85.9166666666667	0
85.9201388888889	0
85.9236111111111	0
85.9270833333333	0
85.9305555555556	0
85.9340277777778	0
85.9375	0
85.9409722222222	0
85.9444444444444	0
85.9479166666667	0
85.9513888888889	0
85.9548611111111	0
85.9583333333333	0
85.9618055555556	0
85.9652777777778	0
85.96875	0
85.9722222222222	0
85.9756944444444	0
85.9791666666667	0
85.9826388888889	0
85.9861111111111	0
85.9895833333333	0
85.9930555555556	0
85.9965277777778	0
86	0
86.0034722222222	0
86.0069444444444	0
86.0104166666667	0
86.0138888888889	0
86.0173611111111	0
86.0208333333333	0
86.0243055555556	0
86.0277777777778	0
86.03125	0
86.0347222222222	0
86.0381944444444	0
86.0416666666667	0
86.0451388888889	0
86.0486111111111	0
86.0520833333333	0
86.0555555555556	0
86.0590277777778	0
86.0625	0
86.0659722222222	0
86.0694444444444	0
86.0729166666667	0
86.0763888888889	0
86.0798611111111	0
86.0833333333333	0
86.0868055555556	0
86.0902777777778	0
86.09375	0
86.0972222222222	0
86.1006944444444	0
86.1041666666667	0
86.1076388888889	0
86.1111111111111	0
86.1145833333333	0
86.1180555555556	0
86.1215277777778	0
86.125	0
86.1284722222222	0
86.1319444444444	0
86.1354166666667	0
86.1388888888889	0
86.1423611111111	0
86.1458333333333	0
86.1493055555556	0
86.1527777777778	0
86.15625	0
86.1597222222222	0
86.1631944444444	0
86.1666666666667	0
86.1701388888889	0
86.1736111111111	0
86.1770833333333	0.2
86.1805555555556	0
86.1840277777778	0.2
86.1875	0.2
86.1909722222222	0
86.1944444444444	0
86.1979166666667	0
86.2013888888889	0
86.2048611111111	0
86.2083333333333	0
86.2118055555556	0
86.2152777777778	0
86.21875	0
86.2222222222222	0
86.2256944444444	0
86.2291666666667	0
86.2326388888889	0
86.2361111111111	0
86.2395833333333	0
86.2430555555556	0
86.2465277777778	0
86.25	0
86.2534722222222	0
86.2569444444444	0
86.2604166666667	0
86.2638888888889	0
86.2673611111111	0.4
86.2708333333333	0.2
86.2743055555556	0.2
86.2777777777778	0
86.28125	0
86.2847222222222	0
86.2881944444444	0
86.2916666666667	0
86.2951388888889	0
86.2986111111111	0
86.3020833333333	0
86.3055555555556	0
86.3090277777778	0
86.3125	0
86.3159722222222	0
86.3194444444444	0
86.3229166666667	0
86.3263888888889	0
86.3298611111111	0
86.3333333333333	0
86.3368055555556	0
86.3402777777778	0
86.34375	0
86.3472222222222	0
86.3506944444444	0
86.3541666666667	0
86.3576388888889	0
86.3611111111111	0
86.3645833333333	0
86.3680555555556	0
86.3715277777778	0
86.375	0
86.3784722222222	0
86.3819444444444	0
86.3854166666667	0
86.3888888888889	0
86.3923611111111	0
86.3958333333333	0
86.3993055555556	0
86.4027777777778	0
86.40625	0
86.4097222222222	0
86.4131944444444	0
86.4166666666667	0
86.4201388888889	0
86.4236111111111	0
86.4270833333333	0
86.4305555555556	0
86.4340277777778	0
86.4375	0
86.4409722222222	0
86.4444444444444	0.2
86.4479166666667	0
86.4513888888889	0
86.4548611111111	0
86.4583333333333	0
86.4618055555556	0
86.4652777777778	0
86.46875	0
86.4722222222222	0
86.4756944444444	0
86.4791666666667	0
86.4826388888889	0
86.4861111111111	0
86.4895833333333	0
86.4930555555556	0
86.4965277777778	0
86.5	0.2
86.5034722222222	0
86.5069444444444	0
86.5104166666667	0
86.5138888888889	0
86.5173611111111	0
86.5208333333333	0
86.5243055555556	0
86.5277777777778	0
86.53125	0
86.5347222222222	0
86.5381944444444	0
86.5416666666667	0
86.5451388888889	0
86.5486111111111	0
86.5520833333333	0
86.5555555555556	0
86.5590277777778	0
86.5625	0
86.5659722222222	0
86.5694444444444	0
86.5729166666667	0
86.5763888888889	0
86.5798611111111	0
86.5833333333333	0
86.5868055555556	0
86.5902777777778	0
86.59375	0
86.5972222222222	0
86.6006944444444	0
86.6041666666667	0
86.6076388888889	0
86.6111111111111	0
86.6145833333333	0
86.6180555555556	0
86.6215277777778	0
86.625	0
86.6284722222222	0
86.6319444444444	0
86.6354166666667	0
86.6388888888889	0
86.6423611111111	0
86.6458333333333	0
86.6493055555556	0
86.6527777777778	0
86.65625	0
86.6597222222222	0
86.6631944444444	0
86.6666666666667	0
86.6701388888889	0
86.6736111111111	0
86.6770833333333	0
86.6805555555556	0
86.6840277777778	0
86.6875	0
86.6909722222222	0
86.6944444444444	0
86.6979166666667	0
86.7013888888889	0
86.7048611111111	0
86.7083333333333	0
86.7118055555556	0
86.7152777777778	0
86.71875	0
86.7222222222222	0
86.7256944444444	0
86.7291666666667	0
86.7326388888889	0
86.7361111111111	0
86.7395833333333	0
86.7430555555556	0
86.7465277777778	0
86.75	0
86.7534722222222	0
86.7569444444444	0
86.7604166666667	0
86.7638888888889	0
86.7673611111111	0
86.7708333333333	0
86.7743055555556	0
86.7777777777778	0
86.78125	0
86.7847222222222	0
86.7881944444444	0
86.7916666666667	0
86.7951388888889	0
86.7986111111111	0
86.8020833333333	0
86.8055555555556	0
86.8090277777778	0
86.8125	0
86.8159722222222	0
86.8194444444444	0
86.8229166666667	0
86.8263888888889	0
86.8298611111111	0
86.8333333333333	0
86.8368055555556	0
86.8402777777778	0
86.84375	0
86.8472222222222	0
86.8506944444444	0
86.8541666666667	0
86.8576388888889	0
86.8611111111111	0
86.8645833333333	0
86.8680555555556	0
86.8715277777778	0
86.875	0
86.8784722222222	0
86.8819444444444	0
86.8854166666667	0
86.8888888888889	0
86.8923611111111	0
86.8958333333333	0
86.8993055555556	0
86.9027777777778	0
86.90625	0
86.9097222222222	0
86.9131944444444	0
86.9166666666667	0
86.9201388888889	0
86.9236111111111	0
86.9270833333333	0
86.9305555555556	0
86.9340277777778	0
86.9375	0
86.9409722222222	0
86.9444444444444	0
86.9479166666667	0
86.9513888888889	0
86.9548611111111	0
86.9583333333333	0
86.9618055555556	0
86.9652777777778	0
86.96875	0
86.9722222222222	0
86.9756944444444	0
86.9791666666667	0
86.9826388888889	0
86.9861111111111	0
86.9895833333333	0
86.9930555555556	0
86.9965277777778	0
87	0
87.0034722222222	0
87.0069444444444	0
87.0104166666667	0
87.0138888888889	0
87.0173611111111	0
87.0208333333333	0
87.0243055555556	0
87.0277777777778	0
87.03125	0
87.0347222222222	0
87.0381944444444	0
87.0416666666667	0
87.0451388888889	0
87.0486111111111	0
87.0520833333333	0
87.0555555555556	0
87.0590277777778	0
87.0625	0
87.0659722222222	0
87.0694444444444	0
87.0729166666667	0
87.0763888888889	0
87.0798611111111	0
87.0833333333333	0
87.0868055555556	0
87.0902777777778	0
87.09375	0
87.0972222222222	0
87.1006944444444	0
87.1041666666667	0
87.1076388888889	0
87.1111111111111	0
87.1145833333333	0
87.1180555555556	0
87.1215277777778	0
87.125	0
87.1284722222222	0
87.1319444444444	0
87.1354166666667	0
87.1388888888889	0
87.1423611111111	0
87.1458333333333	0
87.1493055555556	0
87.1527777777778	0
87.15625	0
87.1597222222222	0
87.1631944444444	0
87.1666666666667	0
87.1701388888889	0
87.1736111111111	0
87.1770833333333	0
87.1805555555556	0
87.1840277777778	0
87.1875	0
87.1909722222222	0
87.1944444444444	0
87.1979166666667	0
87.2013888888889	0
87.2048611111111	0
87.2083333333333	0
87.2118055555556	0
87.2152777777778	0
87.21875	0
87.2222222222222	0
87.2256944444444	0
87.2291666666667	0
87.2326388888889	0
87.2361111111111	0
87.2395833333333	0
87.2430555555556	0
87.2465277777778	0
87.25	0
87.2534722222222	0
87.2569444444444	0
87.2604166666667	0
87.2638888888889	0
87.2673611111111	0
87.2708333333333	0
87.2743055555556	0
87.2777777777778	0
87.28125	0
87.2847222222222	0
87.2881944444444	0
87.2916666666667	0
87.2951388888889	0
87.2986111111111	0
87.3020833333333	0
87.3055555555556	0
87.3090277777778	0
87.3125	0
87.3159722222222	0
87.3194444444444	0
87.3229166666667	0
87.3263888888889	0
87.3298611111111	0
87.3333333333333	0
87.3368055555556	0
87.3402777777778	0
87.34375	0
87.3472222222222	0
87.3506944444444	0
87.3541666666667	0
87.3576388888889	0
87.3611111111111	0
87.3645833333333	0
87.3680555555556	0
87.3715277777778	0
87.375	0
87.3784722222222	0
87.3819444444444	0
87.3854166666667	0
87.3888888888889	0
87.3923611111111	0
87.3958333333333	0
87.3993055555556	0
87.4027777777778	0
87.40625	0
87.4097222222222	0
87.4131944444444	0
87.4166666666667	0
87.4201388888889	0
87.4236111111111	0
87.4270833333333	0
87.4305555555556	0
87.4340277777778	0
87.4375	0
87.4409722222222	0
87.4444444444444	0
87.4479166666667	0
87.4513888888889	0
87.4548611111111	0
87.4583333333333	0
87.4618055555556	0
87.4652777777778	0
87.46875	0
87.4722222222222	0
87.4756944444444	0
87.4791666666667	0
87.4826388888889	0
87.4861111111111	0
87.4895833333333	0
87.4930555555556	0
87.4965277777778	0
87.5	0
87.5034722222222	0
87.5069444444444	0
87.5104166666667	0
87.5138888888889	0
87.5173611111111	0
87.5208333333333	0
87.5243055555556	0
87.5277777777778	0
87.53125	0
87.5347222222222	0
87.5381944444444	0
87.5416666666667	0
87.5451388888889	0
87.5486111111111	0
87.5520833333333	0
87.5555555555556	0
87.5590277777778	0
87.5625	0
87.5659722222222	0
87.5694444444444	0
87.5729166666667	0
87.5763888888889	0
87.5798611111111	0
87.5833333333333	0
87.5868055555556	0
87.5902777777778	0
87.59375	0
87.5972222222222	0
87.6006944444444	0
87.6041666666667	0
87.6076388888889	0
87.6111111111111	0
87.6145833333333	0
87.6180555555556	0
87.6215277777778	0
87.625	0
87.6284722222222	0
87.6319444444444	0
87.6354166666667	0
87.6388888888889	0
87.6423611111111	0
87.6458333333333	0
87.6493055555556	0
87.6527777777778	0
87.65625	0
87.6597222222222	0
87.6631944444444	0
87.6666666666667	0
87.6701388888889	0
87.6736111111111	0
87.6770833333333	0
87.6805555555556	0
87.6840277777778	0
87.6875	0
87.6909722222222	0
87.6944444444444	0
87.6979166666667	0
87.7013888888889	0
87.7048611111111	0
87.7083333333333	0
87.7118055555556	0
87.7152777777778	0
87.71875	0
87.7222222222222	0
87.7256944444444	0
87.7291666666667	0
87.7326388888889	0
87.7361111111111	0
87.7395833333333	0
87.7430555555556	0
87.7465277777778	0
87.75	0
87.7534722222222	0
87.7569444444444	0
87.7604166666667	0
87.7638888888889	0
87.7673611111111	0
87.7708333333333	0
87.7743055555556	0
87.7777777777778	0
87.78125	0
87.7847222222222	0
87.7881944444444	0
87.7916666666667	0
87.7951388888889	0
87.7986111111111	0
87.8020833333333	0
87.8055555555556	0
87.8090277777778	0
87.8125	0
87.8159722222222	0
87.8194444444444	0
87.8229166666667	0
87.8263888888889	0
87.8298611111111	0
87.8333333333333	0
87.8368055555556	0
87.8402777777778	0
87.84375	0
87.8472222222222	0
87.8506944444444	0
87.8541666666667	0
87.8576388888889	0
87.8611111111111	0
87.8645833333333	0
87.8680555555556	0
87.8715277777778	0
87.875	0
87.8784722222222	0
87.8819444444444	0
87.8854166666667	0
87.8888888888889	0
87.8923611111111	0
87.8958333333333	0
87.8993055555556	0
87.9027777777778	0
87.90625	0
87.9097222222222	0
87.9131944444444	0
87.9166666666667	0
87.9201388888889	0
87.9236111111111	0
87.9270833333333	0
87.9305555555556	0
87.9340277777778	0
87.9375	0
87.9409722222222	0
87.9444444444444	0
87.9479166666667	0
87.9513888888889	0
87.9548611111111	0
87.9583333333333	0
87.9618055555556	0
87.9652777777778	0
87.96875	0
87.9722222222222	0
87.9756944444444	0
87.9791666666667	0
87.9826388888889	0
87.9861111111111	0
87.9895833333333	0
87.9930555555556	0
87.9965277777778	0
88	0
88.0034722222222	0
88.0069444444444	0
88.0104166666667	0
88.0138888888889	0
88.0173611111111	0
88.0208333333333	0
88.0243055555556	0
88.0277777777778	0
88.03125	0
88.0347222222222	0
88.0381944444444	0
88.0416666666667	0
88.0451388888889	0
88.0486111111111	0
88.0520833333333	0
88.0555555555556	0
88.0590277777778	0
88.0625	0
88.0659722222222	0
88.0694444444444	0
88.0729166666667	0
88.0763888888889	0
88.0798611111111	0
88.0833333333333	0
88.0868055555556	0
88.0902777777778	0
88.09375	0
88.0972222222222	0
88.1006944444444	0
88.1041666666667	0
88.1076388888889	0
88.1111111111111	0
88.1145833333333	0
88.1180555555556	0
88.1215277777778	0
88.125	0
88.1284722222222	0
88.1319444444444	0
88.1354166666667	0
88.1388888888889	0
88.1423611111111	0
88.1458333333333	0
88.1493055555556	0
88.1527777777778	0
88.15625	0
88.1597222222222	0
88.1631944444444	0
88.1666666666667	0
88.1701388888889	0
88.1736111111111	0
88.1770833333333	0
88.1805555555556	0
88.1840277777778	0
88.1875	0
88.1909722222222	0
88.1944444444444	0
88.1979166666667	0
88.2013888888889	0
88.2048611111111	0
88.2083333333333	0
88.2118055555556	0
88.2152777777778	0
88.21875	0
88.2222222222222	0
88.2256944444444	0
88.2291666666667	0
88.2326388888889	0
88.2361111111111	0
88.2395833333333	0
88.2430555555556	0
88.2465277777778	0
88.25	0
88.2534722222222	0
88.2569444444444	0
88.2604166666667	0
88.2638888888889	0
88.2673611111111	0
88.2708333333333	0
88.2743055555556	0.2
88.2777777777778	0
88.28125	0
88.2847222222222	0
88.2881944444444	0
88.2916666666667	0
88.2951388888889	0
88.2986111111111	0
88.3020833333333	0
88.3055555555556	0
88.3090277777778	0
88.3125	0
88.3159722222222	0
88.3194444444444	0
88.3229166666667	0
88.3263888888889	0.2
88.3298611111111	0
88.3333333333333	0
88.3368055555556	0
88.3402777777778	0
88.34375	0
88.3472222222222	0
88.3506944444444	0
88.3541666666667	0
88.3576388888889	0
88.3611111111111	0
88.3645833333333	0
88.3680555555556	0
88.3715277777778	0
88.375	0
88.3784722222222	0
88.3819444444444	0
88.3854166666667	0
88.3888888888889	0.2
88.3923611111111	0
88.3958333333333	0
88.3993055555556	0
88.4027777777778	0
88.40625	0
88.4097222222222	0
88.4131944444444	0
88.4166666666667	0
88.4201388888889	0
88.4236111111111	0
88.4270833333333	0
88.4305555555556	0
88.4340277777778	0
88.4375	0
88.4409722222222	0
88.4444444444444	0
88.4479166666667	0
88.4513888888889	0
88.4548611111111	0
88.4583333333333	0
88.4618055555556	0
88.4652777777778	0
88.46875	0
88.4722222222222	0
88.4756944444444	0
88.4791666666667	0
88.4826388888889	0
88.4861111111111	0
88.4895833333333	0
88.4930555555556	0
88.4965277777778	0
88.5	0
88.5034722222222	0
88.5069444444444	0
88.5104166666667	0
88.5138888888889	0
88.5173611111111	0
88.5208333333333	0
88.5243055555556	0
88.5277777777778	0
88.53125	0
88.5347222222222	0
88.5381944444444	0
88.5416666666667	0
88.5451388888889	0
88.5486111111111	0
88.5520833333333	0
88.5555555555556	0
88.5590277777778	0
88.5625	0
88.5659722222222	0
88.5694444444444	0
88.5729166666667	0
88.5763888888889	0
88.5798611111111	0
88.5833333333333	0
88.5868055555556	0
88.5902777777778	0
88.59375	0
88.5972222222222	0
88.6006944444444	0
88.6041666666667	0
88.6076388888889	0
88.6111111111111	0
88.6145833333333	0
88.6180555555556	0
88.6215277777778	0
88.625	0
88.6284722222222	0
88.6319444444444	0
88.6354166666667	0
88.6388888888889	0
88.6423611111111	0
88.6458333333333	0
88.6493055555556	0
88.6527777777778	0
88.65625	0
88.6597222222222	0
88.6631944444444	0
88.6666666666667	0
88.6701388888889	0
88.6736111111111	0
88.6770833333333	0
88.6805555555556	0
88.6840277777778	0
88.6875	0
88.6909722222222	0
88.6944444444444	0
88.6979166666667	0
88.7013888888889	0
88.7048611111111	0
88.7083333333333	0
88.7118055555556	0
88.7152777777778	0
88.71875	0
88.7222222222222	0
88.7256944444444	0
88.7291666666667	0
88.7326388888889	0
88.7361111111111	0
88.7395833333333	0
88.7430555555556	0
88.7465277777778	0
88.75	0
88.7534722222222	0
88.7569444444444	0
88.7604166666667	0
88.7638888888889	0
88.7673611111111	0
88.7708333333333	0
88.7743055555556	0
88.7777777777778	0
88.78125	0
88.7847222222222	0
88.7881944444444	0
88.7916666666667	0
88.7951388888889	0
88.7986111111111	0
88.8020833333333	0
88.8055555555556	0
88.8090277777778	0
88.8125	0
88.8159722222222	0
88.8194444444444	0
88.8229166666667	0
88.8263888888889	0
88.8298611111111	0
88.8333333333333	0
88.8368055555556	0
88.8402777777778	0
88.84375	0
88.8472222222222	0
88.8506944444444	0
88.8541666666667	0
88.8576388888889	0
88.8611111111111	0
88.8645833333333	0
88.8680555555556	0
88.8715277777778	0
88.875	0
88.8784722222222	0
88.8819444444444	0
88.8854166666667	0
88.8888888888889	0
88.8923611111111	0
88.8958333333333	0
88.8993055555556	0
88.9027777777778	0
88.90625	0
88.9097222222222	0
88.9131944444444	0
88.9166666666667	0
88.9201388888889	0
88.9236111111111	0
88.9270833333333	0
88.9305555555556	0
88.9340277777778	0
88.9375	0
88.9409722222222	0
88.9444444444444	0
88.9479166666667	0
88.9513888888889	0
88.9548611111111	0
88.9583333333333	0
88.9618055555556	0
88.9652777777778	0
88.96875	0
88.9722222222222	0
88.9756944444444	0
88.9791666666667	0
88.9826388888889	0
88.9861111111111	0
88.9895833333333	0
88.9930555555556	0
88.9965277777778	0
89	0
89.0034722222222	0
89.0069444444444	0
89.0104166666667	0
89.0138888888889	0
89.0173611111111	0
89.0208333333333	0
89.0243055555556	0
89.0277777777778	0
89.03125	0
89.0347222222222	0
89.0381944444444	0
89.0416666666667	0
89.0451388888889	0
89.0486111111111	0
89.0520833333333	0
89.0555555555556	0
89.0590277777778	0
89.0625	0
89.0659722222222	0
89.0694444444444	0
89.0729166666667	0
89.0763888888889	0
89.0798611111111	0
89.0833333333333	0
89.0868055555556	0
89.0902777777778	0
89.09375	0
89.0972222222222	0
89.1006944444444	0
89.1041666666667	0
89.1076388888889	0
89.1111111111111	0
89.1145833333333	0
89.1180555555556	0
89.1215277777778	0
89.125	0
89.1284722222222	0
89.1319444444444	0
89.1354166666667	0
89.1388888888889	0
89.1423611111111	0
89.1458333333333	0
89.1493055555556	0
89.1527777777778	0
89.15625	0
89.1597222222222	0
89.1631944444444	0
89.1666666666667	0
89.1701388888889	0
89.1736111111111	0
89.1770833333333	0
89.1805555555556	0
89.1840277777778	0
89.1875	0
89.1909722222222	0
89.1944444444444	0
89.1979166666667	0
89.2013888888889	0
89.2048611111111	0
89.2083333333333	0
89.2118055555556	0
89.2152777777778	0
89.21875	0
89.2222222222222	0
89.2256944444444	0
89.2291666666667	0
89.2326388888889	0
89.2361111111111	0
89.2395833333333	0
89.2430555555556	0
89.2465277777778	0
89.25	0
89.2534722222222	0
89.2569444444444	0
89.2604166666667	0
89.2638888888889	0
89.2673611111111	0
89.2708333333333	0
89.2743055555556	0
89.2777777777778	0
89.28125	0
89.2847222222222	0
89.2881944444444	0
89.2916666666667	0
89.2951388888889	0
89.2986111111111	0
89.3020833333333	0
89.3055555555556	0
89.3090277777778	0
89.3125	0
89.3159722222222	0
89.3194444444444	0
89.3229166666667	0
89.3263888888889	0
89.3298611111111	0
89.3333333333333	0
89.3368055555556	0
89.3402777777778	0
89.34375	0
89.3472222222222	0
89.3506944444444	0
89.3541666666667	0
89.3576388888889	0
89.3611111111111	0
89.3645833333333	0
89.3680555555556	0
89.3715277777778	0
89.375	0
89.3784722222222	0
89.3819444444444	0
89.3854166666667	0
89.3888888888889	0
89.3923611111111	0
89.3958333333333	0
89.3993055555556	0
89.4027777777778	0
89.40625	0
89.4097222222222	0
89.4131944444444	0
89.4166666666667	0
89.4201388888889	0
89.4236111111111	0
89.4270833333333	0
89.4305555555556	0
89.4340277777778	0
89.4375	0
89.4409722222222	0
89.4444444444444	0
89.4479166666667	0
89.4513888888889	0
89.4548611111111	0
89.4583333333333	0
89.4618055555556	0
89.4652777777778	0
89.46875	0
89.4722222222222	0
89.4756944444444	0
89.4791666666667	0
89.4826388888889	0
89.4861111111111	0
89.4895833333333	0
89.4930555555556	0
89.4965277777778	0
89.5	0
89.5034722222222	0
89.5069444444444	0
89.5104166666667	0
89.5138888888889	0
89.5173611111111	0
89.5208333333333	0
89.5243055555556	0
89.5277777777778	0
89.53125	0
89.5347222222222	0
89.5381944444444	0
89.5416666666667	0
89.5451388888889	0
89.5486111111111	0
89.5520833333333	0
89.5555555555556	0
89.5590277777778	0
89.5625	0
89.5659722222222	0
89.5694444444444	0
89.5729166666667	0
89.5763888888889	0
89.5798611111111	0
89.5833333333333	0
89.5868055555556	0
89.5902777777778	0
89.59375	0
89.5972222222222	0
89.6006944444444	0
89.6041666666667	0
89.6076388888889	0
89.6111111111111	0
89.6145833333333	0
89.6180555555556	0
89.6215277777778	0
89.625	0
89.6284722222222	0
89.6319444444444	0
89.6354166666667	0
89.6388888888889	0
89.6423611111111	0
89.6458333333333	0
89.6493055555556	0
89.6527777777778	0
89.65625	0
89.6597222222222	0
89.6631944444444	0
89.6666666666667	0
89.6701388888889	0
89.6736111111111	0
89.6770833333333	0
89.6805555555556	0
89.6840277777778	0
89.6875	0
89.6909722222222	0
89.6944444444444	0
89.6979166666667	0
89.7013888888889	0
89.7048611111111	0
89.7083333333333	0
89.7118055555556	0
89.7152777777778	0
89.71875	0
89.7222222222222	0
89.7256944444444	0
89.7291666666667	0
89.7326388888889	0
89.7361111111111	0
89.7395833333333	0
89.7430555555556	0
89.7465277777778	0
89.75	0
89.7534722222222	0
89.7569444444444	0
89.7604166666667	0
89.7638888888889	0
89.7673611111111	0
89.7708333333333	0
89.7743055555556	0
89.7777777777778	0
89.78125	0
89.7847222222222	0
89.7881944444444	0
89.7916666666667	0
89.7951388888889	0
89.7986111111111	0
89.8020833333333	0
89.8055555555556	0
89.8090277777778	0
89.8125	0
89.8159722222222	0
89.8194444444444	0
89.8229166666667	0
89.8263888888889	0
89.8298611111111	0
89.8333333333333	0
89.8368055555556	0
89.8402777777778	0
89.84375	0
89.8472222222222	0
89.8506944444444	0
89.8541666666667	0
89.8576388888889	0
89.8611111111111	0
89.8645833333333	0
89.8680555555556	0
89.8715277777778	0
89.875	0
89.8784722222222	0
89.8819444444444	0
89.8854166666667	0
89.8888888888889	0
89.8923611111111	0
89.8958333333333	0
89.8993055555556	0
89.9027777777778	0
89.90625	0
89.9097222222222	0
89.9131944444444	0
89.9166666666667	0
89.9201388888889	0
89.9236111111111	0
89.9270833333333	0
89.9305555555556	0
89.9340277777778	0
89.9375	0
89.9409722222222	0
89.9444444444444	0
89.9479166666667	0
89.9513888888889	0
89.9548611111111	0
89.9583333333333	0
89.9618055555556	0
89.9652777777778	0
89.96875	0
89.9722222222222	0
89.9756944444444	0
89.9791666666667	0
89.9826388888889	0
89.9861111111111	0
89.9895833333333	0
89.9930555555556	0
89.9965277777778	0
90	0
90.0034722222222	0
90.0069444444444	0
90.0104166666667	0
90.0138888888889	0
90.0173611111111	0
90.0208333333333	0
90.0243055555556	0
90.0277777777778	0
90.03125	0
90.0347222222222	0
90.0381944444444	0
90.0416666666667	0
90.0451388888889	0
90.0486111111111	0
90.0520833333333	0
90.0555555555556	0
90.0590277777778	0
90.0625	0
90.0659722222222	0
90.0694444444444	0
90.0729166666667	0
90.0763888888889	0
90.0798611111111	0
90.0833333333333	0
90.0868055555556	0
90.0902777777778	0
90.09375	0
90.0972222222222	0
90.1006944444444	0
90.1041666666667	0
90.1076388888889	0
90.1111111111111	0
90.1145833333333	0
90.1180555555556	0
90.1215277777778	0
90.125	0
90.1284722222222	0
90.1319444444444	0
90.1354166666667	0
90.1388888888889	0
90.1423611111111	0
90.1458333333333	0
90.1493055555556	0
90.1527777777778	0
90.15625	0
90.1597222222222	0
90.1631944444444	0
90.1666666666667	0
90.1701388888889	0
90.1736111111111	0
90.1770833333333	0
90.1805555555556	0
90.1840277777778	0
90.1875	0
90.1909722222222	0
90.1944444444444	0
90.1979166666667	0
90.2013888888889	0
90.2048611111111	0
90.2083333333333	0
90.2118055555556	0
90.2152777777778	0
90.21875	0
90.2222222222222	0
90.2256944444444	0
90.2291666666667	0
90.2326388888889	0
90.2361111111111	0
90.2395833333333	0
90.2430555555556	0
90.2465277777778	0
90.25	0
90.2534722222222	0
90.2569444444444	0
90.2604166666667	0
90.2638888888889	0
90.2673611111111	0
90.2708333333333	0
90.2743055555556	0
90.2777777777778	0
90.28125	0
90.2847222222222	0
90.2881944444444	0
90.2916666666667	0
90.2951388888889	0
90.2986111111111	0
90.3020833333333	0
90.3055555555556	0
90.3090277777778	0
90.3125	0
90.3159722222222	0
90.3194444444444	0
90.3229166666667	0
90.3263888888889	0
90.3298611111111	0
90.3333333333333	0
90.3368055555556	0
90.3402777777778	0
90.34375	0
90.3472222222222	0
90.3506944444444	0
90.3541666666667	0
90.3576388888889	0
90.3611111111111	0
90.3645833333333	0
90.3680555555556	0
90.3715277777778	0
90.375	0
90.3784722222222	0
90.3819444444444	0
90.3854166666667	0
90.3888888888889	0
90.3923611111111	0
90.3958333333333	0
90.3993055555556	0
90.4027777777778	0
90.40625	0
90.4097222222222	0
90.4131944444444	0
90.4166666666667	0
90.4201388888889	0
90.4236111111111	0
90.4270833333333	0
90.4305555555556	0
90.4340277777778	0
90.4375	0
90.4409722222222	0
90.4444444444444	0
90.4479166666667	0
90.4513888888889	0
90.4548611111111	0
90.4583333333333	0
90.4618055555556	0
90.4652777777778	0
90.46875	0
90.4722222222222	0
90.4756944444444	0
90.4791666666667	0
90.4826388888889	0
90.4861111111111	0
90.4895833333333	0
90.4930555555556	0
90.4965277777778	0
90.5	0
90.5034722222222	0
90.5069444444444	0
90.5104166666667	0
90.5138888888889	0
90.5173611111111	0
90.5208333333333	0
90.5243055555556	0
90.5277777777778	0
90.53125	0
90.5347222222222	0
90.5381944444444	0
90.5416666666667	0
90.5451388888889	0
90.5486111111111	0
90.5520833333333	0
90.5555555555556	0
90.5590277777778	0
90.5625	0
90.5659722222222	0.2
90.5694444444444	0
90.5729166666667	0
90.5763888888889	0
90.5798611111111	0
90.5833333333333	0
90.5868055555556	0
90.5902777777778	0
90.59375	0
90.5972222222222	0
90.6006944444444	0
90.6041666666667	0
90.6076388888889	0
90.6111111111111	0
90.6145833333333	0
90.6180555555556	0
90.6215277777778	0
90.625	0
90.6284722222222	0
90.6319444444444	0
90.6354166666667	0
90.6388888888889	0
90.6423611111111	0
90.6458333333333	0
90.6493055555556	0
90.6527777777778	0
90.65625	0
90.6597222222222	0
90.6631944444444	0
90.6666666666667	0
90.6701388888889	0
90.6736111111111	0
90.6770833333333	0
90.6805555555556	0
90.6840277777778	0
90.6875	0
90.6909722222222	0
90.6944444444444	0
90.6979166666667	0
90.7013888888889	0
90.7048611111111	0
90.7083333333333	0
90.7118055555556	0
90.7152777777778	0
90.71875	0
90.7222222222222	0
90.7256944444444	0
90.7291666666667	0
90.7326388888889	0
90.7361111111111	0
90.7395833333333	0
90.7430555555556	0
90.7465277777778	0
90.75	0
90.7534722222222	0
90.7569444444444	0
90.7604166666667	0
90.7638888888889	0
90.7673611111111	0
90.7708333333333	0
90.7743055555556	0
90.7777777777778	0
90.78125	0
90.7847222222222	0
90.7881944444444	0
90.7916666666667	0
90.7951388888889	0
90.7986111111111	0
90.8020833333333	0
90.8055555555556	0
90.8090277777778	0
90.8125	0
90.8159722222222	0
90.8194444444444	0
90.8229166666667	0
90.8263888888889	0
90.8298611111111	0
90.8333333333333	0
90.8368055555556	0
90.8402777777778	0
90.84375	0
90.8472222222222	0
90.8506944444444	0
90.8541666666667	0
90.8576388888889	0
90.8611111111111	0
90.8645833333333	0
90.8680555555556	0
90.8715277777778	0
90.875	0
90.8784722222222	0
90.8819444444444	0
90.8854166666667	0
90.8888888888889	0
90.8923611111111	0
90.8958333333333	0
90.8993055555556	0
90.9027777777778	0
90.90625	0
90.9097222222222	0
90.9131944444444	0
90.9166666666667	0
90.9201388888889	0
90.9236111111111	0
90.9270833333333	0
90.9305555555556	0
90.9340277777778	0
90.9375	0
90.9409722222222	0
90.9444444444444	0
90.9479166666667	0
90.9513888888889	0
90.9548611111111	0
90.9583333333333	0
90.9618055555556	0
90.9652777777778	0
90.96875	0
90.9722222222222	0
90.9756944444444	0
90.9791666666667	0
90.9826388888889	0
90.9861111111111	0
90.9895833333333	0
90.9930555555556	0
90.9965277777778	0
91	0
91.0034722222222	0
91.0069444444444	0
91.0104166666667	0
91.0138888888889	0
91.0173611111111	0
91.0208333333333	0
91.0243055555556	0
91.0277777777778	0
91.03125	0
91.0347222222222	0
91.0381944444444	0
91.0416666666667	0
91.0451388888889	0
91.0486111111111	0
91.0520833333333	0
91.0555555555556	0
91.0590277777778	0
91.0625	0
91.0659722222222	0
91.0694444444444	0
91.0729166666667	0
91.0763888888889	0
91.0798611111111	0
91.0833333333333	0
91.0868055555556	0
91.0902777777778	0
91.09375	0
91.0972222222222	0
91.1006944444444	0
91.1041666666667	0
91.1076388888889	0
91.1111111111111	0
91.1145833333333	0
91.1180555555556	0
91.1215277777778	0
91.125	0
91.1284722222222	0
91.1319444444444	0
91.1354166666667	0
91.1388888888889	0
91.1423611111111	0
91.1458333333333	0
91.1493055555556	0
91.1527777777778	0
91.15625	0
91.1597222222222	0
91.1631944444444	0
91.1666666666667	0
91.1701388888889	0
91.1736111111111	0
91.1770833333333	0
91.1805555555556	0
91.1840277777778	0
91.1875	0
91.1909722222222	0
91.1944444444444	0
91.1979166666667	0
91.2013888888889	0
91.2048611111111	0
91.2083333333333	0
91.2118055555556	0
91.2152777777778	0
91.21875	0
91.2222222222222	0
91.2256944444444	0
91.2291666666667	0
91.2326388888889	0
91.2361111111111	0
91.2395833333333	0
91.2430555555556	0
91.2465277777778	0
91.25	0
91.2534722222222	0
91.2569444444444	0
91.2604166666667	0
91.2638888888889	0
91.2673611111111	0
91.2708333333333	0
91.2743055555556	0
91.2777777777778	0
91.28125	0
91.2847222222222	0
91.2881944444444	0
91.2916666666667	0
91.2951388888889	0
91.2986111111111	0
91.3020833333333	0
91.3055555555556	0
91.3090277777778	0
91.3125	0
91.3159722222222	0
91.3194444444444	0
91.3229166666667	0
91.3263888888889	0
91.3298611111111	0
91.3333333333333	0
91.3368055555556	0
91.3402777777778	0
91.34375	0
91.3472222222222	0
91.3506944444444	0
91.3541666666667	0
91.3576388888889	0
91.3611111111111	0
91.3645833333333	0
91.3680555555556	0
91.3715277777778	0
91.375	0
91.3784722222222	0
91.3819444444444	0
91.3854166666667	0
91.3888888888889	0
91.3923611111111	0
91.3958333333333	0
91.3993055555556	0
91.4027777777778	0
91.40625	0
91.4097222222222	0
91.4131944444444	0
91.4166666666667	0
91.4201388888889	0
91.4236111111111	0
91.4270833333333	0
91.4305555555556	0
91.4340277777778	0
91.4375	0
91.4409722222222	0
91.4444444444444	0
91.4479166666667	0
91.4513888888889	0
91.4548611111111	0
91.4583333333333	0
91.4618055555556	0
91.4652777777778	0
91.46875	0
91.4722222222222	0
91.4756944444444	0
91.4791666666667	0
91.4826388888889	0
91.4861111111111	0
91.4895833333333	0
91.4930555555556	0
91.4965277777778	0
91.5	0
91.5034722222222	0
91.5069444444444	0
91.5104166666667	0
91.5138888888889	0
91.5173611111111	0
91.5208333333333	0
91.5243055555556	0
91.5277777777778	0
91.53125	0
91.5347222222222	0
91.5381944444444	0
91.5416666666667	0
91.5451388888889	0
91.5486111111111	0
91.5520833333333	0
91.5555555555556	0
91.5590277777778	0
91.5625	0
91.5659722222222	0
91.5694444444444	0
91.5729166666667	0
91.5763888888889	0
91.5798611111111	0
91.5833333333333	0
91.5868055555556	0
91.5902777777778	0
91.59375	0
91.5972222222222	0
91.6006944444444	0
91.6041666666667	0
91.6076388888889	0
91.6111111111111	0
91.6145833333333	0
91.6180555555556	0
91.6215277777778	0
91.625	0
91.6284722222222	0
91.6319444444444	0
91.6354166666667	0
91.6388888888889	0
91.6423611111111	0
91.6458333333333	0
91.6493055555556	0
91.6527777777778	0
91.65625	0
91.6597222222222	0
91.6631944444444	0
91.6666666666667	0
91.6701388888889	0
91.6736111111111	0
91.6770833333333	0
91.6805555555556	0
91.6840277777778	0
91.6875	0
91.6909722222222	0
91.6944444444444	0
91.6979166666667	0
91.7013888888889	0
91.7048611111111	0
91.7083333333333	0
91.7118055555556	0
91.7152777777778	0
91.71875	0
91.7222222222222	0
91.7256944444444	0
91.7291666666667	0
91.7326388888889	0
91.7361111111111	0
91.7395833333333	0
91.7430555555556	0
91.7465277777778	0
91.75	0
91.7534722222222	0
91.7569444444444	0
91.7604166666667	0
91.7638888888889	0
91.7673611111111	0
91.7708333333333	0
91.7743055555556	0
91.7777777777778	0
91.78125	0
91.7847222222222	0
91.7881944444444	0
91.7916666666667	0
91.7951388888889	0
91.7986111111111	0
91.8020833333333	0
91.8055555555556	0
91.8090277777778	0
91.8125	0
91.8159722222222	0
91.8194444444444	0
91.8229166666667	0
91.8263888888889	0
91.8298611111111	0
91.8333333333333	0
91.8368055555556	0
91.8402777777778	0
91.84375	0
91.8472222222222	0
91.8506944444444	0
91.8541666666667	0
91.8576388888889	0
91.8611111111111	0
91.8645833333333	0
91.8680555555556	0
91.8715277777778	0
91.875	0
91.8784722222222	0
91.8819444444444	0
91.8854166666667	0
91.8888888888889	0
91.8923611111111	0
91.8958333333333	0
91.8993055555556	0
91.9027777777778	0
91.90625	0
91.9097222222222	0
91.9131944444444	0
91.9166666666667	0
91.9201388888889	0
91.9236111111111	0
91.9270833333333	0
91.9305555555556	0
91.9340277777778	0
91.9375	0
91.9409722222222	0
91.9444444444444	0
91.9479166666667	0
91.9513888888889	0
91.9548611111111	0
91.9583333333333	0
91.9618055555556	0
91.9652777777778	0
91.96875	0
91.9722222222222	0
91.9756944444444	0
91.9791666666667	0
91.9826388888889	0
91.9861111111111	0
91.9895833333333	0
91.9930555555556	0
91.9965277777778	0
92	0
92.0034722222222	0
92.0069444444444	0
92.0104166666667	0
92.0138888888889	0
92.0173611111111	0
92.0208333333333	0
92.0243055555556	0
92.0277777777778	0
92.03125	0
92.0347222222222	0
92.0381944444444	0
92.0416666666667	0
92.0451388888889	0
92.0486111111111	0
92.0520833333333	0
92.0555555555556	0
92.0590277777778	0
92.0625	0
92.0659722222222	0
92.0694444444444	0
92.0729166666667	0
92.0763888888889	0
92.0798611111111	0
92.0833333333333	0
92.0868055555556	0
92.0902777777778	0
92.09375	0
92.0972222222222	0
92.1006944444444	0
92.1041666666667	0
92.1076388888889	0
92.1111111111111	0
92.1145833333333	0
92.1180555555556	0
92.1215277777778	0
92.125	0
92.1284722222222	0
92.1319444444444	0
92.1354166666667	0
92.1388888888889	0
92.1423611111111	0
92.1458333333333	0
92.1493055555556	0
92.1527777777778	0
92.15625	0
92.1597222222222	0
92.1631944444444	0
92.1666666666667	0
92.1701388888889	0
92.1736111111111	0
92.1770833333333	0
92.1805555555556	0
92.1840277777778	0
92.1875	0
92.1909722222222	0
92.1944444444444	0
92.1979166666667	0
92.2013888888889	0
92.2048611111111	0
92.2083333333333	0
92.2118055555556	0
92.2152777777778	0
92.21875	0
92.2222222222222	0
92.2256944444444	0
92.2291666666667	0
92.2326388888889	0
92.2361111111111	0
92.2395833333333	0
92.2430555555556	0
92.2465277777778	0
92.25	0
92.2534722222222	0
92.2569444444444	0
92.2604166666667	0
92.2638888888889	0
92.2673611111111	0
92.2708333333333	0
92.2743055555556	0
92.2777777777778	0
92.28125	0
92.2847222222222	0
92.2881944444444	0
92.2916666666667	0
92.2951388888889	0
92.2986111111111	0
92.3020833333333	0
92.3055555555556	0
92.3090277777778	0
92.3125	0
92.3159722222222	0
92.3194444444444	0
92.3229166666667	0
92.3263888888889	0
92.3298611111111	0
92.3333333333333	0
92.3368055555556	0
92.3402777777778	0
92.34375	0
92.3472222222222	0
92.3506944444444	0
92.3541666666667	0
92.3576388888889	0
92.3611111111111	0
92.3645833333333	0
92.3680555555556	0
92.3715277777778	0
92.375	0
92.3784722222222	0
92.3819444444444	0
92.3854166666667	0
92.3888888888889	0
92.3923611111111	0
92.3958333333333	0
92.3993055555556	0
92.4027777777778	0
92.40625	0
92.4097222222222	0
92.4131944444444	0
92.4166666666667	0
92.4201388888889	0
92.4236111111111	0
92.4270833333333	0
92.4305555555556	0
92.4340277777778	0
92.4375	0
92.4409722222222	0
92.4444444444444	0
92.4479166666667	0
92.4513888888889	0
92.4548611111111	0
92.4583333333333	0
92.4618055555556	0
92.4652777777778	0
92.46875	0
92.4722222222222	0
92.4756944444444	0
92.4791666666667	0
92.4826388888889	0
92.4861111111111	0
92.4895833333333	0
92.4930555555556	0
92.4965277777778	0
92.5	0
92.5034722222222	0
92.5069444444444	0
92.5104166666667	0
92.5138888888889	0
92.5173611111111	0
92.5208333333333	0
92.5243055555556	0
92.5277777777778	0
92.53125	0
92.5347222222222	0
92.5381944444444	0
92.5416666666667	0
92.5451388888889	0
92.5486111111111	0
92.5520833333333	0
92.5555555555556	0
92.5590277777778	0
92.5625	0
92.5659722222222	0
92.5694444444444	0
92.5729166666667	0
92.5763888888889	0
92.5798611111111	0
92.5833333333333	0
92.5868055555556	0
92.5902777777778	0
92.59375	0
92.5972222222222	0
92.6006944444444	0
92.6041666666667	0
92.6076388888889	0
92.6111111111111	0
92.6145833333333	0
92.6180555555556	0
92.6215277777778	0
92.625	0
92.6284722222222	0
92.6319444444444	0
92.6354166666667	0
92.6388888888889	0
92.6423611111111	0
92.6458333333333	0
92.6493055555556	0
92.6527777777778	0
92.65625	0
92.6597222222222	0
92.6631944444444	0
92.6666666666667	0
92.6701388888889	0
92.6736111111111	0
92.6770833333333	0
92.6805555555556	0
92.6840277777778	0
92.6875	0
92.6909722222222	0
92.6944444444444	0
92.6979166666667	0
92.7013888888889	0
92.7048611111111	0
92.7083333333333	0
92.7118055555556	0
92.7152777777778	0
92.71875	0
92.7222222222222	0
92.7256944444444	0
92.7291666666667	0
92.7326388888889	0
92.7361111111111	0
92.7395833333333	0
92.7430555555556	0
92.7465277777778	0
92.75	0
92.7534722222222	0
92.7569444444444	0
92.7604166666667	0
92.7638888888889	0
92.7673611111111	0
92.7708333333333	0
92.7743055555556	0
92.7777777777778	0
92.78125	0
92.7847222222222	0
92.7881944444444	0
92.7916666666667	0
92.7951388888889	0
92.7986111111111	0
92.8020833333333	0
92.8055555555556	0
92.8090277777778	0
92.8125	0
92.8159722222222	0
92.8194444444444	0
92.8229166666667	0
92.8263888888889	0
92.8298611111111	0
92.8333333333333	0
92.8368055555556	0
92.8402777777778	0
92.84375	0
92.8472222222222	0
92.8506944444444	0
92.8541666666667	0
92.8576388888889	0
92.8611111111111	0
92.8645833333333	0
92.8680555555556	0
92.8715277777778	0
92.875	0
92.8784722222222	0
92.8819444444444	0
92.8854166666667	0
92.8888888888889	0
92.8923611111111	0
92.8958333333333	0
92.8993055555556	0
92.9027777777778	0
92.90625	0
92.9097222222222	0
92.9131944444444	0
92.9166666666667	0
92.9201388888889	0
92.9236111111111	0
92.9270833333333	0
92.9305555555556	0
92.9340277777778	0
92.9375	0
92.9409722222222	0
92.9444444444444	0
92.9479166666667	0
92.9513888888889	0
92.9548611111111	0
92.9583333333333	0
92.9618055555556	0
92.9652777777778	0
92.96875	0
92.9722222222222	0
92.9756944444444	0
92.9791666666667	0
92.9826388888889	0
92.9861111111111	0
92.9895833333333	0
92.9930555555556	0
92.9965277777778	0
93	0
93.0034722222222	0
93.0069444444444	0
93.0104166666667	0
93.0138888888889	0
93.0173611111111	0
93.0208333333333	0
93.0243055555556	0
93.0277777777778	0
93.03125	0
93.0347222222222	0
93.0381944444444	0
93.0416666666667	0
93.0451388888889	0
93.0486111111111	0
93.0520833333333	0
93.0555555555556	0
93.0590277777778	0
93.0625	0
93.0659722222222	0
93.0694444444444	0
93.0729166666667	0
93.0763888888889	0
93.0798611111111	0
93.0833333333333	0
93.0868055555556	0
93.0902777777778	0
93.09375	0
93.0972222222222	0
93.1006944444444	0
93.1041666666667	0
93.1076388888889	0
93.1111111111111	0
93.1145833333333	0
93.1180555555556	0
93.1215277777778	0
93.125	0
93.1284722222222	0
93.1319444444444	0
93.1354166666667	0
93.1388888888889	0
93.1423611111111	0
93.1458333333333	0
93.1493055555556	0
93.1527777777778	0
93.15625	0
93.1597222222222	0
93.1631944444444	0
93.1666666666667	0
93.1701388888889	0
93.1736111111111	0
93.1770833333333	0
93.1805555555556	0
93.1840277777778	0
93.1875	0
93.1909722222222	0
93.1944444444444	0
93.1979166666667	0
93.2013888888889	0
93.2048611111111	0
93.2083333333333	0
93.2118055555556	0
93.2152777777778	0
93.21875	0
93.2222222222222	0
93.2256944444444	0
93.2291666666667	0
93.2326388888889	0
93.2361111111111	0
93.2395833333333	0
93.2430555555556	0
93.2465277777778	0
93.25	0
93.2534722222222	0
93.2569444444444	0
93.2604166666667	0
93.2638888888889	0
93.2673611111111	0
93.2708333333333	0
93.2743055555556	0
93.2777777777778	0
93.28125	0
93.2847222222222	0
93.2881944444444	0
93.2916666666667	0
93.2951388888889	0
93.2986111111111	0
93.3020833333333	0
93.3055555555556	0
93.3090277777778	0
93.3125	0
93.3159722222222	0
93.3194444444444	0
93.3229166666667	0
93.3263888888889	0
93.3298611111111	0
93.3333333333333	0
93.3368055555556	0
93.3402777777778	0
93.34375	0
93.3472222222222	0
93.3506944444444	0
93.3541666666667	0
93.3576388888889	0
93.3611111111111	0
93.3645833333333	0
93.3680555555556	0
93.3715277777778	0
93.375	0
93.3784722222222	0
93.3819444444444	0
93.3854166666667	0
93.3888888888889	0
93.3923611111111	0
93.3958333333333	0
93.3993055555556	0
93.4027777777778	0
93.40625	0
93.4097222222222	0
93.4131944444444	0
93.4166666666667	0
93.4201388888889	0
93.4236111111111	0
93.4270833333333	0
93.4305555555556	0
93.4340277777778	0
93.4375	0
93.4409722222222	0
93.4444444444444	0
93.4479166666667	0
93.4513888888889	0
93.4548611111111	0
93.4583333333333	0
93.4618055555556	0
93.4652777777778	0
93.46875	0
93.4722222222222	0
93.4756944444444	0
93.4791666666667	0
93.4826388888889	0
93.4861111111111	0
93.4895833333333	0
93.4930555555556	0
93.4965277777778	0
93.5	0
93.5034722222222	0
93.5069444444444	0
93.5104166666667	0
93.5138888888889	0
93.5173611111111	0
93.5208333333333	0
93.5243055555556	0
93.5277777777778	0
93.53125	0
93.5347222222222	0
93.5381944444444	0
93.5416666666667	0
93.5451388888889	0
93.5486111111111	0
93.5520833333333	0
93.5555555555556	0
93.5590277777778	0
93.5625	0
93.5659722222222	0
93.5694444444444	0
93.5729166666667	0
93.5763888888889	0
93.5798611111111	0
93.5833333333333	0
93.5868055555556	0
93.5902777777778	0
93.59375	0
93.5972222222222	0
93.6006944444444	0
93.6041666666667	0
93.6076388888889	0
93.6111111111111	0
93.6145833333333	0
93.6180555555556	0
93.6215277777778	0
93.625	0
93.6284722222222	0
93.6319444444444	0
93.6354166666667	0
93.6388888888889	0
93.6423611111111	0
93.6458333333333	0
93.6493055555556	0
93.6527777777778	0
93.65625	0
93.6597222222222	0
93.6631944444444	0
93.6666666666667	0
93.6701388888889	0
93.6736111111111	0
93.6770833333333	0
93.6805555555556	0
93.6840277777778	0
93.6875	0
93.6909722222222	0
93.6944444444444	0
93.6979166666667	0
93.7013888888889	0
93.7048611111111	0
93.7083333333333	0
93.7118055555556	0
93.7152777777778	0
93.71875	0
93.7222222222222	0
93.7256944444444	0
93.7291666666667	0
93.7326388888889	0
93.7361111111111	0
93.7395833333333	0
93.7430555555556	0
93.7465277777778	0
93.75	0
93.7534722222222	0
93.7569444444444	0
93.7604166666667	0
93.7638888888889	0
93.7673611111111	0
93.7708333333333	0
93.7743055555556	0
93.7777777777778	0
93.78125	0
93.7847222222222	0
93.7881944444444	0
93.7916666666667	0
93.7951388888889	0
93.7986111111111	0
93.8020833333333	0
93.8055555555556	0
93.8090277777778	0
93.8125	0
93.8159722222222	0
93.8194444444444	0
93.8229166666667	0
93.8263888888889	0
93.8298611111111	0
93.8333333333333	0
93.8368055555556	0
93.8402777777778	0
93.84375	0
93.8472222222222	0
93.8506944444444	0
93.8541666666667	0
93.8576388888889	0
93.8611111111111	0
93.8645833333333	0
93.8680555555556	0
93.8715277777778	0
93.875	0
93.8784722222222	0
93.8819444444444	0
93.8854166666667	0
93.8888888888889	0
93.8923611111111	0
93.8958333333333	0
93.8993055555556	0
93.9027777777778	0
93.90625	0
93.9097222222222	0
93.9131944444444	0
93.9166666666667	0
93.9201388888889	0
93.9236111111111	0
93.9270833333333	0
93.9305555555556	0
93.9340277777778	0
93.9375	0
93.9409722222222	0
93.9444444444444	0
93.9479166666667	0
93.9513888888889	0
93.9548611111111	0
93.9583333333333	0
93.9618055555556	0
93.9652777777778	0
93.96875	0
93.9722222222222	0
93.9756944444444	0
93.9791666666667	0
93.9826388888889	0
93.9861111111111	0
93.9895833333333	0
93.9930555555556	0
93.9965277777778	0
94	0
94.0034722222222	0
94.0069444444444	0
94.0104166666667	0
94.0138888888889	0
94.0173611111111	0
94.0208333333333	0
94.0243055555556	0
94.0277777777778	0
94.03125	0
94.0347222222222	0
94.0381944444444	0
94.0416666666667	0
94.0451388888889	0
94.0486111111111	0
94.0520833333333	0
94.0555555555556	0
94.0590277777778	0
94.0625	0
94.0659722222222	0
94.0694444444444	0
94.0729166666667	0
94.0763888888889	0
94.0798611111111	0
94.0833333333333	0
94.0868055555556	0
94.0902777777778	0
94.09375	0
94.0972222222222	0
94.1006944444444	0
94.1041666666667	0
94.1076388888889	0
94.1111111111111	0
94.1145833333333	0
94.1180555555556	0
94.1215277777778	0
94.125	0
94.1284722222222	0
94.1319444444444	0
94.1354166666667	0
94.1388888888889	0
94.1423611111111	0
94.1458333333333	0
94.1493055555556	0
94.1527777777778	0
94.15625	0
94.1597222222222	0
94.1631944444444	0
94.1666666666667	0
94.1701388888889	0
94.1736111111111	0
94.1770833333333	0
94.1805555555556	0
94.1840277777778	0
94.1875	0
94.1909722222222	0
94.1944444444444	0
94.1979166666667	0
94.2013888888889	0
94.2048611111111	0
94.2083333333333	0
94.2118055555556	0
94.2152777777778	0
94.21875	0
94.2222222222222	0
94.2256944444444	0
94.2291666666667	0
94.2326388888889	0
94.2361111111111	0
94.2395833333333	0
94.2430555555556	0
94.2465277777778	0
94.25	0
94.2534722222222	0
94.2569444444444	0
94.2604166666667	0
94.2638888888889	0
94.2673611111111	0
94.2708333333333	0
94.2743055555556	0
94.2777777777778	0
94.28125	0
94.2847222222222	0
94.2881944444444	0
94.2916666666667	0
94.2951388888889	0
94.2986111111111	0
94.3020833333333	0
94.3055555555556	0
94.3090277777778	0
94.3125	0
94.3159722222222	0
94.3194444444444	0
94.3229166666667	0
94.3263888888889	0
94.3298611111111	0
94.3333333333333	0
94.3368055555556	0
94.3402777777778	0
94.34375	0
94.3472222222222	0
94.3506944444444	0
94.3541666666667	0
94.3576388888889	0
94.3611111111111	0
94.3645833333333	0
94.3680555555556	0
94.3715277777778	0
94.375	0
94.3784722222222	0
94.3819444444444	0
94.3854166666667	0
94.3888888888889	0
94.3923611111111	0
94.3958333333333	0
94.3993055555556	0
94.4027777777778	0
94.40625	0
94.4097222222222	0
94.4131944444444	0
94.4166666666667	0
94.4201388888889	0
94.4236111111111	0
94.4270833333333	0
94.4305555555556	0
94.4340277777778	0
94.4375	0
94.4409722222222	0
94.4444444444444	0
94.4479166666667	0
94.4513888888889	0
94.4548611111111	0
94.4583333333333	0
94.4618055555556	0
94.4652777777778	0
94.46875	0
94.4722222222222	0
94.4756944444444	0
94.4791666666667	0
94.4826388888889	0
94.4861111111111	0
94.4895833333333	0
94.4930555555556	0
94.4965277777778	0
94.5	0
94.5034722222222	0
94.5069444444444	0
94.5104166666667	0.2
94.5138888888889	0
94.5173611111111	0
94.5208333333333	0
94.5243055555556	0
94.5277777777778	0
94.53125	0
94.5347222222222	0
94.5381944444444	0
94.5416666666667	0
94.5451388888889	0
94.5486111111111	0
94.5520833333333	0
94.5555555555556	0
94.5590277777778	0
94.5625	0
94.5659722222222	0
94.5694444444444	0
94.5729166666667	0
94.5763888888889	0
94.5798611111111	0
94.5833333333333	0
94.5868055555556	0
94.5902777777778	0
94.59375	0
94.5972222222222	0
94.6006944444444	0
94.6041666666667	0
94.6076388888889	0
94.6111111111111	0
94.6145833333333	0
94.6180555555556	0
94.6215277777778	0
94.625	0
94.6284722222222	0
94.6319444444444	0
94.6354166666667	0
94.6388888888889	0
94.6423611111111	0
94.6458333333333	0
94.6493055555556	0
94.6527777777778	0
94.65625	0
94.6597222222222	0
94.6631944444444	0
94.6666666666667	0
94.6701388888889	0
94.6736111111111	0
94.6770833333333	0
94.6805555555556	0
94.6840277777778	0
94.6875	0
94.6909722222222	0
94.6944444444444	0
94.6979166666667	0
94.7013888888889	0
94.7048611111111	0
94.7083333333333	0
94.7118055555556	0
94.7152777777778	0
94.71875	0
94.7222222222222	0
94.7256944444444	0
94.7291666666667	0
94.7326388888889	0
94.7361111111111	0
94.7395833333333	0
94.7430555555556	0
94.7465277777778	0
94.75	0
94.7534722222222	0
94.7569444444444	0
94.7604166666667	0
94.7638888888889	0
94.7673611111111	0
94.7708333333333	0
94.7743055555556	0
94.7777777777778	0
94.78125	0
94.7847222222222	0
94.7881944444444	0
94.7916666666667	0
94.7951388888889	0
94.7986111111111	0
94.8020833333333	0
94.8055555555556	0
94.8090277777778	0
94.8125	0
94.8159722222222	0
94.8194444444444	0
94.8229166666667	0
94.8263888888889	0
94.8298611111111	0
94.8333333333333	0
94.8368055555556	0
94.8402777777778	0
94.84375	0
94.8472222222222	0
94.8506944444444	0
94.8541666666667	0
94.8576388888889	0
94.8611111111111	0
94.8645833333333	0
94.8680555555556	0
94.8715277777778	0
94.875	0
94.8784722222222	0
94.8819444444444	0
94.8854166666667	0
94.8888888888889	0
94.8923611111111	0
94.8958333333333	0
94.8993055555556	0
94.9027777777778	0
94.90625	0
94.9097222222222	0
94.9131944444444	0
94.9166666666667	0
94.9201388888889	0
94.9236111111111	0
94.9270833333333	0
94.9305555555556	0
94.9340277777778	0
94.9375	0
94.9409722222222	0
94.9444444444444	0
94.9479166666667	0
94.9513888888889	0
94.9548611111111	0
94.9583333333333	0
94.9618055555556	0
94.9652777777778	0
94.96875	0
94.9722222222222	0
94.9756944444444	0
94.9791666666667	0
94.9826388888889	0
94.9861111111111	0
94.9895833333333	0
94.9930555555556	0
94.9965277777778	0
95	0
95.0034722222222	0
95.0069444444444	0
95.0104166666667	0
95.0138888888889	0
95.0173611111111	0
95.0208333333333	0
95.0243055555556	0
95.0277777777778	0
95.03125	0
95.0347222222222	0
95.0381944444444	0
95.0416666666667	0
95.0451388888889	0
95.0486111111111	0
95.0520833333333	0
95.0555555555556	0
95.0590277777778	0
95.0625	0
95.0659722222222	0
95.0694444444444	0
95.0729166666667	0
95.0763888888889	0
95.0798611111111	0
95.0833333333333	0
95.0868055555556	0
95.0902777777778	0
95.09375	0
95.0972222222222	0
95.1006944444444	0
95.1041666666667	0
95.1076388888889	0
95.1111111111111	0
95.1145833333333	0
95.1180555555556	0
95.1215277777778	0
95.125	0
95.1284722222222	0
95.1319444444444	0
95.1354166666667	0
95.1388888888889	0
95.1423611111111	0
95.1458333333333	0
95.1493055555556	0
95.1527777777778	0
95.15625	0
95.1597222222222	0
95.1631944444444	0
95.1666666666667	0
95.1701388888889	0
95.1736111111111	0
95.1770833333333	0
95.1805555555556	0.2
95.1840277777778	0
95.1875	0
95.1909722222222	0
95.1944444444444	0
95.1979166666667	0
95.2013888888889	0
95.2048611111111	0.2
95.2083333333333	0.2
95.2118055555556	0.4
95.2152777777778	0
95.21875	0.2
95.2222222222222	0.2
95.2256944444444	0
95.2291666666667	0
95.2326388888889	0
95.2361111111111	0
95.2395833333333	0
95.2430555555556	0
95.2465277777778	0
95.25	0
95.2534722222222	0
95.2569444444444	0
95.2604166666667	0
95.2638888888889	0
95.2673611111111	0
95.2708333333333	0
95.2743055555556	0
95.2777777777778	0
95.28125	0
95.2847222222222	0
95.2881944444444	0
95.2916666666667	0
95.2951388888889	0
95.2986111111111	0
95.3020833333333	0
95.3055555555556	0
95.3090277777778	0
95.3125	0
95.3159722222222	0
95.3194444444444	0
95.3229166666667	0
95.3263888888889	0
95.3298611111111	0
95.3333333333333	0
95.3368055555556	0
95.3402777777778	0
95.34375	0
95.3472222222222	0
95.3506944444444	0
95.3541666666667	0
95.3576388888889	0
95.3611111111111	0
95.3645833333333	0
95.3680555555556	0
95.3715277777778	0
95.375	0
95.3784722222222	0
95.3819444444444	0
95.3854166666667	0
95.3888888888889	0
95.3923611111111	0
95.3958333333333	0
95.3993055555556	0
95.4027777777778	0
95.40625	0
95.4097222222222	0
95.4131944444444	0
95.4166666666667	0
95.4201388888889	0
95.4236111111111	0
95.4270833333333	0
95.4305555555556	0
95.4340277777778	0
95.4375	0
95.4409722222222	0
95.4444444444444	0
95.4479166666667	0
95.4513888888889	0
95.4548611111111	0
95.4583333333333	0
95.4618055555556	0
95.4652777777778	0
95.46875	0
95.4722222222222	0
95.4756944444444	0
95.4791666666667	0
95.4826388888889	0
95.4861111111111	0
95.4895833333333	0
95.4930555555556	0
95.4965277777778	0
95.5	0
95.5034722222222	0
95.5069444444444	0
95.5104166666667	0
95.5138888888889	0
95.5173611111111	0
95.5208333333333	0
95.5243055555556	0
95.5277777777778	0
95.53125	0
95.5347222222222	0
95.5381944444444	0
95.5416666666667	0
95.5451388888889	0
95.5486111111111	0
95.5520833333333	0
95.5555555555556	0
95.5590277777778	0
95.5625	0
95.5659722222222	0
95.5694444444444	0
95.5729166666667	0
95.5763888888889	0
95.5798611111111	0
95.5833333333333	0
95.5868055555556	0
95.5902777777778	0
95.59375	0
95.5972222222222	0
95.6006944444444	0.2
95.6041666666667	0
95.6076388888889	0
95.6111111111111	0
95.6145833333333	0
95.6180555555556	0
95.6215277777778	0
95.625	0
95.6284722222222	0
95.6319444444444	0
95.6354166666667	0
95.6388888888889	0
95.6423611111111	0
95.6458333333333	0
95.6493055555556	0
95.6527777777778	0
95.65625	0
95.6597222222222	0
95.6631944444444	0
95.6666666666667	0
95.6701388888889	0
95.6736111111111	0
95.6770833333333	0
95.6805555555556	0
95.6840277777778	0
95.6875	0
95.6909722222222	0
95.6944444444444	0
95.6979166666667	0
95.7013888888889	0
95.7048611111111	0
95.7083333333333	0
95.7118055555556	0
95.7152777777778	0
95.71875	0
95.7222222222222	0
95.7256944444444	0
95.7291666666667	0
95.7326388888889	0
95.7361111111111	0
95.7395833333333	0
95.7430555555556	0
95.7465277777778	0
95.75	0
95.7534722222222	0
95.7569444444444	0
95.7604166666667	0
95.7638888888889	0
95.7673611111111	0
95.7708333333333	0
95.7743055555556	0
95.7777777777778	0
95.78125	0
95.7847222222222	0
95.7881944444444	0
95.7916666666667	0
95.7951388888889	0
95.7986111111111	0
95.8020833333333	0
95.8055555555556	0
95.8090277777778	0
95.8125	0
95.8159722222222	0
95.8194444444444	0
95.8229166666667	0
95.8263888888889	0
95.8298611111111	0
95.8333333333333	0
95.8368055555556	0
95.8402777777778	0
95.84375	0
95.8472222222222	0
95.8506944444444	0
95.8541666666667	0
95.8576388888889	0
95.8611111111111	0
95.8645833333333	0
95.8680555555556	0
95.8715277777778	0
95.875	0
95.8784722222222	0
95.8819444444444	0
95.8854166666667	0
95.8888888888889	0
95.8923611111111	0
95.8958333333333	0
95.8993055555556	0
95.9027777777778	0
95.90625	0
95.9097222222222	0
95.9131944444444	0
95.9166666666667	0
95.9201388888889	0
95.9236111111111	0
95.9270833333333	0
95.9305555555556	0
95.9340277777778	0
95.9375	0
95.9409722222222	0
95.9444444444444	0
95.9479166666667	0
95.9513888888889	0
95.9548611111111	0
95.9583333333333	0
95.9618055555556	0
95.9652777777778	0
95.96875	0
95.9722222222222	0
95.9756944444444	0
95.9791666666667	0
95.9826388888889	0
95.9861111111111	0
95.9895833333333	0
95.9930555555556	0
95.9965277777778	0
96	0
96.0034722222222	0
96.0069444444444	0
96.0104166666667	0
96.0138888888889	0
96.0173611111111	0
96.0208333333333	0
96.0243055555556	0
96.0277777777778	0
96.03125	0
96.0347222222222	0
96.0381944444444	0
96.0416666666667	0
96.0451388888889	0
96.0486111111111	0
96.0520833333333	0
96.0555555555556	0
96.0590277777778	0
96.0625	0
96.0659722222222	0
96.0694444444444	0
96.0729166666667	0
96.0763888888889	0
96.0798611111111	0
96.0833333333333	0
96.0868055555556	0
96.0902777777778	0
96.09375	0
96.0972222222222	0
96.1006944444444	0
96.1041666666667	0
96.1076388888889	0
96.1111111111111	0
96.1145833333333	0
96.1180555555556	0
96.1215277777778	0
96.125	0
96.1284722222222	0
96.1319444444444	0
96.1354166666667	0
96.1388888888889	0
96.1423611111111	0
96.1458333333333	0
96.1493055555556	0
96.1527777777778	0
96.15625	0
96.1597222222222	0
96.1631944444444	0
96.1666666666667	0
96.1701388888889	0
96.1736111111111	0
96.1770833333333	0
96.1805555555556	0
96.1840277777778	0
96.1875	0
96.1909722222222	0
96.1944444444444	0
96.1979166666667	0
96.2013888888889	0
96.2048611111111	0
96.2083333333333	0
96.2118055555556	0
96.2152777777778	0
96.21875	0
96.2222222222222	0
96.2256944444444	0
96.2291666666667	0
96.2326388888889	0
96.2361111111111	0
96.2395833333333	0
96.2430555555556	0
96.2465277777778	0
96.25	0
96.2534722222222	0
96.2569444444444	0
96.2604166666667	0
96.2638888888889	0
96.2673611111111	0
96.2708333333333	0
96.2743055555556	0
96.2777777777778	0
96.28125	0
96.2847222222222	0
96.2881944444444	0
96.2916666666667	0
96.2951388888889	0
96.2986111111111	0
96.3020833333333	0
96.3055555555556	0
96.3090277777778	0
96.3125	0
96.3159722222222	0
96.3194444444444	0
96.3229166666667	0
96.3263888888889	0
96.3298611111111	0
96.3333333333333	0
96.3368055555556	0
96.3402777777778	0
96.34375	0
96.3472222222222	0
96.3506944444444	0
96.3541666666667	0
96.3576388888889	0
96.3611111111111	0
96.3645833333333	0
96.3680555555556	0
96.3715277777778	0
96.375	0
96.3784722222222	0
96.3819444444444	0
96.3854166666667	0
96.3888888888889	0
96.3923611111111	0
96.3958333333333	0
96.3993055555556	0
96.4027777777778	0
96.40625	0
96.4097222222222	0
96.4131944444444	0
96.4166666666667	0
96.4201388888889	0
96.4236111111111	0
96.4270833333333	0
96.4305555555556	0
96.4340277777778	0
96.4375	0
96.4409722222222	0
96.4444444444444	0
96.4479166666667	0
96.4513888888889	0
96.4548611111111	0
96.4583333333333	0
96.4618055555556	0
96.4652777777778	0
96.46875	0
96.4722222222222	0
96.4756944444444	0
96.4791666666667	0
96.4826388888889	0
96.4861111111111	0
96.4895833333333	0
96.4930555555556	0
96.4965277777778	0
96.5	0
96.5034722222222	0
96.5069444444444	0
96.5104166666667	0
96.5138888888889	0.2
96.5173611111111	0
96.5208333333333	0
96.5243055555556	0
96.5277777777778	0
96.53125	0
96.5347222222222	0
96.5381944444444	0
96.5416666666667	0
96.5451388888889	0
96.5486111111111	0
96.5520833333333	0
96.5555555555556	0
96.5590277777778	0
96.5625	0
96.5659722222222	0
96.5694444444444	0
96.5729166666667	0
96.5763888888889	0
96.5798611111111	0
96.5833333333333	0
96.5868055555556	0
96.5902777777778	0
96.59375	0
96.5972222222222	0
96.6006944444444	0
96.6041666666667	0
96.6076388888889	0
96.6111111111111	0
96.6145833333333	0
96.6180555555556	0
96.6215277777778	0
96.625	0
96.6284722222222	0
96.6319444444444	0
96.6354166666667	0
96.6388888888889	0
96.6423611111111	0
96.6458333333333	0
96.6493055555556	0
96.6527777777778	0
96.65625	0
96.6597222222222	0
96.6631944444444	0
96.6666666666667	0
96.6701388888889	0
96.6736111111111	0
96.6770833333333	0
96.6805555555556	0
96.6840277777778	0
96.6875	0
96.6909722222222	0
96.6944444444444	0
96.6979166666667	0
96.7013888888889	0
96.7048611111111	0
96.7083333333333	0
96.7118055555556	0
96.7152777777778	0
96.71875	0
96.7222222222222	0
96.7256944444444	0
96.7291666666667	0
96.7326388888889	0
96.7361111111111	0
96.7395833333333	0
96.7430555555556	0
96.7465277777778	0
96.75	0
96.7534722222222	0
96.7569444444444	0
96.7604166666667	0
96.7638888888889	0
96.7673611111111	0
96.7708333333333	0
96.7743055555556	0
96.7777777777778	0
96.78125	0
96.7847222222222	0
96.7881944444444	0
96.7916666666667	0
96.7951388888889	0
96.7986111111111	0
96.8020833333333	0
96.8055555555556	0
96.8090277777778	0
96.8125	0
96.8159722222222	0
96.8194444444444	0
96.8229166666667	0
96.8263888888889	0
96.8298611111111	0
96.8333333333333	0
96.8368055555556	0
96.8402777777778	0
96.84375	0
96.8472222222222	0
96.8506944444444	0
96.8541666666667	0
96.8576388888889	0
96.8611111111111	0
96.8645833333333	0
96.8680555555556	0
96.8715277777778	0
96.875	0
96.8784722222222	0
96.8819444444444	0
96.8854166666667	0
96.8888888888889	0
96.8923611111111	0
96.8958333333333	0
96.8993055555556	0
96.9027777777778	0
96.90625	0
96.9097222222222	0
96.9131944444444	0
96.9166666666667	0
96.9201388888889	0
96.9236111111111	0
96.9270833333333	0
96.9305555555556	0
96.9340277777778	0
96.9375	0
96.9409722222222	0
96.9444444444444	0
96.9479166666667	0
96.9513888888889	0
96.9548611111111	0
96.9583333333333	0
96.9618055555556	0
96.9652777777778	0
96.96875	0
96.9722222222222	0
96.9756944444444	0
96.9791666666667	0
96.9826388888889	0
96.9861111111111	0
96.9895833333333	0
96.9930555555556	0
96.9965277777778	0
97	0
97.0034722222222	0
97.0069444444444	0
97.0104166666667	0
97.0138888888889	0
97.0173611111111	0
97.0208333333333	0
97.0243055555556	0
97.0277777777778	0
97.03125	0
97.0347222222222	0
97.0381944444444	0
97.0416666666667	0
97.0451388888889	0
97.0486111111111	0
97.0520833333333	0
97.0555555555556	0
97.0590277777778	0
97.0625	0
97.0659722222222	0
97.0694444444444	0
97.0729166666667	0
97.0763888888889	0
97.0798611111111	0
97.0833333333333	0
97.0868055555556	0
97.0902777777778	0
97.09375	0
97.0972222222222	0
97.1006944444444	0
97.1041666666667	0
97.1076388888889	0
97.1111111111111	0
97.1145833333333	0
97.1180555555556	0
97.1215277777778	0
97.125	0
97.1284722222222	0
97.1319444444444	0
97.1354166666667	0
97.1388888888889	0
97.1423611111111	0
97.1458333333333	0
97.1493055555556	0
97.1527777777778	0
97.15625	0
97.1597222222222	0
97.1631944444444	0
97.1666666666667	0
97.1701388888889	0
97.1736111111111	0
97.1770833333333	0
97.1805555555556	0
97.1840277777778	0
97.1875	0
97.1909722222222	0
97.1944444444444	0
97.1979166666667	0
97.2013888888889	0
97.2048611111111	0
97.2083333333333	0
97.2118055555556	0
97.2152777777778	0
97.21875	0
97.2222222222222	0
97.2256944444444	0
97.2291666666667	0
97.2326388888889	0
97.2361111111111	0
97.2395833333333	0
97.2430555555556	0
97.2465277777778	0
97.25	0
97.2534722222222	0
97.2569444444444	0
97.2604166666667	0
97.2638888888889	0
97.2673611111111	0
97.2708333333333	0
97.2743055555556	0
97.2777777777778	0
97.28125	0
97.2847222222222	0
97.2881944444444	0
97.2916666666667	0
97.2951388888889	0
97.2986111111111	0
97.3020833333333	0
97.3055555555556	0
97.3090277777778	0
97.3125	0
97.3159722222222	0
97.3194444444444	0
97.3229166666667	0
97.3263888888889	0
97.3298611111111	0
97.3333333333333	0
97.3368055555556	0
97.3402777777778	0
97.34375	0
97.3472222222222	0
97.3506944444444	0
97.3541666666667	0
97.3576388888889	0
97.3611111111111	0
97.3645833333333	0
97.3680555555556	0
97.3715277777778	0
97.375	0
97.3784722222222	0
97.3819444444444	0
97.3854166666667	0
97.3888888888889	0
97.3923611111111	0
97.3958333333333	0
97.3993055555556	0
97.4027777777778	0
97.40625	0
97.4097222222222	0
97.4131944444444	0
97.4166666666667	0
97.4201388888889	0
97.4236111111111	0
97.4270833333333	0
97.4305555555556	0
97.4340277777778	0
97.4375	0
97.4409722222222	0
97.4444444444444	0
97.4479166666667	0
97.4513888888889	0
97.4548611111111	0
97.4583333333333	0
97.4618055555556	0
97.4652777777778	0
97.46875	0
97.4722222222222	0
97.4756944444444	0
97.4791666666667	0
97.4826388888889	0
97.4861111111111	0
97.4895833333333	0
97.4930555555556	0
97.4965277777778	0
97.5	0
97.5034722222222	0
97.5069444444444	0
97.5104166666667	0
97.5138888888889	0
97.5173611111111	0
97.5208333333333	0
97.5243055555556	0
97.5277777777778	0
97.53125	0
97.5347222222222	0
97.5381944444444	0
97.5416666666667	0
97.5451388888889	0
97.5486111111111	0
97.5520833333333	0
97.5555555555556	0
97.5590277777778	0
97.5625	0
97.5659722222222	0
97.5694444444444	0
97.5729166666667	0
97.5763888888889	0
97.5798611111111	0
97.5833333333333	0
97.5868055555556	0
97.5902777777778	0
97.59375	0
97.5972222222222	0
97.6006944444444	0
97.6041666666667	0
97.6076388888889	0
97.6111111111111	0
97.6145833333333	0
97.6180555555556	0
97.6215277777778	0
97.625	0
97.6284722222222	0
97.6319444444444	0
97.6354166666667	0
97.6388888888889	0
97.6423611111111	0
97.6458333333333	0
97.6493055555556	0
97.6527777777778	0
97.65625	0
97.6597222222222	0
97.6631944444444	0
97.6666666666667	0
97.6701388888889	0
97.6736111111111	0
97.6770833333333	0
97.6805555555556	0
97.6840277777778	0
97.6875	0
97.6909722222222	0
97.6944444444444	0
97.6979166666667	0
97.7013888888889	0
97.7048611111111	0
97.7083333333333	0
97.7118055555556	0
97.7152777777778	0
97.71875	0
97.7222222222222	0
97.7256944444444	0
97.7291666666667	0
97.7326388888889	0
97.7361111111111	0
97.7395833333333	0
97.7430555555556	0
97.7465277777778	0
97.75	0
97.7534722222222	0
97.7569444444444	0
97.7604166666667	0
97.7638888888889	0
97.7673611111111	0
97.7708333333333	0
97.7743055555556	0
97.7777777777778	0
97.78125	0
97.7847222222222	0
97.7881944444444	0
97.7916666666667	0
97.7951388888889	0
97.7986111111111	0
97.8020833333333	0
97.8055555555556	0
97.8090277777778	0
97.8125	0
97.8159722222222	0
97.8194444444444	0
97.8229166666667	0
97.8263888888889	0
97.8298611111111	0
97.8333333333333	0
97.8368055555556	0
97.8402777777778	0
97.84375	0
97.8472222222222	0
97.8506944444444	0
97.8541666666667	0
97.8576388888889	0
97.8611111111111	0
97.8645833333333	0
97.8680555555556	0
97.8715277777778	0
97.875	0
97.8784722222222	0
97.8819444444444	0
97.8854166666667	0
97.8888888888889	0
97.8923611111111	0
97.8958333333333	0
97.8993055555556	0
97.9027777777778	0
97.90625	0
97.9097222222222	0
97.9131944444444	0
97.9166666666667	0
97.9201388888889	0
97.9236111111111	0
97.9270833333333	0
97.9305555555556	0
97.9340277777778	0
97.9375	0
97.9409722222222	0
97.9444444444444	0
97.9479166666667	0
97.9513888888889	0
97.9548611111111	0
97.9583333333333	0
97.9618055555556	0
97.9652777777778	0
97.96875	0
97.9722222222222	0
97.9756944444444	0
97.9791666666667	0
97.9826388888889	0
97.9861111111111	0
97.9895833333333	0
97.9930555555556	0
97.9965277777778	0
98	0
98.0034722222222	0
98.0069444444444	0
98.0104166666667	0
98.0138888888889	0
98.0173611111111	0
98.0208333333333	0
98.0243055555556	0
98.0277777777778	0
98.03125	0
98.0347222222222	0
98.0381944444444	0
98.0416666666667	0
98.0451388888889	0
98.0486111111111	0
98.0520833333333	0
98.0555555555556	0
98.0590277777778	0
98.0625	0
98.0659722222222	0
98.0694444444444	0
98.0729166666667	0
98.0763888888889	0
98.0798611111111	0
98.0833333333333	0
98.0868055555556	0
98.0902777777778	0
98.09375	0
98.0972222222222	0
98.1006944444444	0
98.1041666666667	0
98.1076388888889	0
98.1111111111111	0
98.1145833333333	0
98.1180555555556	0
98.1215277777778	0
98.125	0
98.1284722222222	0
98.1319444444444	0
98.1354166666667	0
98.1388888888889	0
98.1423611111111	0
98.1458333333333	0
98.1493055555556	0
98.1527777777778	0
98.15625	0
98.1597222222222	0
98.1631944444444	0
98.1666666666667	0
98.1701388888889	0
98.1736111111111	0
98.1770833333333	0
98.1805555555556	0
98.1840277777778	0
98.1875	0
98.1909722222222	0
98.1944444444444	0
98.1979166666667	0
98.2013888888889	0
98.2048611111111	0
98.2083333333333	0
98.2118055555556	0
98.2152777777778	0
98.21875	0
98.2222222222222	0
98.2256944444444	0
98.2291666666667	0
98.2326388888889	0
98.2361111111111	0
98.2395833333333	0
98.2430555555556	0
98.2465277777778	0
98.25	0
98.2534722222222	0
98.2569444444444	0
98.2604166666667	0
98.2638888888889	0
98.2673611111111	0
98.2708333333333	0
98.2743055555556	0
98.2777777777778	0
98.28125	0
98.2847222222222	0
98.2881944444444	0
98.2916666666667	0
98.2951388888889	0
98.2986111111111	0
98.3020833333333	0
98.3055555555556	0
98.3090277777778	0
98.3125	0
98.3159722222222	0
98.3194444444444	0
98.3229166666667	0
98.3263888888889	0
98.3298611111111	0
98.3333333333333	0
98.3368055555556	0
98.3402777777778	0
98.34375	0
98.3472222222222	0
98.3506944444444	0
98.3541666666667	0
98.3576388888889	0
98.3611111111111	0
98.3645833333333	0
98.3680555555556	0
98.3715277777778	0
98.375	0
98.3784722222222	0
98.3819444444444	0
98.3854166666667	0
98.3888888888889	0
98.3923611111111	0
98.3958333333333	0
98.3993055555556	0
98.4027777777778	0
98.40625	0
98.4097222222222	0
98.4131944444444	0
98.4166666666667	0
98.4201388888889	0
98.4236111111111	0
98.4270833333333	0
98.4305555555556	0
98.4340277777778	0
98.4375	0
98.4409722222222	0.2
98.4444444444444	0
98.4479166666667	0.2
98.4513888888889	0
98.4548611111111	0
98.4583333333333	0
98.4618055555556	0
98.4652777777778	0
98.46875	0
98.4722222222222	0
98.4756944444444	0
98.4791666666667	0
98.4826388888889	0
98.4861111111111	0
98.4895833333333	0
98.4930555555556	0
98.4965277777778	0
98.5	0
98.5034722222222	0
98.5069444444444	0
98.5104166666667	0
98.5138888888889	0.2
98.5173611111111	0
98.5208333333333	0
98.5243055555556	0
98.5277777777778	0
98.53125	0
98.5347222222222	0
98.5381944444444	0
98.5416666666667	0
98.5451388888889	0
98.5486111111111	0
98.5520833333333	0
98.5555555555556	0
98.5590277777778	0
98.5625	0
98.5659722222222	0
98.5694444444444	0
98.5729166666667	0
98.5763888888889	0
98.5798611111111	0
98.5833333333333	0
98.5868055555556	0
98.5902777777778	0
98.59375	0
98.5972222222222	0
98.6006944444444	0
98.6041666666667	0
98.6076388888889	0
98.6111111111111	0
98.6145833333333	0
98.6180555555556	0
98.6215277777778	0
98.625	0
98.6284722222222	0
98.6319444444444	0
98.6354166666667	0
98.6388888888889	0
98.6423611111111	0
98.6458333333333	0
98.6493055555556	0
98.6527777777778	0
98.65625	0
98.6597222222222	0
98.6631944444444	0
98.6666666666667	0
98.6701388888889	0
98.6736111111111	0
98.6770833333333	0
98.6805555555556	0
98.6840277777778	0
98.6875	0
98.6909722222222	0
98.6944444444444	0
98.6979166666667	0
98.7013888888889	0
98.7048611111111	0
98.7083333333333	0
98.7118055555556	0
98.7152777777778	0
98.71875	0
98.7222222222222	0
98.7256944444444	0
98.7291666666667	0
98.7326388888889	0
98.7361111111111	0
98.7395833333333	0
98.7430555555556	0
98.7465277777778	0
98.75	0
98.7534722222222	0
98.7569444444444	0
98.7604166666667	0
98.7638888888889	0
98.7673611111111	0
98.7708333333333	0
98.7743055555556	0
98.7777777777778	0
98.78125	0
98.7847222222222	0
98.7881944444444	0
98.7916666666667	0
98.7951388888889	0
98.7986111111111	0
98.8020833333333	0
98.8055555555556	0
98.8090277777778	0
98.8125	0
98.8159722222222	0
98.8194444444444	0
98.8229166666667	0
98.8263888888889	0
98.8298611111111	0
98.8333333333333	0
98.8368055555556	0
98.8402777777778	0
98.84375	0
98.8472222222222	0
98.8506944444444	0
98.8541666666667	0
98.8576388888889	0
98.8611111111111	0
98.8645833333333	0
98.8680555555556	0
98.8715277777778	0
98.875	0
98.8784722222222	0
98.8819444444444	0
98.8854166666667	0
98.8888888888889	0
98.8923611111111	0
98.8958333333333	0
98.8993055555556	0
98.9027777777778	0
98.90625	0
98.9097222222222	0
98.9131944444444	0
98.9166666666667	0
98.9201388888889	0
98.9236111111111	0
98.9270833333333	0
98.9305555555556	0
98.9340277777778	0
98.9375	0
98.9409722222222	0
98.9444444444444	0
98.9479166666667	0
98.9513888888889	0
98.9548611111111	0
98.9583333333333	0
98.9618055555556	0
98.9652777777778	0
98.96875	0
98.9722222222222	0
98.9756944444444	0
98.9791666666667	0
98.9826388888889	0
98.9861111111111	0
98.9895833333333	0
98.9930555555556	0
98.9965277777778	0
99	0
99.0034722222222	0
99.0069444444444	0
99.0104166666667	0
99.0138888888889	0
99.0173611111111	0
99.0208333333333	0
99.0243055555556	0
99.0277777777778	0
99.03125	0
99.0347222222222	0
99.0381944444444	0
99.0416666666667	0
99.0451388888889	0
99.0486111111111	0
99.0520833333333	0
99.0555555555556	0
99.0590277777778	0
99.0625	0
99.0659722222222	0
99.0694444444444	0
99.0729166666667	0
99.0763888888889	0
99.0798611111111	0
99.0833333333333	0
99.0868055555556	0
99.0902777777778	0
99.09375	0
99.0972222222222	0
99.1006944444444	0
99.1041666666667	0
99.1076388888889	0
99.1111111111111	0
99.1145833333333	0
99.1180555555556	0
99.1215277777778	0
99.125	0
99.1284722222222	0
99.1319444444444	0
99.1354166666667	0
99.1388888888889	0
99.1423611111111	0
99.1458333333333	0
99.1493055555556	0
99.1527777777778	0
99.15625	0
99.1597222222222	0
99.1631944444444	0
99.1666666666667	0
99.1701388888889	0
99.1736111111111	0
99.1770833333333	0
99.1805555555556	0
99.1840277777778	0
99.1875	0
99.1909722222222	0
99.1944444444444	0
99.1979166666667	0
99.2013888888889	0
99.2048611111111	0
99.2083333333333	0
99.2118055555556	0
99.2152777777778	0
99.21875	0
99.2222222222222	0
99.2256944444444	0
99.2291666666667	0
99.2326388888889	0
99.2361111111111	0
99.2395833333333	0
99.2430555555556	0
99.2465277777778	0
99.25	0
99.2534722222222	0
99.2569444444444	0
99.2604166666667	0
99.2638888888889	0
99.2673611111111	0
99.2708333333333	0
99.2743055555556	0
99.2777777777778	0
99.28125	0
99.2847222222222	0
99.2881944444444	0
99.2916666666667	0
99.2951388888889	0
99.2986111111111	0
99.3020833333333	0
99.3055555555556	0
99.3090277777778	0
99.3125	0
99.3159722222222	0
99.3194444444444	0
99.3229166666667	0
99.3263888888889	0
99.3298611111111	0
99.3333333333333	0
99.3368055555556	0
99.3402777777778	0
99.34375	0
99.3472222222222	0
99.3506944444444	0
99.3541666666667	0
99.3576388888889	0
99.3611111111111	0
99.3645833333333	0
99.3680555555556	0
99.3715277777778	0
99.375	0
99.3784722222222	0
99.3819444444444	0
99.3854166666667	0
99.3888888888889	0
99.3923611111111	0
99.3958333333333	0
99.3993055555556	0
99.4027777777778	0
99.40625	0
99.4097222222222	0
99.4131944444444	0
99.4166666666667	0
99.4201388888889	0
99.4236111111111	0
99.4270833333333	0
99.4305555555556	0
99.4340277777778	0
99.4375	0
99.4409722222222	0
99.4444444444444	0
99.4479166666667	0
99.4513888888889	0
99.4548611111111	0
99.4583333333333	0
99.4618055555556	0
99.4652777777778	0
99.46875	0
99.4722222222222	0
99.4756944444444	0
99.4791666666667	0.2
99.4826388888889	0
99.4861111111111	0
99.4895833333333	0
99.4930555555556	0
99.4965277777778	0
99.5	0
99.5034722222222	0
99.5069444444444	0
99.5104166666667	0
99.5138888888889	0
99.5173611111111	0
99.5208333333333	0
99.5243055555556	0
99.5277777777778	0
99.53125	0
99.5347222222222	0
99.5381944444444	0
99.5416666666667	0
99.5451388888889	0
99.5486111111111	0
99.5520833333333	0
99.5555555555556	0
99.5590277777778	0
99.5625	0
99.5659722222222	0
99.5694444444444	0
99.5729166666667	0
99.5763888888889	0
99.5798611111111	0
99.5833333333333	0
99.5868055555556	0
99.5902777777778	0
99.59375	0
99.5972222222222	0
99.6006944444444	0
99.6041666666667	0
99.6076388888889	0
99.6111111111111	0
99.6145833333333	0
99.6180555555556	0
99.6215277777778	0
99.625	0
99.6284722222222	0
99.6319444444444	0
99.6354166666667	0
99.6388888888889	0
99.6423611111111	0
99.6458333333333	0
99.6493055555556	0
99.6527777777778	0
99.65625	0
99.6597222222222	0
99.6631944444444	0
99.6666666666667	0
99.6701388888889	0
99.6736111111111	0
99.6770833333333	0
99.6805555555556	0
99.6840277777778	0
99.6875	0
99.6909722222222	0
99.6944444444444	0
99.6979166666667	0
99.7013888888889	0
99.7048611111111	0
99.7083333333333	0
99.7118055555556	0
99.7152777777778	0
99.71875	0
99.7222222222222	0
99.7256944444444	0
99.7291666666667	0
99.7326388888889	0
99.7361111111111	0
99.7395833333333	0
99.7430555555556	0
99.7465277777778	0
99.75	0
99.7534722222222	0
99.7569444444444	0
99.7604166666667	0
99.7638888888889	0
99.7673611111111	0
99.7708333333333	0
99.7743055555556	0
99.7777777777778	0
99.78125	0
99.7847222222222	0
99.7881944444444	0
99.7916666666667	0
99.7951388888889	0
99.7986111111111	0
99.8020833333333	0
99.8055555555556	0
99.8090277777778	0
99.8125	0
99.8159722222222	0
99.8194444444444	0
99.8229166666667	0
99.8263888888889	0
99.8298611111111	0
99.8333333333333	0
99.8368055555556	0
99.8402777777778	0
99.84375	0
99.8472222222222	0
99.8506944444444	0
99.8541666666667	0
99.8576388888889	0
99.8611111111111	0
99.8645833333333	0
99.8680555555556	0
99.8715277777778	0
99.875	0
99.8784722222222	0
99.8819444444444	0
99.8854166666667	0
99.8888888888889	0
99.8923611111111	0
99.8958333333333	0
99.8993055555556	0
99.9027777777778	0
99.90625	0
99.9097222222222	0
99.9131944444444	0
99.9166666666667	0
99.9201388888889	0
99.9236111111111	0
99.9270833333333	0
99.9305555555556	0
99.9340277777778	0
99.9375	0
99.9409722222222	0
99.9444444444444	0
99.9479166666667	0
99.9513888888889	0
99.9548611111111	0
99.9583333333333	0
99.9618055555556	0
99.9652777777778	0
99.96875	0
99.9722222222222	0.2
99.9756944444444	0.2
99.9791666666667	0
99.9826388888889	0
99.9861111111111	0
99.9895833333333	0
99.9930555555556	0
99.9965277777778	0
100	0
100.003472222222	0
100.006944444444	0
100.010416666667	0
100.013888888889	0
100.017361111111	0.2
100.020833333333	0.6
100.024305555556	0.4
100.027777777778	0.4
100.03125	0.4
100.034722222222	0.2
100.038194444444	0.2
100.041666666667	0
100.045138888889	0
100.048611111111	0
100.052083333333	0
100.055555555556	0
100.059027777778	0
100.0625	0
100.065972222222	0
100.069444444444	0
100.072916666667	0
100.076388888889	0
100.079861111111	0
100.083333333333	0
100.086805555556	0
100.090277777778	0
100.09375	0
100.097222222222	0
100.100694444444	0
100.104166666667	0
100.107638888889	0
100.111111111111	0
100.114583333333	0
100.118055555556	0
100.121527777778	0
100.125	0
100.128472222222	0
100.131944444444	0
100.135416666667	0
100.138888888889	0
100.142361111111	0
100.145833333333	0
100.149305555556	0
100.152777777778	0
100.15625	0
100.159722222222	0
100.163194444444	0
100.166666666667	0
100.170138888889	0
100.173611111111	0
100.177083333333	0
100.180555555556	0
100.184027777778	0
100.1875	0
100.190972222222	0
100.194444444444	0
100.197916666667	0
100.201388888889	0
100.204861111111	0
100.208333333333	0
100.211805555556	0
100.215277777778	0
100.21875	0
100.222222222222	0
100.225694444444	0
100.229166666667	0
100.232638888889	0
100.236111111111	0
100.239583333333	0
100.243055555556	0
100.246527777778	0
100.25	0
100.253472222222	0
100.256944444444	0
100.260416666667	0
100.263888888889	0
100.267361111111	0
100.270833333333	0
100.274305555556	0
100.277777777778	0
100.28125	0
100.284722222222	0
100.288194444444	0
100.291666666667	0
100.295138888889	0
100.298611111111	0
100.302083333333	0
100.305555555556	0
100.309027777778	0
100.3125	0
100.315972222222	0
100.319444444444	0
100.322916666667	0
100.326388888889	0
100.329861111111	0
100.333333333333	0
100.336805555556	0
100.340277777778	0
100.34375	0
100.347222222222	0
100.350694444444	0
100.354166666667	0
100.357638888889	0
100.361111111111	0
100.364583333333	0
100.368055555556	0
100.371527777778	0
100.375	0
100.378472222222	0
100.381944444444	0
100.385416666667	0
100.388888888889	0
100.392361111111	0
100.395833333333	0
100.399305555556	0
100.402777777778	0
100.40625	0
100.409722222222	0
100.413194444444	0
100.416666666667	0
100.420138888889	0
100.423611111111	0
100.427083333333	0
100.430555555556	0
100.434027777778	0
100.4375	0
100.440972222222	0
100.444444444444	0
100.447916666667	0
100.451388888889	0
100.454861111111	0
100.458333333333	0
100.461805555556	0
100.465277777778	0
100.46875	0
100.472222222222	0
100.475694444444	0
100.479166666667	0
100.482638888889	0
100.486111111111	0
100.489583333333	0
100.493055555556	0
100.496527777778	0
100.5	0
100.503472222222	0
100.506944444444	0
100.510416666667	0
100.513888888889	0
100.517361111111	0
100.520833333333	0
100.524305555556	0
100.527777777778	0
100.53125	0
100.534722222222	0
100.538194444444	0
100.541666666667	0
100.545138888889	0
100.548611111111	0
100.552083333333	0
100.555555555556	0
100.559027777778	0
100.5625	0
100.565972222222	0
100.569444444444	0
100.572916666667	0
100.576388888889	0
100.579861111111	0
100.583333333333	0
100.586805555556	0
100.590277777778	0
100.59375	0
100.597222222222	0
100.600694444444	0
100.604166666667	0
100.607638888889	0
100.611111111111	0
100.614583333333	0
100.618055555556	0
100.621527777778	0
100.625	0
100.628472222222	0
100.631944444444	0
100.635416666667	0
100.638888888889	0
100.642361111111	0
100.645833333333	0
100.649305555556	0
100.652777777778	0
100.65625	0
100.659722222222	0
100.663194444444	0
100.666666666667	0
100.670138888889	0
100.673611111111	0
100.677083333333	0
100.680555555556	0
100.684027777778	0
100.6875	0
100.690972222222	0
100.694444444444	0
100.697916666667	0
100.701388888889	0
100.704861111111	0
100.708333333333	0
100.711805555556	0
100.715277777778	0
100.71875	0
100.722222222222	0
100.725694444444	0
100.729166666667	0
100.732638888889	0
100.736111111111	0
100.739583333333	0
100.743055555556	0
100.746527777778	0
100.75	0
100.753472222222	0
100.756944444444	0
100.760416666667	0
100.763888888889	0
100.767361111111	0
100.770833333333	0
100.774305555556	0
100.777777777778	0
100.78125	0
100.784722222222	0
100.788194444444	0
100.791666666667	0
100.795138888889	0
100.798611111111	0
100.802083333333	0
100.805555555556	0
100.809027777778	0
100.8125	0
100.815972222222	0
100.819444444444	0
100.822916666667	0
100.826388888889	0
100.829861111111	0
100.833333333333	0
100.836805555556	0
100.840277777778	0
100.84375	0
100.847222222222	0
100.850694444444	0
100.854166666667	0
100.857638888889	0
100.861111111111	0
100.864583333333	0
100.868055555556	0
100.871527777778	0
100.875	0
100.878472222222	0
100.881944444444	0
100.885416666667	0
100.888888888889	0
100.892361111111	0
100.895833333333	0
100.899305555556	0
100.902777777778	0
100.90625	0
100.909722222222	0
100.913194444444	0
100.916666666667	0
100.920138888889	0
100.923611111111	0
100.927083333333	0
100.930555555556	0
100.934027777778	0
100.9375	0
100.940972222222	0
100.944444444444	0
100.947916666667	0
100.951388888889	0
100.954861111111	0
100.958333333333	0
100.961805555556	0
100.965277777778	0
100.96875	0
100.972222222222	0
100.975694444444	0
100.979166666667	0
100.982638888889	0
100.986111111111	0
100.989583333333	0
100.993055555556	0
100.996527777778	0
101	0
101.003472222222	0
101.006944444444	0
101.010416666667	0
101.013888888889	0
101.017361111111	0
101.020833333333	0
101.024305555556	0
101.027777777778	0
101.03125	0
101.034722222222	0
101.038194444444	0
101.041666666667	0
101.045138888889	0
101.048611111111	0
101.052083333333	0
101.055555555556	0
101.059027777778	0
101.0625	0
101.065972222222	0
101.069444444444	0
101.072916666667	0
101.076388888889	0
101.079861111111	0
101.083333333333	0
101.086805555556	0
101.090277777778	0
101.09375	0
101.097222222222	0
101.100694444444	0
101.104166666667	0
101.107638888889	0
101.111111111111	0
101.114583333333	0
101.118055555556	0
101.121527777778	0
101.125	0
101.128472222222	0
101.131944444444	0
101.135416666667	0
101.138888888889	0
101.142361111111	0
101.145833333333	0
101.149305555556	0
101.152777777778	0
101.15625	0
101.159722222222	0
101.163194444444	0
101.166666666667	0
101.170138888889	0
101.173611111111	0
101.177083333333	0
101.180555555556	0
101.184027777778	0
101.1875	0
101.190972222222	0
101.194444444444	0
101.197916666667	0
101.201388888889	0
101.204861111111	0
101.208333333333	0
101.211805555556	0
101.215277777778	0
101.21875	0
101.222222222222	0
101.225694444444	0
101.229166666667	0
101.232638888889	0
101.236111111111	0
101.239583333333	0
101.243055555556	0
101.246527777778	0
101.25	0
101.253472222222	0
101.256944444444	0
101.260416666667	0
101.263888888889	0
101.267361111111	0
101.270833333333	0
101.274305555556	0
101.277777777778	0
101.28125	0
101.284722222222	0
101.288194444444	0
101.291666666667	0
101.295138888889	0
101.298611111111	0
101.302083333333	0
101.305555555556	0
101.309027777778	0
101.3125	0
101.315972222222	0
101.319444444444	0
101.322916666667	0
101.326388888889	0
101.329861111111	0
101.333333333333	0
101.336805555556	0
101.340277777778	0
101.34375	0
101.347222222222	0
101.350694444444	0
101.354166666667	0
101.357638888889	0
101.361111111111	0
101.364583333333	0
101.368055555556	0
101.371527777778	0
101.375	0
101.378472222222	0
101.381944444444	0
101.385416666667	0
101.388888888889	0
101.392361111111	0
101.395833333333	0
101.399305555556	0
101.402777777778	0
101.40625	0
101.409722222222	0
101.413194444444	0
101.416666666667	0
101.420138888889	0
101.423611111111	0
101.427083333333	0
101.430555555556	0
101.434027777778	0
101.4375	0
101.440972222222	0
101.444444444444	0
101.447916666667	0
101.451388888889	0
101.454861111111	0
101.458333333333	0
101.461805555556	0
101.465277777778	0
101.46875	0
101.472222222222	0
101.475694444444	0
101.479166666667	0
101.482638888889	0
101.486111111111	0
101.489583333333	0
101.493055555556	0
101.496527777778	0
101.5	0
101.503472222222	0
101.506944444444	0
101.510416666667	0
101.513888888889	0
101.517361111111	0
101.520833333333	0
101.524305555556	0
101.527777777778	0
101.53125	0
101.534722222222	0
101.538194444444	0
101.541666666667	0
101.545138888889	0
101.548611111111	0
101.552083333333	0
101.555555555556	0
101.559027777778	0
101.5625	0
101.565972222222	0
101.569444444444	0
101.572916666667	0
101.576388888889	0
101.579861111111	0
101.583333333333	0
101.586805555556	0
101.590277777778	0
101.59375	0
101.597222222222	0
101.600694444444	0
101.604166666667	0
101.607638888889	0
101.611111111111	0
101.614583333333	0
101.618055555556	0
101.621527777778	0
101.625	0
101.628472222222	0
101.631944444444	0
101.635416666667	0
101.638888888889	0
101.642361111111	0
101.645833333333	0
101.649305555556	0
101.652777777778	0
101.65625	0
101.659722222222	0
101.663194444444	0
101.666666666667	0
101.670138888889	0
101.673611111111	0
101.677083333333	0
101.680555555556	0
101.684027777778	0
101.6875	0
101.690972222222	0
101.694444444444	0
101.697916666667	0
101.701388888889	0
101.704861111111	0
101.708333333333	0
101.711805555556	0
101.715277777778	0
101.71875	0
101.722222222222	0
101.725694444444	0
101.729166666667	0
101.732638888889	0
101.736111111111	0
101.739583333333	0
101.743055555556	0
101.746527777778	0
101.75	0
101.753472222222	0
101.756944444444	0
101.760416666667	0
101.763888888889	0
101.767361111111	0
101.770833333333	0
101.774305555556	0
101.777777777778	0
101.78125	0
101.784722222222	0
101.788194444444	0
101.791666666667	0
101.795138888889	0
101.798611111111	0
101.802083333333	0
101.805555555556	0
101.809027777778	0
101.8125	0
101.815972222222	0
101.819444444444	0
101.822916666667	0
101.826388888889	0
101.829861111111	0
101.833333333333	0
101.836805555556	0
101.840277777778	0
101.84375	0
101.847222222222	0
101.850694444444	0
101.854166666667	0
101.857638888889	0
101.861111111111	0
101.864583333333	0
101.868055555556	0
101.871527777778	0
101.875	0
101.878472222222	0
101.881944444444	0
101.885416666667	0
101.888888888889	0
101.892361111111	0
101.895833333333	0
101.899305555556	0
101.902777777778	0
101.90625	0
101.909722222222	0
101.913194444444	0
101.916666666667	0
101.920138888889	0
101.923611111111	0
101.927083333333	0
101.930555555556	0
101.934027777778	0
101.9375	0
101.940972222222	0
101.944444444444	0
101.947916666667	0
101.951388888889	0
101.954861111111	0
101.958333333333	0
101.961805555556	0
101.965277777778	0
101.96875	0
101.972222222222	0
101.975694444444	0
101.979166666667	0
101.982638888889	0
101.986111111111	0
101.989583333333	0
101.993055555556	0
101.996527777778	0
102	0
102.003472222222	0
102.006944444444	0
102.010416666667	0
102.013888888889	0
102.017361111111	0
102.020833333333	0
102.024305555556	0
102.027777777778	0
102.03125	0
102.034722222222	0
102.038194444444	0
102.041666666667	0
102.045138888889	0
102.048611111111	0
102.052083333333	0
102.055555555556	0
102.059027777778	0
102.0625	0
102.065972222222	0
102.069444444444	0
102.072916666667	0
102.076388888889	0
102.079861111111	0
102.083333333333	0
102.086805555556	0
102.090277777778	0
102.09375	0
102.097222222222	0
102.100694444444	0
102.104166666667	0
102.107638888889	0
102.111111111111	0
102.114583333333	0
102.118055555556	0
102.121527777778	0
102.125	0
102.128472222222	0
102.131944444444	0
102.135416666667	0
102.138888888889	0
102.142361111111	0
102.145833333333	0
102.149305555556	0
102.152777777778	0
102.15625	0
102.159722222222	0
102.163194444444	0
102.166666666667	0
102.170138888889	0
102.173611111111	0
102.177083333333	0
102.180555555556	0
102.184027777778	0
102.1875	0
102.190972222222	0
102.194444444444	0
102.197916666667	0
102.201388888889	0
102.204861111111	0
102.208333333333	0
102.211805555556	0
102.215277777778	0
102.21875	0
102.222222222222	0
102.225694444444	0
102.229166666667	0
102.232638888889	0
102.236111111111	0
102.239583333333	0
102.243055555556	0
102.246527777778	0
102.25	0
102.253472222222	0
102.256944444444	0
102.260416666667	0
102.263888888889	0
102.267361111111	0
102.270833333333	0
102.274305555556	0
102.277777777778	0
102.28125	0
102.284722222222	0
102.288194444444	0
102.291666666667	0
102.295138888889	0
102.298611111111	0
102.302083333333	0
102.305555555556	0
102.309027777778	0
102.3125	0
102.315972222222	0
102.319444444444	0
102.322916666667	0
102.326388888889	0
102.329861111111	0
102.333333333333	0
102.336805555556	0
102.340277777778	0
102.34375	0
102.347222222222	0
102.350694444444	0
102.354166666667	0
102.357638888889	0
102.361111111111	0
102.364583333333	0
102.368055555556	0
102.371527777778	0
102.375	0
102.378472222222	0
102.381944444444	0
102.385416666667	0
102.388888888889	0
102.392361111111	0
102.395833333333	0
102.399305555556	0
102.402777777778	0
102.40625	0
102.409722222222	0
102.413194444444	0
102.416666666667	0
102.420138888889	0
102.423611111111	0
102.427083333333	0
102.430555555556	0
102.434027777778	0
102.4375	0
102.440972222222	0
102.444444444444	0
102.447916666667	0
102.451388888889	0
102.454861111111	0
102.458333333333	0
102.461805555556	0
102.465277777778	0
102.46875	0
102.472222222222	0
102.475694444444	0
102.479166666667	0
102.482638888889	0
102.486111111111	0
102.489583333333	0
102.493055555556	0
102.496527777778	0
102.5	0
102.503472222222	0
102.506944444444	0
102.510416666667	0
102.513888888889	0
102.517361111111	0
102.520833333333	0
102.524305555556	0
102.527777777778	0
102.53125	0
102.534722222222	0
102.538194444444	0
102.541666666667	0
102.545138888889	0
102.548611111111	0
102.552083333333	0
102.555555555556	0
102.559027777778	0
102.5625	0
102.565972222222	0
102.569444444444	0
102.572916666667	0
102.576388888889	0
102.579861111111	0
102.583333333333	0
102.586805555556	0
102.590277777778	0
102.59375	0
102.597222222222	0
102.600694444444	0
102.604166666667	0
102.607638888889	0
102.611111111111	0
102.614583333333	0
102.618055555556	0
102.621527777778	0
102.625	0
102.628472222222	0
102.631944444444	0
102.635416666667	0
102.638888888889	0
102.642361111111	0
102.645833333333	0
102.649305555556	0
102.652777777778	0
102.65625	0
102.659722222222	0
102.663194444444	0
102.666666666667	0
102.670138888889	0
102.673611111111	0
102.677083333333	0
102.680555555556	0
102.684027777778	0
102.6875	0
102.690972222222	0
102.694444444444	0
102.697916666667	0
102.701388888889	0
102.704861111111	0
102.708333333333	0
102.711805555556	0
102.715277777778	0
102.71875	0
102.722222222222	0
102.725694444444	0
102.729166666667	0
102.732638888889	0
102.736111111111	0
102.739583333333	0
102.743055555556	0
102.746527777778	0
102.75	0
102.753472222222	0
102.756944444444	0
102.760416666667	0
102.763888888889	0
102.767361111111	0
102.770833333333	0
102.774305555556	0
102.777777777778	0
102.78125	0
102.784722222222	0
102.788194444444	0
102.791666666667	0
102.795138888889	0
102.798611111111	0
102.802083333333	0
102.805555555556	0
102.809027777778	0
102.8125	0
102.815972222222	0
102.819444444444	0
102.822916666667	0
102.826388888889	0
102.829861111111	0
102.833333333333	0
102.836805555556	0
102.840277777778	0
102.84375	0
102.847222222222	0
102.850694444444	0
102.854166666667	0
102.857638888889	0
102.861111111111	0
102.864583333333	0
102.868055555556	0
102.871527777778	0
102.875	0
102.878472222222	0
102.881944444444	0
102.885416666667	0
102.888888888889	0
102.892361111111	0
102.895833333333	0
102.899305555556	0
102.902777777778	0
102.90625	0
102.909722222222	0
102.913194444444	0
102.916666666667	0
102.920138888889	0
102.923611111111	0
102.927083333333	0
102.930555555556	0
102.934027777778	0
102.9375	0
102.940972222222	0
102.944444444444	0
102.947916666667	0
102.951388888889	0
102.954861111111	0
102.958333333333	0
102.961805555556	0
102.965277777778	0
102.96875	0
102.972222222222	0
102.975694444444	0
102.979166666667	0
102.982638888889	0
102.986111111111	0
102.989583333333	0
102.993055555556	0
102.996527777778	0
103	0
103.003472222222	0
103.006944444444	0
103.010416666667	0
103.013888888889	0
103.017361111111	0
103.020833333333	0
103.024305555556	0
103.027777777778	0
103.03125	0
103.034722222222	0
103.038194444444	0
103.041666666667	0
103.045138888889	0
103.048611111111	0
103.052083333333	0
103.055555555556	0
103.059027777778	0
103.0625	0
103.065972222222	0
103.069444444444	0
103.072916666667	0
103.076388888889	0
103.079861111111	0
103.083333333333	0
103.086805555556	0
103.090277777778	0
103.09375	0
103.097222222222	0
103.100694444444	0
103.104166666667	0
103.107638888889	0
103.111111111111	0
103.114583333333	0
103.118055555556	0
103.121527777778	0
103.125	0
103.128472222222	0
103.131944444444	0
103.135416666667	0
103.138888888889	0
103.142361111111	0
103.145833333333	0
103.149305555556	0
103.152777777778	0
103.15625	0
103.159722222222	0
103.163194444444	0.2
103.166666666667	0
103.170138888889	0
103.173611111111	0
103.177083333333	0
103.180555555556	0
103.184027777778	0
103.1875	0
103.190972222222	0
103.194444444444	0
103.197916666667	0
103.201388888889	0.2
103.204861111111	0
103.208333333333	0
103.211805555556	0
103.215277777778	0.2
103.21875	0
103.222222222222	0.2
103.225694444444	0
103.229166666667	0.2
103.232638888889	0
103.236111111111	0.2
103.239583333333	0
103.243055555556	0.2
103.246527777778	0
103.25	0.2
103.253472222222	0
103.256944444444	0
103.260416666667	0
103.263888888889	0
103.267361111111	0
103.270833333333	0.2
103.274305555556	0
103.277777777778	0
103.28125	0
103.284722222222	0
103.288194444444	0
103.291666666667	0
103.295138888889	0
103.298611111111	0
103.302083333333	0
103.305555555556	0
103.309027777778	0
103.3125	0
103.315972222222	0
103.319444444444	0
103.322916666667	0
103.326388888889	0
103.329861111111	0
103.333333333333	0.2
103.336805555556	0
103.340277777778	0
103.34375	0.2
103.347222222222	0
103.350694444444	0
103.354166666667	0
103.357638888889	0
103.361111111111	0
103.364583333333	0
103.368055555556	0
103.371527777778	0
103.375	0
103.378472222222	0
103.381944444444	0
103.385416666667	0
103.388888888889	0
103.392361111111	0
103.395833333333	0
103.399305555556	0
103.402777777778	0
103.40625	0
103.409722222222	0
103.413194444444	0
103.416666666667	0
103.420138888889	0
103.423611111111	0
103.427083333333	0
103.430555555556	0
103.434027777778	0
103.4375	0
103.440972222222	0
103.444444444444	0
103.447916666667	0
103.451388888889	0
103.454861111111	0
103.458333333333	0
103.461805555556	0
103.465277777778	0
103.46875	0
103.472222222222	0
103.475694444444	0
103.479166666667	0
103.482638888889	0
103.486111111111	0
103.489583333333	0
103.493055555556	0
103.496527777778	0
103.5	0
103.503472222222	0
103.506944444444	0
103.510416666667	0
103.513888888889	0
103.517361111111	0
103.520833333333	0
103.524305555556	0
103.527777777778	0
103.53125	0
103.534722222222	0
103.538194444444	0.2
103.541666666667	0
103.545138888889	0
103.548611111111	0
103.552083333333	0
103.555555555556	0
103.559027777778	0
103.5625	0
103.565972222222	0
103.569444444444	0
103.572916666667	0
103.576388888889	0
103.579861111111	0
103.583333333333	0
103.586805555556	0
103.590277777778	0
103.59375	0
103.597222222222	0
103.600694444444	0
103.604166666667	0
103.607638888889	0
103.611111111111	0
103.614583333333	0
103.618055555556	0
103.621527777778	0
103.625	0
103.628472222222	0
103.631944444444	0
103.635416666667	0
103.638888888889	0
103.642361111111	0
103.645833333333	0
103.649305555556	0
103.652777777778	0
103.65625	0
103.659722222222	0
103.663194444444	0
103.666666666667	0
103.670138888889	0
103.673611111111	0
103.677083333333	0
103.680555555556	0
103.684027777778	0
103.6875	0
103.690972222222	0
103.694444444444	0
103.697916666667	0
103.701388888889	0
103.704861111111	0
103.708333333333	0
103.711805555556	0
103.715277777778	0
103.71875	0
103.722222222222	0
103.725694444444	0
103.729166666667	0
103.732638888889	0
103.736111111111	0
103.739583333333	0
103.743055555556	0
103.746527777778	0
103.75	0
103.753472222222	0
103.756944444444	0
103.760416666667	0
103.763888888889	0
103.767361111111	0
103.770833333333	0
103.774305555556	0
103.777777777778	0
103.78125	0
103.784722222222	0
103.788194444444	0
103.791666666667	0
103.795138888889	0
103.798611111111	0
103.802083333333	0
103.805555555556	0
103.809027777778	0
103.8125	0
103.815972222222	0
103.819444444444	0
103.822916666667	0
103.826388888889	0
103.829861111111	0
103.833333333333	0
103.836805555556	0
103.840277777778	0
103.84375	0
103.847222222222	0
103.850694444444	0
103.854166666667	0
103.857638888889	0
103.861111111111	0
103.864583333333	0
103.868055555556	0
103.871527777778	0
103.875	0
103.878472222222	0
103.881944444444	0
103.885416666667	0
103.888888888889	0
103.892361111111	0
103.895833333333	0
103.899305555556	0
103.902777777778	0
103.90625	0
103.909722222222	0
103.913194444444	0
103.916666666667	0
103.920138888889	0
103.923611111111	0
103.927083333333	0
103.930555555556	0
103.934027777778	0
103.9375	0
103.940972222222	0
103.944444444444	0
103.947916666667	0
103.951388888889	0
103.954861111111	0
103.958333333333	0
103.961805555556	0
103.965277777778	0
103.96875	0
103.972222222222	0
103.975694444444	0
103.979166666667	0
103.982638888889	0
103.986111111111	0
103.989583333333	0
103.993055555556	0
103.996527777778	0
104	0
104.003472222222	0
104.006944444444	0
104.010416666667	0
104.013888888889	0
104.017361111111	0
104.020833333333	0
104.024305555556	0
104.027777777778	0
104.03125	0
104.034722222222	0
104.038194444444	0
104.041666666667	0
104.045138888889	0
104.048611111111	0
104.052083333333	0
104.055555555556	0
104.059027777778	0
104.0625	0
104.065972222222	0
104.069444444444	0
104.072916666667	0
104.076388888889	0
104.079861111111	0
104.083333333333	0
104.086805555556	0
104.090277777778	0
104.09375	0
104.097222222222	0
104.100694444444	0
104.104166666667	0
104.107638888889	0
104.111111111111	0
104.114583333333	0
104.118055555556	0
104.121527777778	0.2
104.125	0
104.128472222222	0
104.131944444444	0
104.135416666667	0
104.138888888889	0
104.142361111111	0
104.145833333333	0
104.149305555556	0
104.152777777778	0
104.15625	0
104.159722222222	0
104.163194444444	0
104.166666666667	0
104.170138888889	0
104.173611111111	0
104.177083333333	0
104.180555555556	0
104.184027777778	0
104.1875	0
104.190972222222	0
104.194444444444	0
104.197916666667	0
104.201388888889	0
104.204861111111	0
104.208333333333	0.2
104.211805555556	0
104.215277777778	0
104.21875	0
104.222222222222	0
104.225694444444	0
104.229166666667	0
104.232638888889	0
104.236111111111	0
104.239583333333	0
104.243055555556	0
104.246527777778	0
104.25	0
104.253472222222	0
104.256944444444	0
104.260416666667	0
104.263888888889	0
104.267361111111	0
104.270833333333	0
104.274305555556	0
104.277777777778	0
104.28125	0
104.284722222222	0
104.288194444444	0
104.291666666667	0
104.295138888889	0
104.298611111111	0
104.302083333333	0
104.305555555556	0
104.309027777778	0
104.3125	0
104.315972222222	0
104.319444444444	0
104.322916666667	0
104.326388888889	0
104.329861111111	0
104.333333333333	0
104.336805555556	0
104.340277777778	0
104.34375	0
104.347222222222	0
104.350694444444	0
104.354166666667	0
104.357638888889	0
104.361111111111	0
104.364583333333	0
104.368055555556	0
104.371527777778	0
104.375	0
104.378472222222	0
104.381944444444	0
104.385416666667	0
104.388888888889	0
104.392361111111	0
104.395833333333	0
104.399305555556	0
104.402777777778	0
104.40625	0
104.409722222222	0
104.413194444444	0
104.416666666667	0
104.420138888889	0
104.423611111111	0
104.427083333333	0
104.430555555556	0
104.434027777778	0
104.4375	0
104.440972222222	0
104.444444444444	0
104.447916666667	0
104.451388888889	0
104.454861111111	0
104.458333333333	0
104.461805555556	0
104.465277777778	0
104.46875	0
104.472222222222	0
104.475694444444	0.2
104.479166666667	0
104.482638888889	0
104.486111111111	0.6
104.489583333333	0.2
104.493055555556	0
104.496527777778	0
104.5	0
104.503472222222	0
104.506944444444	0
104.510416666667	0
104.513888888889	0
104.517361111111	0
104.520833333333	0
104.524305555556	0
104.527777777778	0.2
104.53125	0
104.534722222222	0
104.538194444444	0
104.541666666667	0.4
104.545138888889	0
104.548611111111	0
104.552083333333	0
104.555555555556	0
104.559027777778	0.2
104.5625	0
104.565972222222	0
104.569444444444	0
104.572916666667	0
104.576388888889	0
104.579861111111	0
104.583333333333	0
104.586805555556	0
104.590277777778	0
104.59375	0
104.597222222222	0
104.600694444444	0
104.604166666667	0
104.607638888889	0
104.611111111111	0
104.614583333333	0
104.618055555556	0
104.621527777778	0
104.625	0
104.628472222222	0
104.631944444444	0
104.635416666667	0
104.638888888889	0
104.642361111111	0
104.645833333333	0
104.649305555556	0
104.652777777778	0
104.65625	0
104.659722222222	0
104.663194444444	0
104.666666666667	0
104.670138888889	0
104.673611111111	0
104.677083333333	0
104.680555555556	0
104.684027777778	0
104.6875	0
104.690972222222	0
104.694444444444	0
104.697916666667	0
104.701388888889	0
104.704861111111	0
104.708333333333	0
104.711805555556	0
104.715277777778	0
104.71875	0
104.722222222222	0
104.725694444444	0
104.729166666667	0
104.732638888889	0
104.736111111111	0
104.739583333333	0
104.743055555556	0
104.746527777778	0
104.75	0
104.753472222222	0
104.756944444444	0
104.760416666667	0.2
104.763888888889	0.2
104.767361111111	0
104.770833333333	0
104.774305555556	0
104.777777777778	0
104.78125	0
104.784722222222	0
104.788194444444	0
104.791666666667	0
104.795138888889	0
104.798611111111	0
104.802083333333	0
104.805555555556	0
104.809027777778	0
104.8125	0
104.815972222222	0
104.819444444444	0
104.822916666667	0
104.826388888889	0
104.829861111111	0
104.833333333333	0
104.836805555556	0
104.840277777778	0
104.84375	0
104.847222222222	0
104.850694444444	0
104.854166666667	0
104.857638888889	0
104.861111111111	0
104.864583333333	0
104.868055555556	0
104.871527777778	0
104.875	0
104.878472222222	0
104.881944444444	0
104.885416666667	0
104.888888888889	0
104.892361111111	0
104.895833333333	0
104.899305555556	0
104.902777777778	0
104.90625	0
104.909722222222	0
104.913194444444	0
104.916666666667	0
104.920138888889	0
104.923611111111	0
104.927083333333	0
104.930555555556	0
104.934027777778	0
104.9375	0
104.940972222222	0
104.944444444444	0
104.947916666667	0
104.951388888889	0
104.954861111111	0
104.958333333333	0
104.961805555556	0
104.965277777778	0
104.96875	0
104.972222222222	0
104.975694444444	0
104.979166666667	0
104.982638888889	0
104.986111111111	0
104.989583333333	0
104.993055555556	0
104.996527777778	0
105	0
105.003472222222	0
105.006944444444	0
105.010416666667	0
105.013888888889	0
105.017361111111	0
105.020833333333	0
105.024305555556	0
105.027777777778	0
105.03125	0
105.034722222222	0
105.038194444444	0
105.041666666667	0
105.045138888889	0
105.048611111111	0
105.052083333333	0
105.055555555556	0
105.059027777778	0
105.0625	0
105.065972222222	0
105.069444444444	0
105.072916666667	0
105.076388888889	0
105.079861111111	0
105.083333333333	0
105.086805555556	0
105.090277777778	0
105.09375	0
105.097222222222	0
105.100694444444	0
105.104166666667	0
105.107638888889	0
105.111111111111	0
105.114583333333	0
105.118055555556	0
105.121527777778	0
105.125	0
105.128472222222	0
105.131944444444	0
105.135416666667	0
105.138888888889	0
105.142361111111	0
105.145833333333	0
105.149305555556	0
105.152777777778	0
105.15625	0
105.159722222222	0
105.163194444444	0
105.166666666667	0
105.170138888889	0
105.173611111111	0
105.177083333333	0
105.180555555556	0
105.184027777778	0
105.1875	0
105.190972222222	0
105.194444444444	0
105.197916666667	0
105.201388888889	0
105.204861111111	0
105.208333333333	0
105.211805555556	0
105.215277777778	0
105.21875	0
105.222222222222	0
105.225694444444	0
105.229166666667	0
105.232638888889	0
105.236111111111	0
105.239583333333	0
105.243055555556	0
105.246527777778	0
105.25	0
105.253472222222	0
105.256944444444	0
105.260416666667	0
105.263888888889	0
105.267361111111	0
105.270833333333	0
105.274305555556	0
105.277777777778	0
105.28125	0
105.284722222222	0
105.288194444444	0
105.291666666667	0
105.295138888889	0
105.298611111111	0
105.302083333333	0
105.305555555556	0
105.309027777778	0
105.3125	0
105.315972222222	0
105.319444444444	0
105.322916666667	0
105.326388888889	0
105.329861111111	0
105.333333333333	0
105.336805555556	0
105.340277777778	0
105.34375	0
105.347222222222	0
105.350694444444	0
105.354166666667	0
105.357638888889	0
105.361111111111	0
105.364583333333	0
105.368055555556	0
105.371527777778	0
105.375	0
105.378472222222	0
105.381944444444	0
105.385416666667	0
105.388888888889	0
105.392361111111	0
105.395833333333	0
105.399305555556	0
105.402777777778	0
105.40625	0
105.409722222222	0
105.413194444444	0
105.416666666667	0
105.420138888889	0
105.423611111111	0
105.427083333333	0
105.430555555556	0
105.434027777778	0
105.4375	0
105.440972222222	0
105.444444444444	0.2
105.447916666667	0.2
105.451388888889	0
105.454861111111	0
105.458333333333	0
105.461805555556	0
105.465277777778	0.2
105.46875	0
105.472222222222	0
105.475694444444	0
105.479166666667	0
105.482638888889	0
105.486111111111	0
105.489583333333	0
105.493055555556	0
105.496527777778	0
105.5	0
105.503472222222	0
105.506944444444	0
105.510416666667	0
105.513888888889	0
105.517361111111	0
105.520833333333	0
105.524305555556	0
105.527777777778	0
105.53125	0.4
105.534722222222	0.4
105.538194444444	0.4
105.541666666667	0.2
105.545138888889	0.4
105.548611111111	0
105.552083333333	0.2
105.555555555556	0
105.559027777778	0
105.5625	0.2
105.565972222222	0
105.569444444444	0.2
105.572916666667	0
105.576388888889	0.4
105.579861111111	0.2
105.583333333333	0.2
105.586805555556	0
105.590277777778	0
105.59375	0
105.597222222222	0
105.600694444444	0
105.604166666667	0
105.607638888889	0
105.611111111111	0
105.614583333333	0
105.618055555556	0
105.621527777778	0
105.625	0
105.628472222222	0.2
105.631944444444	0
105.635416666667	0
105.638888888889	0
105.642361111111	0
105.645833333333	0
105.649305555556	0
105.652777777778	0
105.65625	0
105.659722222222	0
105.663194444444	0
105.666666666667	0
105.670138888889	0
105.673611111111	0
105.677083333333	0
105.680555555556	0
105.684027777778	0
105.6875	0
105.690972222222	0
105.694444444444	0.2
105.697916666667	0
105.701388888889	0
105.704861111111	0
105.708333333333	0
105.711805555556	0
105.715277777778	0
105.71875	0
105.722222222222	0
105.725694444444	0
105.729166666667	0
105.732638888889	0
105.736111111111	0
105.739583333333	0
105.743055555556	0
105.746527777778	0
105.75	0
105.753472222222	0
105.756944444444	0
105.760416666667	0
105.763888888889	0
105.767361111111	0
105.770833333333	0
105.774305555556	0
105.777777777778	0
105.78125	0
105.784722222222	0
105.788194444444	0
105.791666666667	0
105.795138888889	0
105.798611111111	0
105.802083333333	0
105.805555555556	0
105.809027777778	0
105.8125	0
105.815972222222	0
105.819444444444	0
105.822916666667	0
105.826388888889	0
105.829861111111	0.2
105.833333333333	0
105.836805555556	0
105.840277777778	0
105.84375	0
105.847222222222	0
105.850694444444	0
105.854166666667	0
105.857638888889	0
105.861111111111	0
105.864583333333	0
105.868055555556	0
105.871527777778	0
105.875	0
105.878472222222	0
105.881944444444	0
105.885416666667	0
105.888888888889	0
105.892361111111	0
105.895833333333	0
105.899305555556	0
105.902777777778	0
105.90625	0
105.909722222222	0
105.913194444444	0
105.916666666667	0
105.920138888889	0
105.923611111111	0
105.927083333333	0
105.930555555556	0
105.934027777778	0
105.9375	0
105.940972222222	0
105.944444444444	0
105.947916666667	0
105.951388888889	0
105.954861111111	0
105.958333333333	0
105.961805555556	0
105.965277777778	0
105.96875	0
105.972222222222	0
105.975694444444	0
105.979166666667	0
105.982638888889	0
105.986111111111	0
105.989583333333	0
105.993055555556	0
105.996527777778	0
106	0
106.003472222222	0
106.006944444444	0
106.010416666667	0
106.013888888889	0
106.017361111111	0
106.020833333333	0
106.024305555556	0
106.027777777778	0
106.03125	0
106.034722222222	0
106.038194444444	0
106.041666666667	0
106.045138888889	0
106.048611111111	0
106.052083333333	0
106.055555555556	0
106.059027777778	0
106.0625	0
106.065972222222	0
106.069444444444	0
106.072916666667	0
106.076388888889	0
106.079861111111	0
106.083333333333	0
106.086805555556	0
106.090277777778	0
106.09375	0
106.097222222222	0
106.100694444444	0
106.104166666667	0
106.107638888889	0
106.111111111111	0
106.114583333333	0
106.118055555556	0
106.121527777778	0
106.125	0
106.128472222222	0
106.131944444444	0
106.135416666667	0
106.138888888889	0
106.142361111111	0
106.145833333333	0
106.149305555556	0
106.152777777778	0
106.15625	0
106.159722222222	0
106.163194444444	0
106.166666666667	0
106.170138888889	0
106.173611111111	0
106.177083333333	0
106.180555555556	0
106.184027777778	0
106.1875	0
106.190972222222	0
106.194444444444	0
106.197916666667	0
106.201388888889	0
106.204861111111	0
106.208333333333	0
106.211805555556	0
106.215277777778	0
106.21875	0
106.222222222222	0
106.225694444444	0
106.229166666667	0
106.232638888889	0
106.236111111111	0
106.239583333333	0
106.243055555556	0
106.246527777778	0
106.25	0
106.253472222222	0
106.256944444444	0
106.260416666667	0
106.263888888889	0
106.267361111111	0
106.270833333333	0
106.274305555556	0
106.277777777778	0
106.28125	0
106.284722222222	0
106.288194444444	0
106.291666666667	0
106.295138888889	0
106.298611111111	0
106.302083333333	0
106.305555555556	0
106.309027777778	0
106.3125	0
106.315972222222	0
106.319444444444	0
106.322916666667	0
106.326388888889	0
106.329861111111	0
106.333333333333	0
106.336805555556	0
106.340277777778	0
106.34375	0
106.347222222222	0
106.350694444444	0
106.354166666667	0
106.357638888889	0
106.361111111111	0
106.364583333333	0
106.368055555556	0
106.371527777778	0
106.375	0
106.378472222222	0
106.381944444444	0
106.385416666667	0
106.388888888889	0
106.392361111111	0
106.395833333333	0
106.399305555556	0
106.402777777778	0
106.40625	0
106.409722222222	0
106.413194444444	0
106.416666666667	0
106.420138888889	0
106.423611111111	0
106.427083333333	0
106.430555555556	0
106.434027777778	0
106.4375	0
106.440972222222	0
106.444444444444	0
106.447916666667	0
106.451388888889	0
106.454861111111	0
106.458333333333	0
106.461805555556	0
106.465277777778	0
106.46875	0
106.472222222222	0
106.475694444444	0
106.479166666667	0
106.482638888889	0
106.486111111111	0
106.489583333333	0
106.493055555556	0
106.496527777778	0
106.5	0
106.503472222222	0
106.506944444444	0
106.510416666667	0
106.513888888889	0
106.517361111111	0
106.520833333333	0
106.524305555556	0
106.527777777778	0
106.53125	0
106.534722222222	0
106.538194444444	0
106.541666666667	0
106.545138888889	0
106.548611111111	0
106.552083333333	0
106.555555555556	0
106.559027777778	0
106.5625	0
106.565972222222	0
106.569444444444	0.2
106.572916666667	0
106.576388888889	0
106.579861111111	0
106.583333333333	0
106.586805555556	0
106.590277777778	0
106.59375	0
106.597222222222	0
106.600694444444	0
106.604166666667	0
106.607638888889	0
106.611111111111	0
106.614583333333	0
106.618055555556	0
106.621527777778	0
106.625	0
106.628472222222	0
106.631944444444	0
106.635416666667	0
106.638888888889	0
106.642361111111	0
106.645833333333	0
106.649305555556	0
106.652777777778	0
106.65625	0
106.659722222222	0
106.663194444444	0
106.666666666667	0
106.670138888889	0
106.673611111111	0
106.677083333333	0
106.680555555556	0
106.684027777778	0
106.6875	0
106.690972222222	0
106.694444444444	0
106.697916666667	0
106.701388888889	0
106.704861111111	0
106.708333333333	0
106.711805555556	0
106.715277777778	0
106.71875	0
106.722222222222	0
106.725694444444	0
106.729166666667	0
106.732638888889	0
106.736111111111	0
106.739583333333	0
106.743055555556	0
106.746527777778	0
106.75	0
106.753472222222	0
106.756944444444	0
106.760416666667	0
106.763888888889	0
106.767361111111	0
106.770833333333	0
106.774305555556	0
106.777777777778	0
106.78125	0
106.784722222222	0
106.788194444444	0
106.791666666667	0
106.795138888889	0
106.798611111111	0
106.802083333333	0
106.805555555556	0
106.809027777778	0
106.8125	0
106.815972222222	0
106.819444444444	0
106.822916666667	0
106.826388888889	0
106.829861111111	0
106.833333333333	0
106.836805555556	0
106.840277777778	0
106.84375	0
106.847222222222	0
106.850694444444	0
106.854166666667	0
106.857638888889	0
106.861111111111	0
106.864583333333	0
106.868055555556	0
106.871527777778	0
106.875	0
106.878472222222	0
106.881944444444	0
106.885416666667	0
106.888888888889	0
106.892361111111	0
106.895833333333	0
106.899305555556	0
106.902777777778	0
106.90625	0
106.909722222222	0
106.913194444444	0
106.916666666667	0
106.920138888889	0
106.923611111111	0
106.927083333333	0
106.930555555556	0
106.934027777778	0
106.9375	0
106.940972222222	0
106.944444444444	0
106.947916666667	0
106.951388888889	0
106.954861111111	0
106.958333333333	0
106.961805555556	0
106.965277777778	0
106.96875	0
106.972222222222	0
106.975694444444	0
106.979166666667	0
106.982638888889	0
106.986111111111	0
106.989583333333	0
106.993055555556	0
106.996527777778	0
107	0
107.003472222222	0
107.006944444444	0
107.010416666667	0
107.013888888889	0
107.017361111111	0
107.020833333333	0
107.024305555556	0
107.027777777778	0
107.03125	0
107.034722222222	0
107.038194444444	0
107.041666666667	0
107.045138888889	0
107.048611111111	0
107.052083333333	0
107.055555555556	0
107.059027777778	0
107.0625	0
107.065972222222	0
107.069444444444	0
107.072916666667	0
107.076388888889	0
107.079861111111	0
107.083333333333	0
107.086805555556	0
107.090277777778	0
107.09375	0
107.097222222222	0
107.100694444444	0
107.104166666667	0
107.107638888889	0
107.111111111111	0
107.114583333333	0
107.118055555556	0
107.121527777778	0
107.125	0
107.128472222222	0
107.131944444444	0
107.135416666667	0
107.138888888889	0
107.142361111111	0
107.145833333333	0
107.149305555556	0
107.152777777778	0
107.15625	0
107.159722222222	0
107.163194444444	0
107.166666666667	0
107.170138888889	0
107.173611111111	0
107.177083333333	0
107.180555555556	0
107.184027777778	0
107.1875	0
107.190972222222	0
107.194444444444	0
107.197916666667	0
107.201388888889	0
107.204861111111	0
107.208333333333	0
107.211805555556	0
107.215277777778	0
107.21875	0
107.222222222222	0
107.225694444444	0
107.229166666667	0
107.232638888889	0
107.236111111111	0
107.239583333333	0
107.243055555556	0
107.246527777778	0
107.25	0
107.253472222222	0
107.256944444444	0
107.260416666667	0
107.263888888889	0
107.267361111111	0
107.270833333333	0
107.274305555556	0
107.277777777778	0
107.28125	0
107.284722222222	0
107.288194444444	0
107.291666666667	0
107.295138888889	0
107.298611111111	0
107.302083333333	0
107.305555555556	0
107.309027777778	0
107.3125	0
107.315972222222	0
107.319444444444	0
107.322916666667	0
107.326388888889	0
107.329861111111	0
107.333333333333	0
107.336805555556	0
107.340277777778	0
107.34375	0
107.347222222222	0
107.350694444444	0
107.354166666667	0
107.357638888889	0
107.361111111111	0
107.364583333333	0
107.368055555556	0
107.371527777778	0
107.375	0
107.378472222222	0
107.381944444444	0
107.385416666667	0
107.388888888889	0
107.392361111111	0
107.395833333333	0
107.399305555556	0
107.402777777778	0
107.40625	0
107.409722222222	0
107.413194444444	0
107.416666666667	0
107.420138888889	0
107.423611111111	0
107.427083333333	0
107.430555555556	0
107.434027777778	0
107.4375	0
107.440972222222	0
107.444444444444	0
107.447916666667	0
107.451388888889	0
107.454861111111	0
107.458333333333	0
107.461805555556	0
107.465277777778	0
107.46875	0
107.472222222222	0
107.475694444444	0
107.479166666667	0
107.482638888889	0
107.486111111111	0
107.489583333333	0
107.493055555556	0
107.496527777778	0
107.5	0
107.503472222222	0
107.506944444444	0
107.510416666667	0
107.513888888889	0
107.517361111111	0
107.520833333333	0
107.524305555556	0
107.527777777778	0
107.53125	0
107.534722222222	0
107.538194444444	0
107.541666666667	0
107.545138888889	0
107.548611111111	0
107.552083333333	0
107.555555555556	0
107.559027777778	0
107.5625	0
107.565972222222	0
107.569444444444	0
107.572916666667	0
107.576388888889	0
107.579861111111	0
107.583333333333	0
107.586805555556	0
107.590277777778	0
107.59375	0
107.597222222222	0
107.600694444444	0
107.604166666667	0
107.607638888889	0
107.611111111111	0
107.614583333333	0
107.618055555556	0
107.621527777778	0
107.625	0
107.628472222222	0
107.631944444444	0
107.635416666667	0
107.638888888889	0
107.642361111111	0
107.645833333333	0
107.649305555556	0
107.652777777778	0
107.65625	0
107.659722222222	0
107.663194444444	0
107.666666666667	0
107.670138888889	0
107.673611111111	0
107.677083333333	0
107.680555555556	0
107.684027777778	0
107.6875	0
107.690972222222	0
107.694444444444	0
107.697916666667	0
107.701388888889	0.2
107.704861111111	0
107.708333333333	0
107.711805555556	0
107.715277777778	0
107.71875	0
107.722222222222	0
107.725694444444	0
107.729166666667	0
107.732638888889	0
107.736111111111	0
107.739583333333	0
107.743055555556	0
107.746527777778	0
107.75	0
107.753472222222	0
107.756944444444	0
107.760416666667	0
107.763888888889	0
107.767361111111	0
107.770833333333	0
107.774305555556	0
107.777777777778	0
107.78125	0
107.784722222222	0
107.788194444444	0
107.791666666667	0
107.795138888889	0
107.798611111111	0
107.802083333333	0
107.805555555556	0
107.809027777778	0
107.8125	0
107.815972222222	0
107.819444444444	0
107.822916666667	0
107.826388888889	0
107.829861111111	0
107.833333333333	0
107.836805555556	0
107.840277777778	0
107.84375	0
107.847222222222	0
107.850694444444	0
107.854166666667	0
107.857638888889	0
107.861111111111	0
107.864583333333	0
107.868055555556	0
107.871527777778	0
107.875	0
107.878472222222	0
107.881944444444	0
107.885416666667	0
107.888888888889	0
107.892361111111	0
107.895833333333	0
107.899305555556	0
107.902777777778	0
107.90625	0
107.909722222222	0
107.913194444444	0
107.916666666667	0
107.920138888889	0
107.923611111111	0
107.927083333333	0
107.930555555556	0
107.934027777778	0
107.9375	0
107.940972222222	0
107.944444444444	0
107.947916666667	0
107.951388888889	0
107.954861111111	0
107.958333333333	0
107.961805555556	0
107.965277777778	0
107.96875	0
107.972222222222	0
107.975694444444	0
107.979166666667	0
107.982638888889	0
107.986111111111	0
107.989583333333	0
107.993055555556	0
107.996527777778	0
108	0
108.003472222222	0
108.006944444444	0
108.010416666667	0
108.013888888889	0
108.017361111111	0
108.020833333333	0
108.024305555556	0
108.027777777778	0
108.03125	0
108.034722222222	0
108.038194444444	0
108.041666666667	0
108.045138888889	0
108.048611111111	0
108.052083333333	0
108.055555555556	0
108.059027777778	0
108.0625	0
108.065972222222	0
108.069444444444	0
108.072916666667	0
108.076388888889	0
108.079861111111	0
108.083333333333	0
108.086805555556	0
108.090277777778	0
108.09375	0
108.097222222222	0
108.100694444444	0
108.104166666667	0
108.107638888889	0
108.111111111111	0
108.114583333333	0
108.118055555556	0
108.121527777778	0
108.125	0
108.128472222222	0
108.131944444444	0
108.135416666667	0
108.138888888889	0
108.142361111111	0
108.145833333333	0
108.149305555556	0
108.152777777778	0
108.15625	0
108.159722222222	0
108.163194444444	0
108.166666666667	0
108.170138888889	0
108.173611111111	0
108.177083333333	0
108.180555555556	0
108.184027777778	0
108.1875	0
108.190972222222	0
108.194444444444	0
108.197916666667	0
108.201388888889	0
108.204861111111	0
108.208333333333	0
108.211805555556	0
108.215277777778	0
108.21875	0
108.222222222222	0
108.225694444444	0
108.229166666667	0
108.232638888889	0
108.236111111111	0
108.239583333333	0
108.243055555556	0
108.246527777778	0
108.25	0
108.253472222222	0
108.256944444444	0
108.260416666667	0
108.263888888889	0
108.267361111111	0
108.270833333333	0
108.274305555556	0
108.277777777778	0
108.28125	0
108.284722222222	0
108.288194444444	0
108.291666666667	0
108.295138888889	0
108.298611111111	0
108.302083333333	0
108.305555555556	0
108.309027777778	0
108.3125	0
108.315972222222	0
108.319444444444	0
108.322916666667	0
108.326388888889	0
108.329861111111	0
108.333333333333	0
108.336805555556	0
108.340277777778	0
108.34375	0
108.347222222222	0
108.350694444444	0
108.354166666667	0
108.357638888889	0
108.361111111111	0
108.364583333333	0
108.368055555556	0
108.371527777778	0
108.375	0
108.378472222222	0
108.381944444444	0
108.385416666667	0
108.388888888889	0
108.392361111111	0
108.395833333333	0
108.399305555556	0
108.402777777778	0
108.40625	0
108.409722222222	0
108.413194444444	0
108.416666666667	0
108.420138888889	0
108.423611111111	0
108.427083333333	0
108.430555555556	0
108.434027777778	0
108.4375	0
108.440972222222	0
108.444444444444	0
108.447916666667	0
108.451388888889	0
108.454861111111	0
108.458333333333	0
108.461805555556	0
108.465277777778	0
108.46875	0
108.472222222222	0
108.475694444444	0
108.479166666667	0
108.482638888889	0
108.486111111111	0
108.489583333333	0
108.493055555556	0
108.496527777778	0
108.5	0
108.503472222222	0
108.506944444444	0
108.510416666667	0
108.513888888889	0
108.517361111111	0.2
108.520833333333	0
108.524305555556	0
108.527777777778	0
108.53125	0
108.534722222222	0
108.538194444444	0
108.541666666667	0
108.545138888889	0
108.548611111111	0
108.552083333333	0
108.555555555556	0
108.559027777778	0
108.5625	0
108.565972222222	0
108.569444444444	0
108.572916666667	0
108.576388888889	0
108.579861111111	0
108.583333333333	0
108.586805555556	0
108.590277777778	0
108.59375	0
108.597222222222	0
108.600694444444	0
108.604166666667	0
108.607638888889	0
108.611111111111	0
108.614583333333	0
108.618055555556	0
108.621527777778	0
108.625	0
108.628472222222	0
108.631944444444	0
108.635416666667	0
108.638888888889	0
108.642361111111	0
108.645833333333	0
108.649305555556	0
108.652777777778	0
108.65625	0
108.659722222222	0
108.663194444444	0
108.666666666667	0
108.670138888889	0
108.673611111111	0
108.677083333333	0
108.680555555556	0
108.684027777778	0
108.6875	0
108.690972222222	0
108.694444444444	0
108.697916666667	0
108.701388888889	0
108.704861111111	0
108.708333333333	0
108.711805555556	0
108.715277777778	0
108.71875	0
108.722222222222	0
108.725694444444	0
108.729166666667	0
108.732638888889	0
108.736111111111	0
108.739583333333	0
108.743055555556	0
108.746527777778	0
108.75	0
108.753472222222	0
108.756944444444	0
108.760416666667	0
108.763888888889	0
108.767361111111	0
108.770833333333	0
108.774305555556	0
108.777777777778	0
108.78125	0
108.784722222222	0
108.788194444444	0
108.791666666667	0
108.795138888889	0
108.798611111111	0
108.802083333333	0
108.805555555556	0
108.809027777778	0
108.8125	0
108.815972222222	0
108.819444444444	0
108.822916666667	0
108.826388888889	0
108.829861111111	0
108.833333333333	0
108.836805555556	0
108.840277777778	0
108.84375	0
108.847222222222	0
108.850694444444	0
108.854166666667	0
108.857638888889	0
108.861111111111	0
108.864583333333	0
108.868055555556	0
108.871527777778	0
108.875	0
108.878472222222	0
108.881944444444	0
108.885416666667	0
108.888888888889	0
108.892361111111	0
108.895833333333	0
108.899305555556	0
108.902777777778	0
108.90625	0
108.909722222222	0
108.913194444444	0
108.916666666667	0
108.920138888889	0
108.923611111111	0
108.927083333333	0
108.930555555556	0
108.934027777778	0
108.9375	0
108.940972222222	0
108.944444444444	0
108.947916666667	0
108.951388888889	0
108.954861111111	0
108.958333333333	0
108.961805555556	0
108.965277777778	0
108.96875	0
108.972222222222	0
108.975694444444	0
108.979166666667	0
108.982638888889	0
108.986111111111	0
108.989583333333	0
108.993055555556	0
108.996527777778	0
109	0
109.003472222222	0
109.006944444444	0
109.010416666667	0
109.013888888889	0
109.017361111111	0
109.020833333333	0
109.024305555556	0
109.027777777778	0
109.03125	0
109.034722222222	0
109.038194444444	0
109.041666666667	0
109.045138888889	0
109.048611111111	0
109.052083333333	0
109.055555555556	0
109.059027777778	0
109.0625	0
109.065972222222	0
109.069444444444	0
109.072916666667	0
109.076388888889	0
109.079861111111	0
109.083333333333	0
109.086805555556	0
109.090277777778	0
109.09375	0
109.097222222222	0
109.100694444444	0
109.104166666667	0
109.107638888889	0
109.111111111111	0
109.114583333333	0
109.118055555556	0
109.121527777778	0
109.125	0
109.128472222222	0
109.131944444444	0
109.135416666667	0
109.138888888889	0
109.142361111111	0
109.145833333333	0
109.149305555556	0
109.152777777778	0
109.15625	0
109.159722222222	0
109.163194444444	0
109.166666666667	0
109.170138888889	0
109.173611111111	0
109.177083333333	0
109.180555555556	0
109.184027777778	0
109.1875	0
109.190972222222	0
109.194444444444	0
109.197916666667	0
109.201388888889	0
109.204861111111	0
109.208333333333	0
109.211805555556	0
109.215277777778	0
109.21875	0
109.222222222222	0
109.225694444444	0
109.229166666667	0
109.232638888889	0
109.236111111111	0
109.239583333333	0
109.243055555556	0
109.246527777778	0
109.25	0
109.253472222222	0
109.256944444444	0
109.260416666667	0
109.263888888889	0
109.267361111111	0
109.270833333333	0
109.274305555556	0
109.277777777778	0
109.28125	0
109.284722222222	0
109.288194444444	0
109.291666666667	0
109.295138888889	0
109.298611111111	0
109.302083333333	0
109.305555555556	0
109.309027777778	0
109.3125	0
109.315972222222	0
109.319444444444	0
109.322916666667	0
109.326388888889	0
109.329861111111	0
109.333333333333	0
109.336805555556	0
109.340277777778	0
109.34375	0
109.347222222222	0
109.350694444444	0
109.354166666667	0
109.357638888889	0
109.361111111111	0
109.364583333333	0
109.368055555556	0
109.371527777778	0
109.375	0
109.378472222222	0
109.381944444444	0
109.385416666667	0
109.388888888889	0
109.392361111111	0
109.395833333333	0
109.399305555556	0
109.402777777778	0
109.40625	0
109.409722222222	0
109.413194444444	0
109.416666666667	0
109.420138888889	0
109.423611111111	0
109.427083333333	0
109.430555555556	0
109.434027777778	0
109.4375	0
109.440972222222	0
109.444444444444	0
109.447916666667	0
109.451388888889	0
109.454861111111	0
109.458333333333	0
109.461805555556	0
109.465277777778	0
109.46875	0
109.472222222222	0
109.475694444444	0
109.479166666667	0
109.482638888889	0
109.486111111111	0
109.489583333333	0
109.493055555556	0
109.496527777778	0
109.5	0
109.503472222222	0
109.506944444444	0
109.510416666667	0
109.513888888889	0
109.517361111111	0
109.520833333333	0
109.524305555556	0
109.527777777778	0
109.53125	0
109.534722222222	0
109.538194444444	0
109.541666666667	0
109.545138888889	0
109.548611111111	0
109.552083333333	0
109.555555555556	0
109.559027777778	0
109.5625	0
109.565972222222	0
109.569444444444	0
109.572916666667	0
109.576388888889	0
109.579861111111	0
109.583333333333	0
109.586805555556	0
109.590277777778	0
109.59375	0
109.597222222222	0
109.600694444444	0
109.604166666667	0
109.607638888889	0
109.611111111111	0
109.614583333333	0
109.618055555556	0
109.621527777778	0
109.625	0
109.628472222222	0
109.631944444444	0
109.635416666667	0
109.638888888889	0
109.642361111111	0
109.645833333333	0
109.649305555556	0
109.652777777778	0
109.65625	0
109.659722222222	0
109.663194444444	0
109.666666666667	0
109.670138888889	0
109.673611111111	0
109.677083333333	0
109.680555555556	0
109.684027777778	0
109.6875	0
109.690972222222	0
109.694444444444	0
109.697916666667	0
109.701388888889	0
109.704861111111	0
109.708333333333	0
109.711805555556	0
109.715277777778	0
109.71875	0
109.722222222222	0
109.725694444444	0
109.729166666667	0
109.732638888889	0
109.736111111111	0
109.739583333333	0
109.743055555556	0
109.746527777778	0
109.75	0
109.753472222222	0
109.756944444444	0
109.760416666667	0
109.763888888889	0
109.767361111111	0
109.770833333333	0
109.774305555556	0
109.777777777778	0
109.78125	0
109.784722222222	0
109.788194444444	0
109.791666666667	0
109.795138888889	0
109.798611111111	0
109.802083333333	0
109.805555555556	0
109.809027777778	0
109.8125	0
109.815972222222	0
109.819444444444	0
109.822916666667	0
109.826388888889	0
109.829861111111	0
109.833333333333	0
109.836805555556	0
109.840277777778	0
109.84375	0
109.847222222222	0
109.850694444444	0
109.854166666667	0
109.857638888889	0
109.861111111111	0
109.864583333333	0
109.868055555556	0
109.871527777778	0
109.875	0
109.878472222222	0
109.881944444444	0
109.885416666667	0
109.888888888889	0
109.892361111111	0
109.895833333333	0
109.899305555556	0
109.902777777778	0
109.90625	0
109.909722222222	0
109.913194444444	0
109.916666666667	0
109.920138888889	0
109.923611111111	0
109.927083333333	0
109.930555555556	0
109.934027777778	0
109.9375	0
109.940972222222	0
109.944444444444	0
109.947916666667	0
109.951388888889	0
109.954861111111	0
109.958333333333	0
109.961805555556	0
109.965277777778	0
109.96875	0
109.972222222222	0
109.975694444444	0
109.979166666667	0
109.982638888889	0
109.986111111111	0
109.989583333333	0
109.993055555556	0
109.996527777778	0
110	0
110.003472222222	0
110.006944444444	0
110.010416666667	0
110.013888888889	0
110.017361111111	0
110.020833333333	0
110.024305555556	0
110.027777777778	0
110.03125	0
110.034722222222	0
110.038194444444	0
110.041666666667	0
110.045138888889	0
110.048611111111	0
110.052083333333	0
110.055555555556	0
110.059027777778	0
110.0625	0
110.065972222222	0
110.069444444444	0
110.072916666667	0
110.076388888889	0
110.079861111111	0
110.083333333333	0
110.086805555556	0
110.090277777778	0
110.09375	0
110.097222222222	0
110.100694444444	0
110.104166666667	0
110.107638888889	0
110.111111111111	0
110.114583333333	0
110.118055555556	0
110.121527777778	0
110.125	0
110.128472222222	0
110.131944444444	0
110.135416666667	0
110.138888888889	0.2
110.142361111111	0
110.145833333333	0
110.149305555556	0
110.152777777778	0
110.15625	0
110.159722222222	0
110.163194444444	0
110.166666666667	0
110.170138888889	0
110.173611111111	0
110.177083333333	0
110.180555555556	0
110.184027777778	0
110.1875	0
110.190972222222	0
110.194444444444	0
110.197916666667	0
110.201388888889	0
110.204861111111	0
110.208333333333	0
110.211805555556	0
110.215277777778	0
110.21875	0
110.222222222222	0
110.225694444444	0
110.229166666667	0
110.232638888889	0
110.236111111111	0
110.239583333333	0
110.243055555556	0
110.246527777778	0
110.25	0
110.253472222222	0
110.256944444444	0
110.260416666667	0
110.263888888889	0
110.267361111111	0
110.270833333333	0
110.274305555556	0
110.277777777778	0
110.28125	0
110.284722222222	0
110.288194444444	0
110.291666666667	0
110.295138888889	0
110.298611111111	0
110.302083333333	0
110.305555555556	0
110.309027777778	0
110.3125	0
110.315972222222	0
110.319444444444	0
110.322916666667	0
110.326388888889	0
110.329861111111	0
110.333333333333	0
110.336805555556	0
110.340277777778	0
110.34375	0
110.347222222222	0.2
110.350694444444	0
110.354166666667	0
110.357638888889	0.2
110.361111111111	0
110.364583333333	0
110.368055555556	0
110.371527777778	0
110.375	0
110.378472222222	0
110.381944444444	0
110.385416666667	0
110.388888888889	0
110.392361111111	1
110.395833333333	1.6
110.399305555556	0.6
110.402777777778	0.2
110.40625	0
110.409722222222	0.2
110.413194444444	0
110.416666666667	0
110.420138888889	0.2
110.423611111111	0.2
110.427083333333	0.2
110.430555555556	0
110.434027777778	0
110.4375	0
110.440972222222	0
110.444444444444	0
110.447916666667	0
110.451388888889	0
110.454861111111	0
110.458333333333	0
110.461805555556	0
110.465277777778	0
110.46875	0
110.472222222222	0
110.475694444444	0.2
110.479166666667	0
110.482638888889	0
110.486111111111	0
110.489583333333	0
110.493055555556	0
110.496527777778	0
110.5	0
110.503472222222	0
110.506944444444	0
110.510416666667	0
110.513888888889	0
110.517361111111	0
110.520833333333	0
110.524305555556	0
110.527777777778	0
110.53125	0
110.534722222222	0
110.538194444444	0
110.541666666667	0
110.545138888889	0
110.548611111111	0
110.552083333333	0
110.555555555556	0
110.559027777778	0.2
110.5625	0
110.565972222222	0
110.569444444444	0
110.572916666667	0
110.576388888889	0
110.579861111111	0
110.583333333333	0
110.586805555556	0.2
110.590277777778	0
110.59375	0
110.597222222222	0
110.600694444444	0
110.604166666667	0
110.607638888889	0
110.611111111111	0
110.614583333333	0
110.618055555556	0
110.621527777778	0
110.625	0
110.628472222222	0
110.631944444444	0
110.635416666667	0
110.638888888889	0
110.642361111111	0
110.645833333333	0
110.649305555556	0
110.652777777778	0
110.65625	0
110.659722222222	0
110.663194444444	0
110.666666666667	0
110.670138888889	0
110.673611111111	0.2
110.677083333333	0
110.680555555556	0
110.684027777778	0
110.6875	0
110.690972222222	0
110.694444444444	0
110.697916666667	0.2
110.701388888889	0.2
110.704861111111	0
110.708333333333	0
110.711805555556	0
110.715277777778	0
110.71875	0
110.722222222222	0
110.725694444444	0
110.729166666667	0.2
110.732638888889	0
110.736111111111	0
110.739583333333	0
110.743055555556	0
110.746527777778	0
110.75	0
110.753472222222	0
110.756944444444	0
110.760416666667	0
110.763888888889	0.2
110.767361111111	0
110.770833333333	0
110.774305555556	0
110.777777777778	0
110.78125	0
110.784722222222	0
110.788194444444	0
110.791666666667	0
110.795138888889	0
110.798611111111	0
110.802083333333	0
110.805555555556	0
110.809027777778	0
110.8125	0
110.815972222222	0
110.819444444444	0
110.822916666667	0
110.826388888889	0
110.829861111111	0
110.833333333333	0
110.836805555556	0
110.840277777778	0
110.84375	0
110.847222222222	0
110.850694444444	0
110.854166666667	0
110.857638888889	0
110.861111111111	0
110.864583333333	0
110.868055555556	0
110.871527777778	0
110.875	0
110.878472222222	0
110.881944444444	0
110.885416666667	0
110.888888888889	0
110.892361111111	0
110.895833333333	0
110.899305555556	0
110.902777777778	0
110.90625	0
110.909722222222	0
110.913194444444	0
110.916666666667	0
110.920138888889	0
110.923611111111	0
110.927083333333	0
110.930555555556	0
110.934027777778	0
110.9375	0
110.940972222222	0
110.944444444444	0
110.947916666667	0
110.951388888889	0
110.954861111111	0
110.958333333333	0
110.961805555556	0
110.965277777778	0
110.96875	0
110.972222222222	0
110.975694444444	0
110.979166666667	0
110.982638888889	0
110.986111111111	0
110.989583333333	0
110.993055555556	0
110.996527777778	0
111	0
111.003472222222	0
111.006944444444	0
111.010416666667	0
111.013888888889	0
111.017361111111	0
111.020833333333	0
111.024305555556	0
111.027777777778	0
111.03125	0
111.034722222222	0
111.038194444444	0
111.041666666667	0
111.045138888889	0
111.048611111111	0
111.052083333333	0
111.055555555556	0
111.059027777778	0
111.0625	0
111.065972222222	0
111.069444444444	0
111.072916666667	0
111.076388888889	0
111.079861111111	0
111.083333333333	0
111.086805555556	0
111.090277777778	0
111.09375	0
111.097222222222	0
111.100694444444	0
111.104166666667	0
111.107638888889	0
111.111111111111	0
111.114583333333	0
111.118055555556	0
111.121527777778	0
111.125	0
111.128472222222	0
111.131944444444	0
111.135416666667	0
111.138888888889	0
111.142361111111	0
111.145833333333	0
111.149305555556	0
111.152777777778	0
111.15625	0
111.159722222222	0
111.163194444444	0
111.166666666667	0
111.170138888889	0
111.173611111111	0
111.177083333333	0
111.180555555556	0
111.184027777778	0
111.1875	0
111.190972222222	0
111.194444444444	0
111.197916666667	0
111.201388888889	0
111.204861111111	0
111.208333333333	0
111.211805555556	0
111.215277777778	0
111.21875	0
111.222222222222	0
111.225694444444	0
111.229166666667	0
111.232638888889	0
111.236111111111	0
111.239583333333	0
111.243055555556	0
111.246527777778	0
111.25	0
111.253472222222	0
111.256944444444	0
111.260416666667	0
111.263888888889	0
111.267361111111	0
111.270833333333	0
111.274305555556	0
111.277777777778	0
111.28125	0
111.284722222222	0
111.288194444444	0
111.291666666667	0
111.295138888889	0
111.298611111111	0
111.302083333333	0
111.305555555556	0
111.309027777778	0
111.3125	0
111.315972222222	0
111.319444444444	0
111.322916666667	0
111.326388888889	0
111.329861111111	0
111.333333333333	0
111.336805555556	0
111.340277777778	0
111.34375	0
111.347222222222	0
111.350694444444	0
111.354166666667	0
111.357638888889	0
111.361111111111	0
111.364583333333	0
111.368055555556	0
111.371527777778	0
111.375	0
111.378472222222	0
111.381944444444	0
111.385416666667	0
111.388888888889	0
111.392361111111	0
111.395833333333	0
111.399305555556	0
111.402777777778	0
111.40625	0
111.409722222222	0
111.413194444444	0
111.416666666667	0
111.420138888889	0
111.423611111111	0
111.427083333333	0
111.430555555556	0
111.434027777778	0
111.4375	0
111.440972222222	0
111.444444444444	0
111.447916666667	0
111.451388888889	0
111.454861111111	0
111.458333333333	0
111.461805555556	0
111.465277777778	0.2
111.46875	0
111.472222222222	0
111.475694444444	0
111.479166666667	0
111.482638888889	0
111.486111111111	0
111.489583333333	0
111.493055555556	0
111.496527777778	0
111.5	0
111.503472222222	0
111.506944444444	0
111.510416666667	0
111.513888888889	0
111.517361111111	0
111.520833333333	0
111.524305555556	0
111.527777777778	0
111.53125	0
111.534722222222	0
111.538194444444	0
111.541666666667	0
111.545138888889	0
111.548611111111	0
111.552083333333	0
111.555555555556	0
111.559027777778	0
111.5625	0
111.565972222222	0
111.569444444444	0
111.572916666667	0
111.576388888889	0
111.579861111111	0
111.583333333333	0
111.586805555556	0
111.590277777778	0
111.59375	0
111.597222222222	0
111.600694444444	0
111.604166666667	0
111.607638888889	0
111.611111111111	0
111.614583333333	0
111.618055555556	0
111.621527777778	0
111.625	0
111.628472222222	0
111.631944444444	0
111.635416666667	0
111.638888888889	0
111.642361111111	0
111.645833333333	0
111.649305555556	0
111.652777777778	0
111.65625	0
111.659722222222	0
111.663194444444	0
111.666666666667	0
111.670138888889	0
111.673611111111	0
111.677083333333	0
111.680555555556	0
111.684027777778	0
111.6875	0
111.690972222222	0
111.694444444444	0
111.697916666667	0
111.701388888889	0
111.704861111111	0
111.708333333333	0
111.711805555556	0
111.715277777778	0
111.71875	0
111.722222222222	0
111.725694444444	0
111.729166666667	0
111.732638888889	0
111.736111111111	0
111.739583333333	0
111.743055555556	0
111.746527777778	0
111.75	0
111.753472222222	0
111.756944444444	0
111.760416666667	0
111.763888888889	0
111.767361111111	0
111.770833333333	0
111.774305555556	0
111.777777777778	0
111.78125	0
111.784722222222	0
111.788194444444	0
111.791666666667	0
111.795138888889	0
111.798611111111	0
111.802083333333	0
111.805555555556	0
111.809027777778	0
111.8125	0
111.815972222222	0
111.819444444444	0
111.822916666667	0
111.826388888889	0
111.829861111111	0
111.833333333333	0
111.836805555556	0
111.840277777778	0
111.84375	0
111.847222222222	0
111.850694444444	0
111.854166666667	0
111.857638888889	0
111.861111111111	0
111.864583333333	0
111.868055555556	0
111.871527777778	0
111.875	0
111.878472222222	0
111.881944444444	0
111.885416666667	0
111.888888888889	0
111.892361111111	0
111.895833333333	0
111.899305555556	0
111.902777777778	0
111.90625	0
111.909722222222	0
111.913194444444	0
111.916666666667	0
111.920138888889	0
111.923611111111	0
111.927083333333	0
111.930555555556	0
111.934027777778	0
111.9375	0
111.940972222222	0
111.944444444444	0
111.947916666667	0
111.951388888889	0
111.954861111111	0
111.958333333333	0
111.961805555556	0
111.965277777778	0
111.96875	0
111.972222222222	0
111.975694444444	0
111.979166666667	0
111.982638888889	0
111.986111111111	0
111.989583333333	0
111.993055555556	0
111.996527777778	0
112	0
112.003472222222	0
112.006944444444	0
112.010416666667	0
112.013888888889	0
112.017361111111	0
112.020833333333	0
112.024305555556	0
112.027777777778	0
112.03125	0
112.034722222222	0
112.038194444444	0
112.041666666667	0
112.045138888889	0
112.048611111111	0
112.052083333333	0
112.055555555556	0
112.059027777778	0
112.0625	0
112.065972222222	0
112.069444444444	0
112.072916666667	0
112.076388888889	0
112.079861111111	0
112.083333333333	0
112.086805555556	0
112.090277777778	0
112.09375	0
112.097222222222	0
112.100694444444	0
112.104166666667	0
112.107638888889	0
112.111111111111	0
112.114583333333	0
112.118055555556	0
112.121527777778	0
112.125	0
112.128472222222	0
112.131944444444	0
112.135416666667	0
112.138888888889	0
112.142361111111	0
112.145833333333	0
112.149305555556	0
112.152777777778	0
112.15625	0
112.159722222222	0
112.163194444444	0
112.166666666667	0
112.170138888889	0
112.173611111111	0
112.177083333333	0
112.180555555556	0
112.184027777778	0
112.1875	0
112.190972222222	0
112.194444444444	0
112.197916666667	0
112.201388888889	0
112.204861111111	0
112.208333333333	0
112.211805555556	0
112.215277777778	0
112.21875	0
112.222222222222	0
112.225694444444	0
112.229166666667	0
112.232638888889	0
112.236111111111	0
112.239583333333	0
112.243055555556	0
112.246527777778	0
112.25	0
112.253472222222	0
112.256944444444	0
112.260416666667	0
112.263888888889	0
112.267361111111	0
112.270833333333	0
112.274305555556	0
112.277777777778	0
112.28125	0
112.284722222222	0
112.288194444444	0
112.291666666667	0
112.295138888889	0
112.298611111111	0
112.302083333333	0
112.305555555556	0
112.309027777778	0
112.3125	0
112.315972222222	0
112.319444444444	0
112.322916666667	0
112.326388888889	0
112.329861111111	0
112.333333333333	0
112.336805555556	0
112.340277777778	0
112.34375	0
112.347222222222	0
112.350694444444	0
112.354166666667	0
112.357638888889	0
112.361111111111	0
112.364583333333	0
112.368055555556	0
112.371527777778	0
112.375	0
112.378472222222	0
112.381944444444	0
112.385416666667	0
112.388888888889	0
112.392361111111	0
112.395833333333	0
112.399305555556	0
112.402777777778	0
112.40625	0
112.409722222222	0
112.413194444444	0
112.416666666667	0
112.420138888889	0
112.423611111111	0
112.427083333333	0
112.430555555556	0
112.434027777778	0
112.4375	0
112.440972222222	0
112.444444444444	0
112.447916666667	0
112.451388888889	0
112.454861111111	0
112.458333333333	0
112.461805555556	0
112.465277777778	0
112.46875	0
112.472222222222	0
112.475694444444	0
112.479166666667	0
112.482638888889	0
112.486111111111	0
112.489583333333	0
112.493055555556	0
112.496527777778	0
112.5	0
112.503472222222	0
112.506944444444	0
112.510416666667	0.2
112.513888888889	0
112.517361111111	0
112.520833333333	0
112.524305555556	0
112.527777777778	0
112.53125	0
112.534722222222	0
112.538194444444	0
112.541666666667	0
112.545138888889	0
112.548611111111	0
112.552083333333	0
112.555555555556	0
112.559027777778	0
112.5625	0
112.565972222222	0
112.569444444444	0
112.572916666667	0
112.576388888889	0
112.579861111111	0
112.583333333333	0
112.586805555556	0
112.590277777778	0
112.59375	0
112.597222222222	0
112.600694444444	0
112.604166666667	0
112.607638888889	0
112.611111111111	0
112.614583333333	0
112.618055555556	0
112.621527777778	0
112.625	0
112.628472222222	0
112.631944444444	0
112.635416666667	0
112.638888888889	0
112.642361111111	0
112.645833333333	0
112.649305555556	0
112.652777777778	0
112.65625	0
112.659722222222	0
112.663194444444	0
112.666666666667	0
112.670138888889	0
112.673611111111	0
112.677083333333	0
112.680555555556	0
112.684027777778	0
112.6875	0
112.690972222222	0
112.694444444444	0
112.697916666667	0
112.701388888889	0
112.704861111111	0
112.708333333333	0
112.711805555556	0
112.715277777778	0
112.71875	0
112.722222222222	0
112.725694444444	0
112.729166666667	0
112.732638888889	0
112.736111111111	0
112.739583333333	0
112.743055555556	0
112.746527777778	0
112.75	0
112.753472222222	0
112.756944444444	0
112.760416666667	0
112.763888888889	0
112.767361111111	0
112.770833333333	0
112.774305555556	0
112.777777777778	0
112.78125	0
112.784722222222	0
112.788194444444	0
112.791666666667	0
112.795138888889	0
112.798611111111	0
112.802083333333	0
112.805555555556	0
112.809027777778	0
112.8125	0
112.815972222222	0
112.819444444444	0
112.822916666667	0
112.826388888889	0
112.829861111111	0
112.833333333333	0
112.836805555556	0
112.840277777778	0
112.84375	0
112.847222222222	0
112.850694444444	0
112.854166666667	0
112.857638888889	0
112.861111111111	0
112.864583333333	0
112.868055555556	0
112.871527777778	0
112.875	0
112.878472222222	0
112.881944444444	0
112.885416666667	0
112.888888888889	0
112.892361111111	0
112.895833333333	0
112.899305555556	0
112.902777777778	0
112.90625	0
112.909722222222	0
112.913194444444	0
112.916666666667	0
112.920138888889	0
112.923611111111	0
112.927083333333	0
112.930555555556	0
112.934027777778	0
112.9375	0
112.940972222222	0
112.944444444444	0
112.947916666667	0
112.951388888889	0
112.954861111111	0
112.958333333333	0
112.961805555556	0
112.965277777778	0
112.96875	0
112.972222222222	0
112.975694444444	0
112.979166666667	0
112.982638888889	0
112.986111111111	0
112.989583333333	0
112.993055555556	0
112.996527777778	0
113	0
113.003472222222	0
113.006944444444	0
113.010416666667	0
113.013888888889	0
113.017361111111	0
113.020833333333	0
113.024305555556	0
113.027777777778	0
113.03125	0
113.034722222222	0
113.038194444444	0
113.041666666667	0
113.045138888889	0
113.048611111111	0
113.052083333333	0
113.055555555556	0
113.059027777778	0
113.0625	0
113.065972222222	0
113.069444444444	0
113.072916666667	0
113.076388888889	0
113.079861111111	0
113.083333333333	0
113.086805555556	0
113.090277777778	0
113.09375	0
113.097222222222	0
113.100694444444	0
113.104166666667	0
113.107638888889	0
113.111111111111	0
113.114583333333	0
113.118055555556	0
113.121527777778	0
113.125	0
113.128472222222	0
113.131944444444	0
113.135416666667	0
113.138888888889	0
113.142361111111	0
113.145833333333	0
113.149305555556	0
113.152777777778	0
113.15625	0
113.159722222222	0
113.163194444444	0
113.166666666667	0
113.170138888889	0
113.173611111111	0
113.177083333333	0
113.180555555556	0
113.184027777778	0
113.1875	0
113.190972222222	0
113.194444444444	0
113.197916666667	0
113.201388888889	0
113.204861111111	0
113.208333333333	0
113.211805555556	0
113.215277777778	0
113.21875	0
113.222222222222	0
113.225694444444	0
113.229166666667	0
113.232638888889	0
113.236111111111	0
113.239583333333	0
113.243055555556	0
113.246527777778	0
113.25	0
113.253472222222	0
113.256944444444	0
113.260416666667	0
113.263888888889	0
113.267361111111	0
113.270833333333	0
113.274305555556	0
113.277777777778	0
113.28125	0
113.284722222222	0
113.288194444444	0
113.291666666667	0
113.295138888889	0
113.298611111111	0
113.302083333333	0
113.305555555556	0
113.309027777778	0
113.3125	0
113.315972222222	0
113.319444444444	0
113.322916666667	0
113.326388888889	0
113.329861111111	0
113.333333333333	0
113.336805555556	0
113.340277777778	0
113.34375	0
113.347222222222	0
113.350694444444	0
113.354166666667	0
113.357638888889	0
113.361111111111	0
113.364583333333	0
113.368055555556	0
113.371527777778	0
113.375	0
113.378472222222	0
113.381944444444	0
113.385416666667	0
113.388888888889	0
113.392361111111	0
113.395833333333	0
113.399305555556	0
113.402777777778	0
113.40625	0
113.409722222222	0
113.413194444444	0
113.416666666667	0
113.420138888889	0
113.423611111111	0
113.427083333333	0
113.430555555556	0
113.434027777778	0
113.4375	0
113.440972222222	0
113.444444444444	0
113.447916666667	0
113.451388888889	0
113.454861111111	0
113.458333333333	0
113.461805555556	0
113.465277777778	0
113.46875	0
113.472222222222	0
113.475694444444	0
113.479166666667	0
113.482638888889	0
113.486111111111	0
113.489583333333	0
113.493055555556	0
113.496527777778	0
113.5	0
113.503472222222	0
113.506944444444	0
113.510416666667	0
113.513888888889	0
113.517361111111	0
113.520833333333	0
113.524305555556	0
113.527777777778	0
113.53125	0
113.534722222222	0
113.538194444444	0
113.541666666667	0
113.545138888889	0
113.548611111111	0
113.552083333333	0
113.555555555556	0
113.559027777778	0
113.5625	0
113.565972222222	0
113.569444444444	0
113.572916666667	0
113.576388888889	0
113.579861111111	0
113.583333333333	0
113.586805555556	0
113.590277777778	0
113.59375	0
113.597222222222	0
113.600694444444	0
113.604166666667	0
113.607638888889	0
113.611111111111	0
113.614583333333	0
113.618055555556	0
113.621527777778	0
113.625	0
113.628472222222	0
113.631944444444	0
113.635416666667	0
113.638888888889	0
113.642361111111	0
113.645833333333	0
113.649305555556	0
113.652777777778	0
113.65625	0
113.659722222222	0
113.663194444444	0
113.666666666667	0
113.670138888889	0
113.673611111111	0
113.677083333333	0
113.680555555556	0
113.684027777778	0
113.6875	0
113.690972222222	0
113.694444444444	0
113.697916666667	0
113.701388888889	0
113.704861111111	0
113.708333333333	0
113.711805555556	0
113.715277777778	0
113.71875	0
113.722222222222	0
113.725694444444	0
113.729166666667	0
113.732638888889	0
113.736111111111	0
113.739583333333	0
113.743055555556	0
113.746527777778	0
113.75	0
113.753472222222	0
113.756944444444	0
113.760416666667	0
113.763888888889	0
113.767361111111	0
113.770833333333	0
113.774305555556	0
113.777777777778	0
113.78125	0
113.784722222222	0
113.788194444444	0
113.791666666667	0
113.795138888889	0
113.798611111111	0
113.802083333333	0
113.805555555556	0
113.809027777778	0
113.8125	0
113.815972222222	0
113.819444444444	0
113.822916666667	0
113.826388888889	0
113.829861111111	0
113.833333333333	0
113.836805555556	0
113.840277777778	0
113.84375	0
113.847222222222	0
113.850694444444	0
113.854166666667	0
113.857638888889	0
113.861111111111	0
113.864583333333	0
113.868055555556	0
113.871527777778	0
113.875	0
113.878472222222	0
113.881944444444	0
113.885416666667	0
113.888888888889	0
113.892361111111	0
113.895833333333	0
113.899305555556	0
113.902777777778	0
113.90625	0
113.909722222222	0
113.913194444444	0
113.916666666667	0
113.920138888889	0
113.923611111111	0
113.927083333333	0
113.930555555556	0
113.934027777778	0
113.9375	0
113.940972222222	0
113.944444444444	0
113.947916666667	0
113.951388888889	0
113.954861111111	0
113.958333333333	0
113.961805555556	0
113.965277777778	0
113.96875	0
113.972222222222	0
113.975694444444	0
113.979166666667	0
113.982638888889	0
113.986111111111	0
113.989583333333	0
113.993055555556	0
113.996527777778	0
114	0
114.003472222222	0
114.006944444444	0
114.010416666667	0
114.013888888889	0
114.017361111111	0
114.020833333333	0
114.024305555556	0
114.027777777778	0
114.03125	0
114.034722222222	0
114.038194444444	0
114.041666666667	0
114.045138888889	0
114.048611111111	0
114.052083333333	0
114.055555555556	0
114.059027777778	0
114.0625	0
114.065972222222	0
114.069444444444	0
114.072916666667	0
114.076388888889	0
114.079861111111	0
114.083333333333	0
114.086805555556	0
114.090277777778	0
114.09375	0
114.097222222222	0
114.100694444444	0
114.104166666667	0
114.107638888889	0
114.111111111111	0
114.114583333333	0
114.118055555556	0
114.121527777778	0
114.125	0
114.128472222222	0
114.131944444444	0
114.135416666667	0
114.138888888889	0
114.142361111111	0
114.145833333333	0
114.149305555556	0
114.152777777778	0
114.15625	0
114.159722222222	0
114.163194444444	0
114.166666666667	0
114.170138888889	0
114.173611111111	0
114.177083333333	0
114.180555555556	0
114.184027777778	0
114.1875	0
114.190972222222	0
114.194444444444	0
114.197916666667	0
114.201388888889	0
114.204861111111	0
114.208333333333	0
114.211805555556	0
114.215277777778	0
114.21875	0
114.222222222222	0
114.225694444444	0
114.229166666667	0
114.232638888889	0
114.236111111111	0
114.239583333333	0
114.243055555556	0
114.246527777778	0
114.25	0
114.253472222222	0
114.256944444444	0
114.260416666667	0
114.263888888889	0
114.267361111111	0
114.270833333333	0
114.274305555556	0
114.277777777778	0
114.28125	0
114.284722222222	0
114.288194444444	0
114.291666666667	0
114.295138888889	0
114.298611111111	0
114.302083333333	0
114.305555555556	0
114.309027777778	0
114.3125	0
114.315972222222	0
114.319444444444	0
114.322916666667	0
114.326388888889	0
114.329861111111	0
114.333333333333	0
114.336805555556	0
114.340277777778	0
114.34375	0
114.347222222222	0
114.350694444444	0
114.354166666667	0
114.357638888889	0
114.361111111111	0
114.364583333333	0
114.368055555556	0
114.371527777778	0
114.375	0
114.378472222222	0
114.381944444444	0
114.385416666667	0
114.388888888889	0
114.392361111111	0
114.395833333333	0
114.399305555556	0
114.402777777778	0
114.40625	0
114.409722222222	0
114.413194444444	0
114.416666666667	0
114.420138888889	0
114.423611111111	0
114.427083333333	0
114.430555555556	0
114.434027777778	0
114.4375	0
114.440972222222	0
114.444444444444	0
114.447916666667	0
114.451388888889	0
114.454861111111	0
114.458333333333	0
114.461805555556	0
114.465277777778	0
114.46875	0
114.472222222222	0
114.475694444444	0
114.479166666667	0
114.482638888889	0
114.486111111111	0
114.489583333333	0
114.493055555556	0
114.496527777778	0
114.5	0
114.503472222222	0
114.506944444444	0
114.510416666667	0
114.513888888889	0
114.517361111111	0
114.520833333333	0
114.524305555556	0
114.527777777778	0
114.53125	0
114.534722222222	0
114.538194444444	0
114.541666666667	0
114.545138888889	0
114.548611111111	0
114.552083333333	0
114.555555555556	0
114.559027777778	0
114.5625	0
114.565972222222	0
114.569444444444	0
114.572916666667	0
114.576388888889	0
114.579861111111	0
114.583333333333	0
114.586805555556	0
114.590277777778	0
114.59375	0
114.597222222222	0
114.600694444444	0
114.604166666667	0
114.607638888889	0
114.611111111111	0
114.614583333333	0
114.618055555556	0
114.621527777778	0
114.625	0
114.628472222222	0
114.631944444444	0
114.635416666667	0
114.638888888889	0
114.642361111111	0
114.645833333333	0
114.649305555556	0
114.652777777778	0
114.65625	0
114.659722222222	0
114.663194444444	0
114.666666666667	0
114.670138888889	0
114.673611111111	0
114.677083333333	0
114.680555555556	0
114.684027777778	0
114.6875	0
114.690972222222	0
114.694444444444	0
114.697916666667	0
114.701388888889	0
114.704861111111	0
114.708333333333	0
114.711805555556	0
114.715277777778	0
114.71875	0
114.722222222222	0
114.725694444444	0
114.729166666667	0
114.732638888889	0
114.736111111111	0
114.739583333333	0
114.743055555556	0
114.746527777778	0
114.75	0
114.753472222222	0
114.756944444444	0
114.760416666667	0
114.763888888889	0
114.767361111111	0
114.770833333333	0
114.774305555556	0
114.777777777778	0
114.78125	0
114.784722222222	0
114.788194444444	0
114.791666666667	0
114.795138888889	0
114.798611111111	0
114.802083333333	0
114.805555555556	0
114.809027777778	0
114.8125	0
114.815972222222	0
114.819444444444	0
114.822916666667	0
114.826388888889	0
114.829861111111	0
114.833333333333	0
114.836805555556	0
114.840277777778	0
114.84375	0
114.847222222222	0
114.850694444444	0
114.854166666667	0
114.857638888889	0
114.861111111111	0
114.864583333333	0
114.868055555556	0
114.871527777778	0
114.875	0
114.878472222222	0
114.881944444444	0
114.885416666667	0
114.888888888889	0
114.892361111111	0
114.895833333333	0
114.899305555556	0
114.902777777778	0
114.90625	0
114.909722222222	0
114.913194444444	0
114.916666666667	0
114.920138888889	0
114.923611111111	0
114.927083333333	0
114.930555555556	0
114.934027777778	0
114.9375	0
114.940972222222	0
114.944444444444	0
114.947916666667	0
114.951388888889	0
114.954861111111	0
114.958333333333	0
114.961805555556	0
114.965277777778	0
114.96875	0
114.972222222222	0
114.975694444444	0
114.979166666667	0
114.982638888889	0
114.986111111111	0
114.989583333333	0
114.993055555556	0
114.996527777778	0
115	0
115.003472222222	0
115.006944444444	0
115.010416666667	0
115.013888888889	0
115.017361111111	0
115.020833333333	0
115.024305555556	0
115.027777777778	0
115.03125	0
115.034722222222	0
115.038194444444	0
115.041666666667	0
115.045138888889	0
115.048611111111	0
115.052083333333	0
115.055555555556	0
115.059027777778	0
115.0625	0
115.065972222222	0
115.069444444444	0
115.072916666667	0
115.076388888889	0
115.079861111111	0
115.083333333333	0
115.086805555556	0
115.090277777778	0
115.09375	0
115.097222222222	0
115.100694444444	0
115.104166666667	0
115.107638888889	0
115.111111111111	0
115.114583333333	0
115.118055555556	0
115.121527777778	0
115.125	0
115.128472222222	0
115.131944444444	0
115.135416666667	0
115.138888888889	0
115.142361111111	0
115.145833333333	0
115.149305555556	0
115.152777777778	0
115.15625	0
115.159722222222	0
115.163194444444	0
115.166666666667	0
115.170138888889	0
115.173611111111	0
115.177083333333	0
115.180555555556	0
115.184027777778	0
115.1875	0
115.190972222222	0
115.194444444444	0
115.197916666667	0
115.201388888889	0
115.204861111111	0
115.208333333333	0
115.211805555556	0
115.215277777778	0
115.21875	0
115.222222222222	0
115.225694444444	0
115.229166666667	0
115.232638888889	0
115.236111111111	0
115.239583333333	0
115.243055555556	0
115.246527777778	0
115.25	0
115.253472222222	0
115.256944444444	0
115.260416666667	0
115.263888888889	0
115.267361111111	0
115.270833333333	0
115.274305555556	0
115.277777777778	0
115.28125	0
115.284722222222	0
115.288194444444	0
115.291666666667	0
115.295138888889	0
115.298611111111	0
115.302083333333	0
115.305555555556	0
115.309027777778	0
115.3125	0
115.315972222222	0
115.319444444444	0
115.322916666667	0
115.326388888889	0
115.329861111111	0
115.333333333333	0
115.336805555556	0
115.340277777778	0
115.34375	0
115.347222222222	0
115.350694444444	0
115.354166666667	0
115.357638888889	0
115.361111111111	0
115.364583333333	0
115.368055555556	0
115.371527777778	0
115.375	0
115.378472222222	0
115.381944444444	0
115.385416666667	0
115.388888888889	0
115.392361111111	0
115.395833333333	0
115.399305555556	0
115.402777777778	0
115.40625	0
115.409722222222	0
115.413194444444	0
115.416666666667	0
115.420138888889	0
115.423611111111	0
115.427083333333	0
115.430555555556	0
115.434027777778	0
115.4375	0
115.440972222222	0
115.444444444444	0
115.447916666667	0
115.451388888889	0
115.454861111111	0
115.458333333333	0
115.461805555556	0
115.465277777778	0
115.46875	0
115.472222222222	0
115.475694444444	0
115.479166666667	0
115.482638888889	0
115.486111111111	0
115.489583333333	0
115.493055555556	0
115.496527777778	0
115.5	0
115.503472222222	0
115.506944444444	0
115.510416666667	0
115.513888888889	0
115.517361111111	0
115.520833333333	0
115.524305555556	0
115.527777777778	0
115.53125	0
115.534722222222	0
115.538194444444	0
115.541666666667	0
115.545138888889	0
115.548611111111	0
115.552083333333	0
115.555555555556	0
115.559027777778	0
115.5625	0
115.565972222222	0
115.569444444444	0
115.572916666667	0
115.576388888889	0
115.579861111111	0
115.583333333333	0
115.586805555556	0
115.590277777778	0
115.59375	0
115.597222222222	0
115.600694444444	0
115.604166666667	0
115.607638888889	0
115.611111111111	0
115.614583333333	0
115.618055555556	0
115.621527777778	0
115.625	0
115.628472222222	0
115.631944444444	0
115.635416666667	0
115.638888888889	0
115.642361111111	0
115.645833333333	0
115.649305555556	0
115.652777777778	0
115.65625	0
115.659722222222	0
115.663194444444	0
115.666666666667	0
115.670138888889	0
115.673611111111	0
115.677083333333	0
115.680555555556	0
115.684027777778	0
115.6875	0
115.690972222222	0
115.694444444444	0
115.697916666667	0
115.701388888889	0
115.704861111111	0
115.708333333333	0
115.711805555556	0
115.715277777778	0
115.71875	0
115.722222222222	0
115.725694444444	0
115.729166666667	0
115.732638888889	0
115.736111111111	0
115.739583333333	0
115.743055555556	0
115.746527777778	0
115.75	0
115.753472222222	0
115.756944444444	0
115.760416666667	0
115.763888888889	0
115.767361111111	0
115.770833333333	0.2
115.774305555556	0
115.777777777778	0
115.78125	0
115.784722222222	0
115.788194444444	0
115.791666666667	0
115.795138888889	0
115.798611111111	0
115.802083333333	0
115.805555555556	0
115.809027777778	0
115.8125	0
115.815972222222	0
115.819444444444	0
115.822916666667	0
115.826388888889	0
115.829861111111	0
115.833333333333	0
115.836805555556	0
115.840277777778	0
115.84375	0
115.847222222222	0
115.850694444444	0
115.854166666667	0
115.857638888889	0
115.861111111111	0
115.864583333333	0
115.868055555556	0
115.871527777778	0
115.875	0
115.878472222222	0
115.881944444444	0
115.885416666667	0
115.888888888889	0
115.892361111111	0
115.895833333333	0
115.899305555556	0
115.902777777778	0
115.90625	0
115.909722222222	0
115.913194444444	0
115.916666666667	0
115.920138888889	0
115.923611111111	0
115.927083333333	0
115.930555555556	0
115.934027777778	0
115.9375	0
115.940972222222	0
115.944444444444	0
115.947916666667	0
115.951388888889	0
115.954861111111	0
115.958333333333	0
115.961805555556	0
115.965277777778	0
115.96875	0
115.972222222222	0
115.975694444444	0
115.979166666667	0
115.982638888889	0
115.986111111111	0
115.989583333333	0
115.993055555556	0
115.996527777778	0
116	0
116.003472222222	0
116.006944444444	0
116.010416666667	0
116.013888888889	0
116.017361111111	0
116.020833333333	0
116.024305555556	0
116.027777777778	0
116.03125	0
116.034722222222	0
116.038194444444	0
116.041666666667	0
116.045138888889	0
116.048611111111	0
116.052083333333	0
116.055555555556	0
116.059027777778	0
116.0625	0
116.065972222222	0
116.069444444444	0
116.072916666667	0
116.076388888889	0
116.079861111111	0
116.083333333333	0
116.086805555556	0
116.090277777778	0
116.09375	0
116.097222222222	0
116.100694444444	0
116.104166666667	0
116.107638888889	0
116.111111111111	0
116.114583333333	0
116.118055555556	0
116.121527777778	0
116.125	0
116.128472222222	0
116.131944444444	0
116.135416666667	0
116.138888888889	0
116.142361111111	0
116.145833333333	0
116.149305555556	0
116.152777777778	0
116.15625	0
116.159722222222	0
116.163194444444	0
116.166666666667	0
116.170138888889	0
116.173611111111	0
116.177083333333	0
116.180555555556	0
116.184027777778	0
116.1875	0
116.190972222222	0
116.194444444444	0
116.197916666667	0
116.201388888889	0
116.204861111111	0
116.208333333333	0
116.211805555556	0
116.215277777778	0
116.21875	0
116.222222222222	0
116.225694444444	0
116.229166666667	0
116.232638888889	0
116.236111111111	0
116.239583333333	0
116.243055555556	0
116.246527777778	0
116.25	0
116.253472222222	0
116.256944444444	0
116.260416666667	0
116.263888888889	0
116.267361111111	0
116.270833333333	0
116.274305555556	0
116.277777777778	0
116.28125	0
116.284722222222	0
116.288194444444	0
116.291666666667	0
116.295138888889	0
116.298611111111	0
116.302083333333	0
116.305555555556	0
116.309027777778	0
116.3125	0
116.315972222222	0
116.319444444444	0
116.322916666667	0
116.326388888889	0
116.329861111111	0
116.333333333333	0
116.336805555556	0
116.340277777778	0
116.34375	0
116.347222222222	0
116.350694444444	0
116.354166666667	0
116.357638888889	0
116.361111111111	0
116.364583333333	0
116.368055555556	0
116.371527777778	0
116.375	0
116.378472222222	0
116.381944444444	0
116.385416666667	0
116.388888888889	0
116.392361111111	0
116.395833333333	0
116.399305555556	0
116.402777777778	0
116.40625	0
116.409722222222	0
116.413194444444	0
116.416666666667	0
116.420138888889	0
116.423611111111	0
116.427083333333	0
116.430555555556	0
116.434027777778	0
116.4375	0
116.440972222222	0
116.444444444444	0
116.447916666667	0
116.451388888889	0
116.454861111111	0
116.458333333333	0
116.461805555556	0
116.465277777778	0
116.46875	0
116.472222222222	0
116.475694444444	0
116.479166666667	0
116.482638888889	0
116.486111111111	0
116.489583333333	0
116.493055555556	0
116.496527777778	0
116.5	0
116.503472222222	0
116.506944444444	0
116.510416666667	0
116.513888888889	0
116.517361111111	0
116.520833333333	0
116.524305555556	0
116.527777777778	0
116.53125	0
116.534722222222	0
116.538194444444	0
116.541666666667	0
116.545138888889	0
116.548611111111	0
116.552083333333	0
116.555555555556	0.2
116.559027777778	0
116.5625	0
116.565972222222	0
116.569444444444	0
116.572916666667	0
116.576388888889	0
116.579861111111	0
116.583333333333	0
116.586805555556	0
116.590277777778	0
116.59375	0
116.597222222222	0
116.600694444444	0
116.604166666667	0
116.607638888889	0
116.611111111111	0
116.614583333333	0
116.618055555556	0
116.621527777778	0
116.625	0
116.628472222222	0
116.631944444444	0
116.635416666667	0
116.638888888889	0
116.642361111111	0
116.645833333333	0
116.649305555556	0
116.652777777778	0
116.65625	0
116.659722222222	0
116.663194444444	0
116.666666666667	0
116.670138888889	0
116.673611111111	0
116.677083333333	0
116.680555555556	0
116.684027777778	0
116.6875	0
116.690972222222	0
116.694444444444	0
116.697916666667	0
116.701388888889	0
116.704861111111	0
116.708333333333	0
116.711805555556	0
116.715277777778	0
116.71875	0
116.722222222222	0
116.725694444444	0
116.729166666667	0
116.732638888889	0
116.736111111111	0
116.739583333333	0
116.743055555556	0
116.746527777778	0
116.75	0
116.753472222222	0
116.756944444444	0
116.760416666667	0
116.763888888889	0
116.767361111111	0
116.770833333333	0
116.774305555556	0
116.777777777778	0
116.78125	0
116.784722222222	0
116.788194444444	0
116.791666666667	0
116.795138888889	0
116.798611111111	0
116.802083333333	0
116.805555555556	0
116.809027777778	0
116.8125	0
116.815972222222	0
116.819444444444	0
116.822916666667	0
116.826388888889	0
116.829861111111	0
116.833333333333	0
116.836805555556	0
116.840277777778	0
116.84375	0
116.847222222222	0
116.850694444444	0
116.854166666667	0
116.857638888889	0
116.861111111111	0
116.864583333333	0
116.868055555556	0
116.871527777778	0
116.875	0
116.878472222222	0
116.881944444444	0
116.885416666667	0
116.888888888889	0
116.892361111111	0
116.895833333333	0
116.899305555556	0
116.902777777778	0
116.90625	0
116.909722222222	0
116.913194444444	0
116.916666666667	0
116.920138888889	0
116.923611111111	0
116.927083333333	0
116.930555555556	0
116.934027777778	0
116.9375	0
116.940972222222	0
116.944444444444	0
116.947916666667	0
116.951388888889	0
116.954861111111	0
116.958333333333	0
116.961805555556	0
116.965277777778	0
116.96875	0
116.972222222222	0
116.975694444444	0
116.979166666667	0
116.982638888889	0
116.986111111111	0
116.989583333333	0
116.993055555556	0
116.996527777778	0
117	0
117.003472222222	0
117.006944444444	0
117.010416666667	0
117.013888888889	0
117.017361111111	0
117.020833333333	0
117.024305555556	0
117.027777777778	0
117.03125	0
117.034722222222	0
117.038194444444	0
117.041666666667	0
117.045138888889	0
117.048611111111	0
117.052083333333	0
117.055555555556	0
117.059027777778	0
117.0625	0
117.065972222222	0
117.069444444444	0
117.072916666667	0
117.076388888889	0
117.079861111111	0
117.083333333333	0
117.086805555556	0
117.090277777778	0
117.09375	0
117.097222222222	0
117.100694444444	0
117.104166666667	0
117.107638888889	0
117.111111111111	0
117.114583333333	0
117.118055555556	0
117.121527777778	0
117.125	0
117.128472222222	0
117.131944444444	0
117.135416666667	0
117.138888888889	0
117.142361111111	0
117.145833333333	0
117.149305555556	0
117.152777777778	0
117.15625	0
117.159722222222	0
117.163194444444	0
117.166666666667	0
117.170138888889	0
117.173611111111	0
117.177083333333	0
117.180555555556	0
117.184027777778	0
117.1875	0
117.190972222222	0
117.194444444444	0
117.197916666667	0
117.201388888889	0
117.204861111111	0
117.208333333333	0
117.211805555556	0
117.215277777778	0
117.21875	0
117.222222222222	0
117.225694444444	0
117.229166666667	0
117.232638888889	0
117.236111111111	0
117.239583333333	0
117.243055555556	0
117.246527777778	0
117.25	0
117.253472222222	0
117.256944444444	0
117.260416666667	0
117.263888888889	0
117.267361111111	0
117.270833333333	0
117.274305555556	0
117.277777777778	0
117.28125	0
117.284722222222	0
117.288194444444	0
117.291666666667	0
117.295138888889	0
117.298611111111	0
117.302083333333	0
117.305555555556	0
117.309027777778	0
117.3125	0
117.315972222222	0
117.319444444444	0
117.322916666667	0
117.326388888889	0
117.329861111111	0
117.333333333333	0
117.336805555556	0
117.340277777778	0
117.34375	0
117.347222222222	0
117.350694444444	0
117.354166666667	0
117.357638888889	0
117.361111111111	0
117.364583333333	0
117.368055555556	0
117.371527777778	0
117.375	0
117.378472222222	0
117.381944444444	0
117.385416666667	0
117.388888888889	0
117.392361111111	0
117.395833333333	0
117.399305555556	0
117.402777777778	0
117.40625	0
117.409722222222	0
117.413194444444	0
117.416666666667	0
117.420138888889	0
117.423611111111	0
117.427083333333	0
117.430555555556	0
117.434027777778	0
117.4375	0
117.440972222222	0
117.444444444444	0
117.447916666667	0
117.451388888889	0
117.454861111111	0
117.458333333333	0
117.461805555556	0
117.465277777778	0
117.46875	0
117.472222222222	0
117.475694444444	0
117.479166666667	0
117.482638888889	0
117.486111111111	0
117.489583333333	0
117.493055555556	0
117.496527777778	0
117.5	0
117.503472222222	0
117.506944444444	0
117.510416666667	0
117.513888888889	0
117.517361111111	0
117.520833333333	0
117.524305555556	0
117.527777777778	0
117.53125	0
117.534722222222	0
117.538194444444	0
117.541666666667	0
117.545138888889	0
117.548611111111	0
117.552083333333	0
117.555555555556	0
117.559027777778	0
117.5625	0
117.565972222222	0
117.569444444444	0
117.572916666667	0
117.576388888889	0
117.579861111111	0
117.583333333333	0
117.586805555556	0
117.590277777778	0
117.59375	0
117.597222222222	0
117.600694444444	0
117.604166666667	0
117.607638888889	0
117.611111111111	0
117.614583333333	0
117.618055555556	0
117.621527777778	0
117.625	0
117.628472222222	0
117.631944444444	0
117.635416666667	0
117.638888888889	0
117.642361111111	0
117.645833333333	0
117.649305555556	0
117.652777777778	0
117.65625	0
117.659722222222	0
117.663194444444	0
117.666666666667	0
117.670138888889	0
117.673611111111	0
117.677083333333	0
117.680555555556	0
117.684027777778	0
117.6875	0
117.690972222222	0
117.694444444444	0
117.697916666667	0
117.701388888889	0
117.704861111111	0
117.708333333333	0
117.711805555556	0
117.715277777778	0
117.71875	0
117.722222222222	0
117.725694444444	0
117.729166666667	0
117.732638888889	0
117.736111111111	0
117.739583333333	0
117.743055555556	0
117.746527777778	0
117.75	0
117.753472222222	0
117.756944444444	0
117.760416666667	0
117.763888888889	0
117.767361111111	0
117.770833333333	0
117.774305555556	0
117.777777777778	0
117.78125	0
117.784722222222	0
117.788194444444	0
117.791666666667	0
117.795138888889	0
117.798611111111	0
117.802083333333	0
117.805555555556	0
117.809027777778	0
117.8125	0
117.815972222222	0
117.819444444444	0
117.822916666667	0
117.826388888889	0
117.829861111111	0
117.833333333333	0
117.836805555556	0
117.840277777778	0
117.84375	0
117.847222222222	0
117.850694444444	0
117.854166666667	0
117.857638888889	0
117.861111111111	0
117.864583333333	0
117.868055555556	0
117.871527777778	0
117.875	0
117.878472222222	0
117.881944444444	0
117.885416666667	0
117.888888888889	0
117.892361111111	0
117.895833333333	0
117.899305555556	0
117.902777777778	0
117.90625	0
117.909722222222	0
117.913194444444	0
117.916666666667	0
117.920138888889	0
117.923611111111	0
117.927083333333	0
117.930555555556	0
117.934027777778	0
117.9375	0
117.940972222222	0
117.944444444444	0
117.947916666667	0
117.951388888889	0
117.954861111111	0
117.958333333333	0
117.961805555556	0
117.965277777778	0
117.96875	0
117.972222222222	0
117.975694444444	0
117.979166666667	0
117.982638888889	0
117.986111111111	0
117.989583333333	0
117.993055555556	0
117.996527777778	0
118	0
118.003472222222	0
118.006944444444	0
118.010416666667	0
118.013888888889	0
118.017361111111	0
118.020833333333	0
118.024305555556	0
118.027777777778	0
118.03125	0
118.034722222222	0
118.038194444444	0
118.041666666667	0
118.045138888889	0
118.048611111111	0
118.052083333333	0
118.055555555556	0
118.059027777778	0
118.0625	0
118.065972222222	0
118.069444444444	0
118.072916666667	0
118.076388888889	0
118.079861111111	0
118.083333333333	0
118.086805555556	0
118.090277777778	0
118.09375	0
118.097222222222	0
118.100694444444	0
118.104166666667	0
118.107638888889	0
118.111111111111	0
118.114583333333	0
118.118055555556	0
118.121527777778	0
118.125	0
118.128472222222	0
118.131944444444	0
118.135416666667	0
118.138888888889	0
118.142361111111	0
118.145833333333	0
118.149305555556	0
118.152777777778	0
118.15625	0
118.159722222222	0
118.163194444444	0
118.166666666667	0
118.170138888889	0
118.173611111111	0
118.177083333333	0
118.180555555556	0
118.184027777778	0
118.1875	0
118.190972222222	0
118.194444444444	0
118.197916666667	0
118.201388888889	0
118.204861111111	0
118.208333333333	0
118.211805555556	0
118.215277777778	0
118.21875	0
118.222222222222	0
118.225694444444	0
118.229166666667	0
118.232638888889	0
118.236111111111	0
118.239583333333	0
118.243055555556	0
118.246527777778	0
118.25	0
118.253472222222	0
118.256944444444	0
118.260416666667	0
118.263888888889	0
118.267361111111	0
118.270833333333	0
118.274305555556	0
118.277777777778	0
118.28125	0
118.284722222222	0
118.288194444444	0
118.291666666667	0
118.295138888889	0
118.298611111111	0
118.302083333333	0
118.305555555556	0
118.309027777778	0
118.3125	0
118.315972222222	0
118.319444444444	0
118.322916666667	0
118.326388888889	0
118.329861111111	0
118.333333333333	0
118.336805555556	0
118.340277777778	0
118.34375	0
118.347222222222	0
118.350694444444	0
118.354166666667	0
118.357638888889	0
118.361111111111	0
118.364583333333	0
118.368055555556	0
118.371527777778	0
118.375	0
118.378472222222	0
118.381944444444	0
118.385416666667	0
118.388888888889	0
118.392361111111	0
118.395833333333	0
118.399305555556	0
118.402777777778	0
118.40625	0
118.409722222222	0
118.413194444444	0
118.416666666667	0
118.420138888889	0
118.423611111111	0
118.427083333333	0
118.430555555556	0
118.434027777778	0
118.4375	0
118.440972222222	0
118.444444444444	0
118.447916666667	0
118.451388888889	0
118.454861111111	0
118.458333333333	0
118.461805555556	0
118.465277777778	0
118.46875	0
118.472222222222	0
118.475694444444	0
118.479166666667	0
118.482638888889	0
118.486111111111	0
118.489583333333	0
118.493055555556	0
118.496527777778	0
118.5	0
118.503472222222	0
118.506944444444	0
118.510416666667	0
118.513888888889	0
118.517361111111	0
118.520833333333	0
118.524305555556	0
118.527777777778	0
118.53125	0
118.534722222222	0
118.538194444444	0
118.541666666667	0
118.545138888889	0
118.548611111111	0
118.552083333333	0
118.555555555556	0
118.559027777778	0
118.5625	0
118.565972222222	0
118.569444444444	0
118.572916666667	0
118.576388888889	0
118.579861111111	0
118.583333333333	0
118.586805555556	0
118.590277777778	0
118.59375	0
118.597222222222	0
118.600694444444	0
118.604166666667	0
118.607638888889	0
118.611111111111	0
118.614583333333	0
118.618055555556	0
118.621527777778	0
118.625	0
118.628472222222	0
118.631944444444	0
118.635416666667	0
118.638888888889	0
118.642361111111	0
118.645833333333	0
118.649305555556	0
118.652777777778	0
118.65625	0
118.659722222222	0
118.663194444444	0
118.666666666667	0
118.670138888889	0
118.673611111111	0
118.677083333333	0
118.680555555556	0
118.684027777778	0
118.6875	0
118.690972222222	0
118.694444444444	0
118.697916666667	0
118.701388888889	0
118.704861111111	0
118.708333333333	0
118.711805555556	0
118.715277777778	0
118.71875	0
118.722222222222	0
118.725694444444	0
118.729166666667	0
118.732638888889	0
118.736111111111	0
118.739583333333	0
118.743055555556	0
118.746527777778	0
118.75	0
118.753472222222	0
118.756944444444	0
118.760416666667	0
118.763888888889	0
118.767361111111	0
118.770833333333	0
118.774305555556	0
118.777777777778	0
118.78125	0
118.784722222222	0
118.788194444444	0
118.791666666667	0
118.795138888889	0
118.798611111111	0
118.802083333333	0
118.805555555556	0
118.809027777778	0
118.8125	0
118.815972222222	0
118.819444444444	0
118.822916666667	0
118.826388888889	0
118.829861111111	0
118.833333333333	0
118.836805555556	0
118.840277777778	0
118.84375	0
118.847222222222	0
118.850694444444	0
118.854166666667	0
118.857638888889	0
118.861111111111	0
118.864583333333	0
118.868055555556	0
118.871527777778	0
118.875	0
118.878472222222	0
118.881944444444	0
118.885416666667	0
118.888888888889	0
118.892361111111	0
118.895833333333	0
118.899305555556	0
118.902777777778	0
118.90625	0
118.909722222222	0
118.913194444444	0
118.916666666667	0
118.920138888889	0
118.923611111111	0
118.927083333333	0
118.930555555556	0
118.934027777778	0
118.9375	0
118.940972222222	0
118.944444444444	0
118.947916666667	0
118.951388888889	0
118.954861111111	0
118.958333333333	0
118.961805555556	0
118.965277777778	0
118.96875	0
118.972222222222	0
118.975694444444	0
118.979166666667	0
118.982638888889	0
118.986111111111	0
118.989583333333	0
118.993055555556	0
118.996527777778	0
119	0
119.003472222222	0
119.006944444444	0
119.010416666667	0
119.013888888889	0
119.017361111111	0
119.020833333333	0
119.024305555556	0
119.027777777778	0
119.03125	0
119.034722222222	0
119.038194444444	0
119.041666666667	0
119.045138888889	0
119.048611111111	0
119.052083333333	0
119.055555555556	0
119.059027777778	0
119.0625	0
119.065972222222	0
119.069444444444	0
119.072916666667	0
119.076388888889	0
119.079861111111	0
119.083333333333	0
119.086805555556	0
119.090277777778	0
119.09375	0
119.097222222222	0
119.100694444444	0
119.104166666667	0
119.107638888889	0
119.111111111111	0
119.114583333333	0
119.118055555556	0
119.121527777778	0
119.125	0
119.128472222222	0
119.131944444444	0
119.135416666667	0
119.138888888889	0
119.142361111111	0
119.145833333333	0
119.149305555556	0
119.152777777778	0
119.15625	0
119.159722222222	0
119.163194444444	0
119.166666666667	0
119.170138888889	0
119.173611111111	0
119.177083333333	0
119.180555555556	0
119.184027777778	0
119.1875	0
119.190972222222	0
119.194444444444	0
119.197916666667	0
119.201388888889	0
119.204861111111	0
119.208333333333	0
119.211805555556	0
119.215277777778	0
119.21875	0
119.222222222222	0
119.225694444444	0
119.229166666667	0
119.232638888889	0
119.236111111111	0
119.239583333333	0
119.243055555556	0
119.246527777778	0
119.25	0
119.253472222222	0
119.256944444444	0
119.260416666667	0
119.263888888889	0
119.267361111111	0
119.270833333333	0
119.274305555556	0
119.277777777778	0
119.28125	0
119.284722222222	0
119.288194444444	0
119.291666666667	0
119.295138888889	0
119.298611111111	0
119.302083333333	0
119.305555555556	0
119.309027777778	0
119.3125	0
119.315972222222	0
119.319444444444	0
119.322916666667	0
119.326388888889	0
119.329861111111	0
119.333333333333	0
119.336805555556	0
119.340277777778	0
119.34375	0
119.347222222222	0
119.350694444444	0
119.354166666667	0
119.357638888889	0
119.361111111111	0
119.364583333333	0
119.368055555556	0
119.371527777778	0
119.375	0
119.378472222222	0
119.381944444444	0
119.385416666667	0
119.388888888889	0
119.392361111111	0
119.395833333333	0
119.399305555556	0
119.402777777778	0
119.40625	0
119.409722222222	0
119.413194444444	0
119.416666666667	0
119.420138888889	0
119.423611111111	0
119.427083333333	0
119.430555555556	0
119.434027777778	0
119.4375	0
119.440972222222	0
119.444444444444	0
119.447916666667	0
119.451388888889	0
119.454861111111	0
119.458333333333	0
119.461805555556	0
119.465277777778	0
119.46875	0
119.472222222222	0
119.475694444444	0
119.479166666667	0
119.482638888889	0
119.486111111111	0
119.489583333333	0
119.493055555556	0
119.496527777778	0
119.5	0
119.503472222222	0
119.506944444444	0
119.510416666667	0
119.513888888889	0
119.517361111111	0
119.520833333333	0
119.524305555556	0
119.527777777778	0
119.53125	0
119.534722222222	0
119.538194444444	0
119.541666666667	0
119.545138888889	0
119.548611111111	0
119.552083333333	0
119.555555555556	0
119.559027777778	0
119.5625	0
119.565972222222	0
119.569444444444	0
119.572916666667	0
119.576388888889	0
119.579861111111	0
119.583333333333	0
119.586805555556	0
119.590277777778	0
119.59375	0
119.597222222222	0
119.600694444444	0
119.604166666667	0
119.607638888889	0
119.611111111111	0
119.614583333333	0
119.618055555556	0
119.621527777778	0
119.625	0
119.628472222222	0
119.631944444444	0
119.635416666667	0
119.638888888889	0
119.642361111111	0
119.645833333333	0
119.649305555556	0
119.652777777778	0
119.65625	0
119.659722222222	0
119.663194444444	0
119.666666666667	0
119.670138888889	0
119.673611111111	0
119.677083333333	0
119.680555555556	0
119.684027777778	0
119.6875	0
119.690972222222	0
119.694444444444	0
119.697916666667	0
119.701388888889	0
119.704861111111	0
119.708333333333	0
119.711805555556	0
119.715277777778	0
119.71875	0
119.722222222222	0
119.725694444444	0
119.729166666667	0
119.732638888889	0
119.736111111111	0
119.739583333333	0
119.743055555556	0
119.746527777778	0
119.75	0
119.753472222222	0
119.756944444444	0
119.760416666667	0
119.763888888889	0
119.767361111111	0
119.770833333333	0
119.774305555556	0
119.777777777778	0
119.78125	0
119.784722222222	0
119.788194444444	0
119.791666666667	0
119.795138888889	0
119.798611111111	0
119.802083333333	0
119.805555555556	0
119.809027777778	0
119.8125	0
119.815972222222	0
119.819444444444	0
119.822916666667	0
119.826388888889	0
119.829861111111	0
119.833333333333	0
119.836805555556	0
119.840277777778	0
119.84375	0
119.847222222222	0
119.850694444444	0
119.854166666667	0
119.857638888889	0
119.861111111111	0
119.864583333333	0
119.868055555556	0
119.871527777778	0
119.875	0
119.878472222222	0
119.881944444444	0
119.885416666667	0
119.888888888889	0
119.892361111111	0
119.895833333333	0
119.899305555556	0
119.902777777778	0
119.90625	0
119.909722222222	0
119.913194444444	0
119.916666666667	0
119.920138888889	0
119.923611111111	0
119.927083333333	0
119.930555555556	0
119.934027777778	0
119.9375	0
119.940972222222	0
119.944444444444	0
119.947916666667	0
119.951388888889	0
119.954861111111	0
119.958333333333	0
119.961805555556	0
119.965277777778	0
119.96875	0
119.972222222222	0
119.975694444444	0
119.979166666667	0
119.982638888889	0
119.986111111111	0
119.989583333333	0
119.993055555556	0
119.996527777778	0
120	0
120.003472222222	0
120.006944444444	0
120.010416666667	0
120.013888888889	0
120.017361111111	0
120.020833333333	0
120.024305555556	0
120.027777777778	0
120.03125	0
120.034722222222	0
120.038194444444	0
120.041666666667	0
120.045138888889	0
120.048611111111	0
120.052083333333	0
120.055555555556	0
120.059027777778	0
120.0625	0
120.065972222222	0
120.069444444444	0
120.072916666667	0
120.076388888889	0
120.079861111111	0
120.083333333333	0
120.086805555556	0
120.090277777778	0
120.09375	0
120.097222222222	0
120.100694444444	0
120.104166666667	0
120.107638888889	0
120.111111111111	0
120.114583333333	0
120.118055555556	0
120.121527777778	0
120.125	0
120.128472222222	0
120.131944444444	0
120.135416666667	0
120.138888888889	0
120.142361111111	0
120.145833333333	0
120.149305555556	0
120.152777777778	0
120.15625	0
120.159722222222	0
120.163194444444	0
120.166666666667	0
120.170138888889	0
120.173611111111	0
120.177083333333	0
120.180555555556	0
120.184027777778	0
120.1875	0
120.190972222222	0
120.194444444444	0
120.197916666667	0
120.201388888889	0
120.204861111111	0
120.208333333333	0
120.211805555556	0
120.215277777778	0
120.21875	0
120.222222222222	0
120.225694444444	0
120.229166666667	0
120.232638888889	0
120.236111111111	0
120.239583333333	0
120.243055555556	0
120.246527777778	0
120.25	0
120.253472222222	0
120.256944444444	0
120.260416666667	0
120.263888888889	0
120.267361111111	0
120.270833333333	0
120.274305555556	0
120.277777777778	0
120.28125	0
120.284722222222	0
120.288194444444	0
120.291666666667	0
120.295138888889	0
120.298611111111	0
120.302083333333	0
120.305555555556	0
120.309027777778	0
120.3125	0
120.315972222222	0
120.319444444444	0
120.322916666667	0
120.326388888889	0
120.329861111111	0
120.333333333333	0
120.336805555556	0
120.340277777778	0
120.34375	0
120.347222222222	0
120.350694444444	0
120.354166666667	0
120.357638888889	0
120.361111111111	0
120.364583333333	0
120.368055555556	0
120.371527777778	0
120.375	0
120.378472222222	0
120.381944444444	0
120.385416666667	0
120.388888888889	0
120.392361111111	0
120.395833333333	0
120.399305555556	0
120.402777777778	0
120.40625	0
120.409722222222	0
120.413194444444	0
120.416666666667	0
120.420138888889	0
120.423611111111	0
120.427083333333	0
120.430555555556	0
120.434027777778	0
120.4375	0
120.440972222222	0
120.444444444444	0
120.447916666667	0
120.451388888889	0
120.454861111111	0
120.458333333333	0
120.461805555556	0
120.465277777778	0
120.46875	0
120.472222222222	0
120.475694444444	0
120.479166666667	0
120.482638888889	0
120.486111111111	0
120.489583333333	0
120.493055555556	0
120.496527777778	0
120.5	0
120.503472222222	0
120.506944444444	0
120.510416666667	0
120.513888888889	0
120.517361111111	0
120.520833333333	0
120.524305555556	0
120.527777777778	0
120.53125	0
120.534722222222	0
120.538194444444	0
120.541666666667	0
120.545138888889	0
120.548611111111	0
120.552083333333	0
120.555555555556	0
120.559027777778	0
120.5625	0
120.565972222222	0
120.569444444444	0
120.572916666667	0
120.576388888889	0
120.579861111111	0
120.583333333333	0
120.586805555556	0
120.590277777778	0
120.59375	0
120.597222222222	0
120.600694444444	0
120.604166666667	0
120.607638888889	0
120.611111111111	0
120.614583333333	0
120.618055555556	0
120.621527777778	0
120.625	0
120.628472222222	0
120.631944444444	0
120.635416666667	0
120.638888888889	0
120.642361111111	0
120.645833333333	0
120.649305555556	0
120.652777777778	0
120.65625	0
120.659722222222	0
120.663194444444	0
120.666666666667	0
120.670138888889	0
120.673611111111	0
120.677083333333	0
120.680555555556	0
120.684027777778	0
120.6875	0
120.690972222222	0
120.694444444444	0
120.697916666667	0
120.701388888889	0
120.704861111111	0
120.708333333333	0
120.711805555556	0
120.715277777778	0
120.71875	0
120.722222222222	0
120.725694444444	0
120.729166666667	0
120.732638888889	0
120.736111111111	0
120.739583333333	0
120.743055555556	0
120.746527777778	0
120.75	0
120.753472222222	0
120.756944444444	0
120.760416666667	0
120.763888888889	0
120.767361111111	0
120.770833333333	0
120.774305555556	0
120.777777777778	0
120.78125	0
120.784722222222	0
120.788194444444	0
120.791666666667	0
120.795138888889	0
120.798611111111	0
120.802083333333	0
120.805555555556	0
120.809027777778	0
120.8125	0
120.815972222222	0
120.819444444444	0
120.822916666667	0
120.826388888889	0
120.829861111111	0
120.833333333333	0
120.836805555556	0
120.840277777778	0
120.84375	0
120.847222222222	0
120.850694444444	0
120.854166666667	0
120.857638888889	0
120.861111111111	0
120.864583333333	0
120.868055555556	0
120.871527777778	0
120.875	0
120.878472222222	0
120.881944444444	0
120.885416666667	0
120.888888888889	0
120.892361111111	0
120.895833333333	0
120.899305555556	0
120.902777777778	0
120.90625	0
120.909722222222	0
120.913194444444	0
120.916666666667	0
120.920138888889	0
120.923611111111	0
120.927083333333	0
120.930555555556	0
120.934027777778	0
120.9375	0
120.940972222222	0
120.944444444444	0
120.947916666667	0
120.951388888889	0
120.954861111111	0
120.958333333333	0
120.961805555556	0
120.965277777778	0
120.96875	0
120.972222222222	0
120.975694444444	0
120.979166666667	0
120.982638888889	0
120.986111111111	0
120.989583333333	0
120.993055555556	0
120.996527777778	0
121	0
121.003472222222	0
121.006944444444	0
121.010416666667	0
121.013888888889	0
121.017361111111	0
121.020833333333	0
121.024305555556	0
121.027777777778	0
121.03125	0
121.034722222222	0
121.038194444444	0
121.041666666667	0
121.045138888889	0
121.048611111111	0
121.052083333333	0
121.055555555556	0
121.059027777778	0
121.0625	0
121.065972222222	0
121.069444444444	0
121.072916666667	0
121.076388888889	0
121.079861111111	0
121.083333333333	0
121.086805555556	0
121.090277777778	0
121.09375	0
121.097222222222	0
121.100694444444	0
121.104166666667	0
121.107638888889	0
121.111111111111	0
121.114583333333	0
121.118055555556	0
121.121527777778	0
121.125	0
121.128472222222	0
121.131944444444	0
121.135416666667	0
121.138888888889	0
121.142361111111	0
121.145833333333	0
121.149305555556	0
121.152777777778	0
121.15625	0
121.159722222222	0
121.163194444444	0
121.166666666667	0
121.170138888889	0
121.173611111111	0
121.177083333333	0
121.180555555556	0
121.184027777778	0
121.1875	0
121.190972222222	0
121.194444444444	0
121.197916666667	0
121.201388888889	0
121.204861111111	0
121.208333333333	0
121.211805555556	0
121.215277777778	0
121.21875	0
121.222222222222	0
121.225694444444	0
121.229166666667	0
121.232638888889	0
121.236111111111	0
121.239583333333	0
121.243055555556	0
121.246527777778	0
121.25	0
121.253472222222	0
121.256944444444	0
121.260416666667	0
121.263888888889	0
121.267361111111	0
121.270833333333	0
121.274305555556	0
121.277777777778	0
121.28125	0
121.284722222222	0
121.288194444444	0
121.291666666667	0
121.295138888889	0
121.298611111111	0
121.302083333333	0
121.305555555556	0
121.309027777778	0
121.3125	0
121.315972222222	0
121.319444444444	0
121.322916666667	0
121.326388888889	0
121.329861111111	0
121.333333333333	0
121.336805555556	0
121.340277777778	0
121.34375	0
121.347222222222	0
121.350694444444	0
121.354166666667	0
121.357638888889	0
121.361111111111	0
121.364583333333	0
121.368055555556	0
121.371527777778	0
121.375	0
121.378472222222	0.2
121.381944444444	0.2
121.385416666667	0.2
121.388888888889	0
121.392361111111	0.2
121.395833333333	0
121.399305555556	0
121.402777777778	0
121.40625	0
121.409722222222	0
121.413194444444	0
121.416666666667	0
121.420138888889	0
121.423611111111	0
121.427083333333	0
121.430555555556	0
121.434027777778	0
121.4375	0
121.440972222222	0
121.444444444444	0
121.447916666667	0
121.451388888889	0
121.454861111111	0
121.458333333333	0
121.461805555556	0
121.465277777778	0
121.46875	0
121.472222222222	0
121.475694444444	0
121.479166666667	0
121.482638888889	0
121.486111111111	0
121.489583333333	0
121.493055555556	0
121.496527777778	0
121.5	0
121.503472222222	0
121.506944444444	0
121.510416666667	0
121.513888888889	0
121.517361111111	0
121.520833333333	0.2
121.524305555556	0
121.527777777778	0
121.53125	0
121.534722222222	0
121.538194444444	0
121.541666666667	0
121.545138888889	0
121.548611111111	0
121.552083333333	0
121.555555555556	0
121.559027777778	0
121.5625	0.2
121.565972222222	0.8
121.569444444444	1.2
121.572916666667	0.8
121.576388888889	0
121.579861111111	0
121.583333333333	0.2
121.586805555556	0
121.590277777778	0
121.59375	0
121.597222222222	0
121.600694444444	0
121.604166666667	0
121.607638888889	0
121.611111111111	0
121.614583333333	0
121.618055555556	0
121.621527777778	0
121.625	0
121.628472222222	0
121.631944444444	0
121.635416666667	0
121.638888888889	0
121.642361111111	0
121.645833333333	0
121.649305555556	0
121.652777777778	0
121.65625	0
121.659722222222	0
121.663194444444	0
121.666666666667	0
121.670138888889	0
121.673611111111	0
121.677083333333	0
121.680555555556	0
121.684027777778	0
121.6875	0
121.690972222222	0
121.694444444444	0
121.697916666667	0
121.701388888889	0
121.704861111111	0
121.708333333333	0
121.711805555556	0
121.715277777778	0
121.71875	0
121.722222222222	0
121.725694444444	0
121.729166666667	0
121.732638888889	0
121.736111111111	0
121.739583333333	0
121.743055555556	0
121.746527777778	0
121.75	0
121.753472222222	0
121.756944444444	0
121.760416666667	0
121.763888888889	0
121.767361111111	0
121.770833333333	0
121.774305555556	0
121.777777777778	0
121.78125	0
121.784722222222	0
121.788194444444	0
121.791666666667	0
121.795138888889	0
121.798611111111	0.2
121.802083333333	0
121.805555555556	0
121.809027777778	0
121.8125	0
121.815972222222	0
121.819444444444	0
121.822916666667	0
121.826388888889	0
121.829861111111	0
121.833333333333	0
121.836805555556	0
121.840277777778	0
121.84375	0
121.847222222222	0
121.850694444444	0
121.854166666667	0.2
121.857638888889	0
121.861111111111	0
121.864583333333	0
121.868055555556	0
121.871527777778	0
121.875	0
121.878472222222	0
121.881944444444	0
121.885416666667	0
121.888888888889	0
121.892361111111	0
121.895833333333	0
121.899305555556	0
121.902777777778	0
121.90625	0
121.909722222222	0
121.913194444444	0
121.916666666667	0
121.920138888889	0
121.923611111111	0
121.927083333333	0
121.930555555556	0
121.934027777778	0
121.9375	0
121.940972222222	0
121.944444444444	0
121.947916666667	0.2
121.951388888889	0.4
121.954861111111	0
121.958333333333	0.2
121.961805555556	0.2
121.965277777778	0
121.96875	0
121.972222222222	0
121.975694444444	0.2
121.979166666667	0
121.982638888889	0
121.986111111111	0
121.989583333333	0
121.993055555556	0
121.996527777778	0
122	0
122.003472222222	0
122.006944444444	0
122.010416666667	0
122.013888888889	0
122.017361111111	0
122.020833333333	0.2
122.024305555556	0
122.027777777778	0
122.03125	0
122.034722222222	0
122.038194444444	0
122.041666666667	0
122.045138888889	0
122.048611111111	0
122.052083333333	0
122.055555555556	0
122.059027777778	0
122.0625	0
122.065972222222	0
122.069444444444	0
122.072916666667	0
122.076388888889	0
122.079861111111	0
122.083333333333	0
122.086805555556	0
122.090277777778	0
122.09375	0
122.097222222222	0.2
122.100694444444	0
122.104166666667	0
122.107638888889	0
122.111111111111	0
122.114583333333	0
122.118055555556	0
122.121527777778	0
122.125	0
122.128472222222	0
122.131944444444	0
122.135416666667	0
122.138888888889	0
122.142361111111	0
122.145833333333	0
122.149305555556	0
122.152777777778	0
122.15625	0
122.159722222222	0
122.163194444444	0
122.166666666667	0
122.170138888889	0
122.173611111111	0
122.177083333333	0
122.180555555556	0
122.184027777778	0
122.1875	0
122.190972222222	0
122.194444444444	0
122.197916666667	0
122.201388888889	0
122.204861111111	0
122.208333333333	0
122.211805555556	0
122.215277777778	0
122.21875	0
122.222222222222	0
122.225694444444	0
122.229166666667	0
122.232638888889	0
122.236111111111	0
122.239583333333	0
122.243055555556	0
122.246527777778	0
122.25	0
122.253472222222	0
122.256944444444	0
122.260416666667	0
122.263888888889	0
122.267361111111	0
122.270833333333	0
122.274305555556	0
122.277777777778	0
122.28125	0
122.284722222222	0
122.288194444444	0
122.291666666667	0
122.295138888889	0
122.298611111111	0
122.302083333333	0
122.305555555556	0
122.309027777778	0
122.3125	0
122.315972222222	0
122.319444444444	0
122.322916666667	0
122.326388888889	0
122.329861111111	0
122.333333333333	0
122.336805555556	0
122.340277777778	0
122.34375	0
122.347222222222	0
122.350694444444	0
122.354166666667	0
122.357638888889	0
122.361111111111	0
122.364583333333	0
122.368055555556	0
122.371527777778	0
122.375	0
122.378472222222	0
122.381944444444	0
122.385416666667	0
122.388888888889	0
122.392361111111	0
122.395833333333	0
122.399305555556	0
122.402777777778	0
122.40625	0
122.409722222222	0
122.413194444444	0
122.416666666667	0
122.420138888889	0
122.423611111111	0
122.427083333333	0
122.430555555556	0
122.434027777778	0
122.4375	0
122.440972222222	0
122.444444444444	0
122.447916666667	0
122.451388888889	0
122.454861111111	0
122.458333333333	0
122.461805555556	0
122.465277777778	0
122.46875	0
122.472222222222	0
122.475694444444	0
122.479166666667	0
122.482638888889	0
122.486111111111	0
122.489583333333	0
122.493055555556	0
122.496527777778	0
122.5	0
122.503472222222	0
122.506944444444	0
122.510416666667	0
122.513888888889	0
122.517361111111	0
122.520833333333	0
122.524305555556	0
122.527777777778	0
122.53125	0
122.534722222222	0
122.538194444444	0
122.541666666667	0
122.545138888889	0
122.548611111111	0
122.552083333333	0
122.555555555556	0
122.559027777778	0
122.5625	0
122.565972222222	0
122.569444444444	0
122.572916666667	0
122.576388888889	0
122.579861111111	0
122.583333333333	0
122.586805555556	0
122.590277777778	0
122.59375	0
122.597222222222	0
122.600694444444	0
122.604166666667	0
122.607638888889	0
122.611111111111	0
122.614583333333	0
122.618055555556	0
122.621527777778	0
122.625	0
122.628472222222	0
122.631944444444	0
122.635416666667	0
122.638888888889	0
122.642361111111	0
122.645833333333	0.2
122.649305555556	0
122.652777777778	0.2
122.65625	0.2
122.659722222222	0
122.663194444444	0
122.666666666667	0
122.670138888889	0
122.673611111111	0
122.677083333333	0
122.680555555556	0
122.684027777778	0
122.6875	0
122.690972222222	0
122.694444444444	0
122.697916666667	0
122.701388888889	0
122.704861111111	0
122.708333333333	0
122.711805555556	0
122.715277777778	0
122.71875	0
122.722222222222	0
122.725694444444	0
122.729166666667	0
122.732638888889	0
122.736111111111	0
122.739583333333	0
122.743055555556	0
122.746527777778	0
122.75	0
122.753472222222	0
122.756944444444	0
122.760416666667	0
122.763888888889	0
122.767361111111	0
122.770833333333	0
122.774305555556	0
122.777777777778	0
122.78125	0
122.784722222222	0
122.788194444444	0
122.791666666667	0
122.795138888889	0
122.798611111111	0
122.802083333333	0
122.805555555556	0
122.809027777778	0
122.8125	0
122.815972222222	0
122.819444444444	0
122.822916666667	0
122.826388888889	0
122.829861111111	0
122.833333333333	0
122.836805555556	0
122.840277777778	0
122.84375	0
122.847222222222	0
122.850694444444	0
122.854166666667	0
122.857638888889	0
122.861111111111	0
122.864583333333	0
122.868055555556	0
122.871527777778	0
122.875	0
122.878472222222	0
122.881944444444	0
122.885416666667	0
122.888888888889	0
122.892361111111	0
122.895833333333	0.2
122.899305555556	0
122.902777777778	0
122.90625	0
122.909722222222	0
122.913194444444	0
122.916666666667	0
122.920138888889	0
122.923611111111	0
122.927083333333	0
122.930555555556	0
122.934027777778	0
122.9375	0
122.940972222222	0
122.944444444444	0
122.947916666667	0
122.951388888889	0
122.954861111111	0
122.958333333333	0
122.961805555556	0
122.965277777778	0
122.96875	0
122.972222222222	0
122.975694444444	0
122.979166666667	0
122.982638888889	0
122.986111111111	0
122.989583333333	0
122.993055555556	0
122.996527777778	0
123	0
123.003472222222	0
123.006944444444	0
123.010416666667	0
123.013888888889	0
123.017361111111	0
123.020833333333	0
123.024305555556	0
123.027777777778	0
123.03125	0
123.034722222222	0
123.038194444444	0
123.041666666667	0
123.045138888889	0
123.048611111111	0
123.052083333333	0
123.055555555556	0
123.059027777778	0
123.0625	0
123.065972222222	0
123.069444444444	0
123.072916666667	0
123.076388888889	0
123.079861111111	0
123.083333333333	0
123.086805555556	0
123.090277777778	0
123.09375	0
123.097222222222	0
123.100694444444	0
123.104166666667	0
123.107638888889	0
123.111111111111	0
123.114583333333	0
123.118055555556	0
123.121527777778	0
123.125	0
123.128472222222	0
123.131944444444	0
123.135416666667	0
123.138888888889	0
123.142361111111	0
123.145833333333	0
123.149305555556	0
123.152777777778	0
123.15625	0
123.159722222222	0
123.163194444444	0
123.166666666667	0
123.170138888889	0
123.173611111111	0
123.177083333333	0
123.180555555556	0
123.184027777778	0
123.1875	0
123.190972222222	0
123.194444444444	0
123.197916666667	0
123.201388888889	0
123.204861111111	0
123.208333333333	0
123.211805555556	0
123.215277777778	0
123.21875	0
123.222222222222	0
123.225694444444	0
123.229166666667	0
123.232638888889	0
123.236111111111	0
123.239583333333	0
123.243055555556	0
123.246527777778	0
123.25	0
123.253472222222	0
123.256944444444	0
123.260416666667	0
123.263888888889	0
123.267361111111	0
123.270833333333	0
123.274305555556	0
123.277777777778	0
123.28125	0
123.284722222222	0
123.288194444444	0
123.291666666667	0
123.295138888889	0
123.298611111111	0
123.302083333333	0
123.305555555556	0
123.309027777778	0
123.3125	0
123.315972222222	0
123.319444444444	0
123.322916666667	0
123.326388888889	0
123.329861111111	0
123.333333333333	0
123.336805555556	0
123.340277777778	0
123.34375	0
123.347222222222	0
123.350694444444	0
123.354166666667	0
123.357638888889	0
123.361111111111	0
123.364583333333	0
123.368055555556	0
123.371527777778	0
123.375	0
123.378472222222	0
123.381944444444	0
123.385416666667	0
123.388888888889	0
123.392361111111	0
123.395833333333	0
123.399305555556	0
123.402777777778	0
123.40625	0
123.409722222222	0
123.413194444444	0
123.416666666667	0
123.420138888889	0
123.423611111111	0
123.427083333333	0
123.430555555556	0
123.434027777778	0
123.4375	0
123.440972222222	0
123.444444444444	0
123.447916666667	0
123.451388888889	0
123.454861111111	0
123.458333333333	0
123.461805555556	0
123.465277777778	0
123.46875	0
123.472222222222	0
123.475694444444	0
123.479166666667	0
123.482638888889	0
123.486111111111	0.2
123.489583333333	0
123.493055555556	0
123.496527777778	0
123.5	0
123.503472222222	0
123.506944444444	0
123.510416666667	0
123.513888888889	0
123.517361111111	0
123.520833333333	0
123.524305555556	0.2
123.527777777778	0
123.53125	0
123.534722222222	0.2
123.538194444444	0
123.541666666667	0
123.545138888889	0
123.548611111111	0
123.552083333333	0
123.555555555556	0
123.559027777778	0
123.5625	0
123.565972222222	0
123.569444444444	0
123.572916666667	0
123.576388888889	0
123.579861111111	0
123.583333333333	0
123.586805555556	0
123.590277777778	0
123.59375	0
123.597222222222	0
123.600694444444	0
123.604166666667	0
123.607638888889	0
123.611111111111	0
123.614583333333	0
123.618055555556	0
123.621527777778	0
123.625	0
123.628472222222	0
123.631944444444	0
123.635416666667	0
123.638888888889	0
123.642361111111	0
123.645833333333	0
123.649305555556	0
123.652777777778	0
123.65625	0
123.659722222222	0
123.663194444444	0
123.666666666667	0
123.670138888889	0
123.673611111111	0
123.677083333333	0
123.680555555556	0
123.684027777778	0
123.6875	0
123.690972222222	0
123.694444444444	0
123.697916666667	0
123.701388888889	0
123.704861111111	0
123.708333333333	0
123.711805555556	0
123.715277777778	0
123.71875	0
123.722222222222	0
123.725694444444	0
123.729166666667	0
123.732638888889	0
123.736111111111	0
123.739583333333	0
123.743055555556	0
123.746527777778	0
123.75	0
123.753472222222	0
123.756944444444	0
123.760416666667	0
123.763888888889	0
123.767361111111	0
123.770833333333	0
123.774305555556	0
123.777777777778	0
123.78125	0
123.784722222222	0
123.788194444444	0
123.791666666667	0
123.795138888889	0
123.798611111111	0
123.802083333333	0
123.805555555556	0
123.809027777778	0
123.8125	0
123.815972222222	0
123.819444444444	0
123.822916666667	0
123.826388888889	0
123.829861111111	0
123.833333333333	0
123.836805555556	0
123.840277777778	0
123.84375	0
123.847222222222	0
123.850694444444	0
123.854166666667	0
123.857638888889	0
123.861111111111	0
123.864583333333	0
123.868055555556	0
123.871527777778	0
123.875	0
123.878472222222	0
123.881944444444	0
123.885416666667	0
123.888888888889	0
123.892361111111	0
123.895833333333	0
123.899305555556	0
123.902777777778	0
123.90625	0
123.909722222222	0
123.913194444444	0
123.916666666667	0
123.920138888889	0
123.923611111111	0
123.927083333333	0
123.930555555556	0
123.934027777778	0
123.9375	0
123.940972222222	0
123.944444444444	0
123.947916666667	0
123.951388888889	0
123.954861111111	0
123.958333333333	0
123.961805555556	0
123.965277777778	0
123.96875	0
123.972222222222	0
123.975694444444	0
123.979166666667	0
123.982638888889	0
123.986111111111	0
123.989583333333	0
123.993055555556	0
123.996527777778	0
124	0
124.003472222222	0
124.006944444444	0
124.010416666667	0
124.013888888889	0
124.017361111111	0
124.020833333333	0
124.024305555556	0
124.027777777778	0
124.03125	0
124.034722222222	0
124.038194444444	0
124.041666666667	0
124.045138888889	0
124.048611111111	0
124.052083333333	0
124.055555555556	0
124.059027777778	0
124.0625	0
124.065972222222	0
124.069444444444	0
124.072916666667	0
124.076388888889	0
124.079861111111	0
124.083333333333	0
124.086805555556	0
124.090277777778	0
124.09375	0
124.097222222222	0
124.100694444444	0
124.104166666667	0
124.107638888889	0
124.111111111111	0
124.114583333333	0
124.118055555556	0
124.121527777778	0
124.125	0
124.128472222222	0
124.131944444444	0
124.135416666667	0
124.138888888889	0
124.142361111111	0
124.145833333333	0
124.149305555556	0
124.152777777778	0
124.15625	0
124.159722222222	0
124.163194444444	0
124.166666666667	0
124.170138888889	0
124.173611111111	0
124.177083333333	0
124.180555555556	0
124.184027777778	0
124.1875	0
124.190972222222	0
124.194444444444	0
124.197916666667	0
124.201388888889	0
124.204861111111	0
124.208333333333	0
124.211805555556	0
124.215277777778	0
124.21875	0
124.222222222222	0
124.225694444444	0
124.229166666667	0
124.232638888889	0
124.236111111111	0
124.239583333333	0
124.243055555556	0
124.246527777778	0
124.25	0
124.253472222222	0
124.256944444444	0
124.260416666667	0
124.263888888889	0
124.267361111111	0
124.270833333333	0
124.274305555556	0
124.277777777778	0
124.28125	0
124.284722222222	0
124.288194444444	0
124.291666666667	0
124.295138888889	0
124.298611111111	0
124.302083333333	0
124.305555555556	0
124.309027777778	0
124.3125	0
124.315972222222	0
124.319444444444	0
124.322916666667	0
124.326388888889	0
124.329861111111	0
124.333333333333	0
124.336805555556	0
124.340277777778	0
124.34375	0
124.347222222222	0
124.350694444444	0
124.354166666667	0
124.357638888889	0
124.361111111111	0
124.364583333333	0
124.368055555556	0
124.371527777778	0
124.375	0
124.378472222222	0
124.381944444444	0
124.385416666667	0
124.388888888889	0
124.392361111111	0
124.395833333333	0
124.399305555556	0
124.402777777778	0
124.40625	0
124.409722222222	0
124.413194444444	0
124.416666666667	0
124.420138888889	0
124.423611111111	0
124.427083333333	0
124.430555555556	0
124.434027777778	0
124.4375	0
124.440972222222	0
124.444444444444	0
124.447916666667	0
124.451388888889	0
124.454861111111	0
124.458333333333	0
124.461805555556	0
124.465277777778	0
124.46875	0.2
124.472222222222	0
124.475694444444	0
124.479166666667	0
124.482638888889	0
124.486111111111	0
124.489583333333	0
124.493055555556	0
124.496527777778	0
124.5	0
124.503472222222	0
124.506944444444	0
124.510416666667	0
124.513888888889	0
124.517361111111	0
124.520833333333	0
124.524305555556	0
124.527777777778	0
124.53125	0
124.534722222222	0
124.538194444444	0
124.541666666667	0
124.545138888889	0
124.548611111111	0
124.552083333333	0
124.555555555556	0
124.559027777778	0
124.5625	0
124.565972222222	0
124.569444444444	0
124.572916666667	0
124.576388888889	0
124.579861111111	0
124.583333333333	0
124.586805555556	0
124.590277777778	0
124.59375	0
124.597222222222	0
124.600694444444	0
124.604166666667	0
124.607638888889	0
124.611111111111	0
124.614583333333	0
124.618055555556	0
124.621527777778	0
124.625	0
124.628472222222	0
124.631944444444	0
124.635416666667	0
124.638888888889	0
124.642361111111	0
124.645833333333	0
124.649305555556	0
124.652777777778	0
124.65625	0
124.659722222222	0
124.663194444444	0
124.666666666667	0
124.670138888889	0
124.673611111111	0.2
124.677083333333	0
124.680555555556	0
124.684027777778	0
124.6875	0
124.690972222222	0
124.694444444444	0
124.697916666667	0
124.701388888889	0
124.704861111111	0
124.708333333333	0
124.711805555556	0
124.715277777778	0
124.71875	0
124.722222222222	0
124.725694444444	0
124.729166666667	0
124.732638888889	0
124.736111111111	0
124.739583333333	0
124.743055555556	0
124.746527777778	0
124.75	0
124.753472222222	0
124.756944444444	0
124.760416666667	0
124.763888888889	0
124.767361111111	0
124.770833333333	0
124.774305555556	0
124.777777777778	0
124.78125	0
124.784722222222	0
124.788194444444	0
124.791666666667	0
124.795138888889	0
124.798611111111	0
124.802083333333	0
124.805555555556	0
124.809027777778	0
124.8125	0
124.815972222222	0
124.819444444444	0
124.822916666667	0
124.826388888889	0
124.829861111111	0
124.833333333333	0
124.836805555556	0
124.840277777778	0
124.84375	0
124.847222222222	0
124.850694444444	0
124.854166666667	0
124.857638888889	0
124.861111111111	0
124.864583333333	0
124.868055555556	0
124.871527777778	0
124.875	0
124.878472222222	0
124.881944444444	0
124.885416666667	0
124.888888888889	0
124.892361111111	0
124.895833333333	0
124.899305555556	0
124.902777777778	0
124.90625	0
124.909722222222	0
124.913194444444	0
124.916666666667	0
124.920138888889	0
124.923611111111	0
124.927083333333	0
124.930555555556	0
124.934027777778	0
124.9375	0
124.940972222222	0
124.944444444444	0
124.947916666667	0
124.951388888889	0
124.954861111111	0
124.958333333333	0
124.961805555556	0
124.965277777778	0
124.96875	0
124.972222222222	0
124.975694444444	0
124.979166666667	0
124.982638888889	0
124.986111111111	0
124.989583333333	0
124.993055555556	0.2
124.996527777778	0
125	0
125.003472222222	0
125.006944444444	0
125.010416666667	0
125.013888888889	0
125.017361111111	0
125.020833333333	0
125.024305555556	0
125.027777777778	0
125.03125	0
125.034722222222	0
125.038194444444	0
125.041666666667	0
125.045138888889	0
125.048611111111	0
125.052083333333	0
125.055555555556	0
125.059027777778	0
125.0625	0.2
125.065972222222	0
125.069444444444	0
125.072916666667	0.2
125.076388888889	0
125.079861111111	0
125.083333333333	0
125.086805555556	0
125.090277777778	0
125.09375	0.2
125.097222222222	0
125.100694444444	0.2
125.104166666667	0
125.107638888889	0
125.111111111111	0.2
125.114583333333	0
125.118055555556	0
125.121527777778	0
125.125	0
125.128472222222	0
125.131944444444	0
125.135416666667	0
125.138888888889	0
125.142361111111	0
125.145833333333	0
125.149305555556	0
125.152777777778	0
125.15625	0
125.159722222222	0
125.163194444444	0
125.166666666667	0
125.170138888889	0
125.173611111111	0
125.177083333333	0
125.180555555556	0
125.184027777778	0
125.1875	0
125.190972222222	0
125.194444444444	0
125.197916666667	0
125.201388888889	0
125.204861111111	0
125.208333333333	0
125.211805555556	0
125.215277777778	0
125.21875	0
125.222222222222	0
125.225694444444	0
125.229166666667	0
125.232638888889	0
125.236111111111	0
125.239583333333	0.2
125.243055555556	0.4
125.246527777778	0.2
125.25	0.4
125.253472222222	0
125.256944444444	0
125.260416666667	0
125.263888888889	0
125.267361111111	0
125.270833333333	0
125.274305555556	0
125.277777777778	0
125.28125	0
125.284722222222	0
125.288194444444	0
125.291666666667	0
125.295138888889	0
125.298611111111	0
125.302083333333	0
125.305555555556	0
125.309027777778	0
125.3125	0
125.315972222222	0
125.319444444444	0
125.322916666667	0
125.326388888889	0
125.329861111111	0
125.333333333333	0
125.336805555556	0
125.340277777778	0
125.34375	0
125.347222222222	0
125.350694444444	0
125.354166666667	0
125.357638888889	0
125.361111111111	0
125.364583333333	0
125.368055555556	0
125.371527777778	0
125.375	0
125.378472222222	0
125.381944444444	0
125.385416666667	0
125.388888888889	0
125.392361111111	0
125.395833333333	0
125.399305555556	0
125.402777777778	0
125.40625	0
125.409722222222	0
125.413194444444	0
125.416666666667	0
125.420138888889	0
125.423611111111	0
125.427083333333	0
125.430555555556	0
125.434027777778	0
125.4375	0
125.440972222222	0
125.444444444444	0
125.447916666667	0
125.451388888889	0
125.454861111111	0
125.458333333333	0
125.461805555556	0
125.465277777778	0
125.46875	0
125.472222222222	0
125.475694444444	0
125.479166666667	0
125.482638888889	0
125.486111111111	0
125.489583333333	0
125.493055555556	0
125.496527777778	0
125.5	0
125.503472222222	0
125.506944444444	0
125.510416666667	0
125.513888888889	0
125.517361111111	0
125.520833333333	0
125.524305555556	0
125.527777777778	0
125.53125	0
125.534722222222	0
125.538194444444	0
125.541666666667	0
125.545138888889	0
125.548611111111	0
125.552083333333	0
125.555555555556	0
125.559027777778	0
125.5625	0
125.565972222222	0
125.569444444444	0
125.572916666667	0
125.576388888889	0
125.579861111111	0
125.583333333333	0
125.586805555556	0
125.590277777778	0
125.59375	0
125.597222222222	0.2
125.600694444444	0
125.604166666667	0
125.607638888889	0
125.611111111111	0
125.614583333333	0
125.618055555556	0
125.621527777778	0
125.625	0
125.628472222222	0
125.631944444444	0
125.635416666667	0
125.638888888889	0
125.642361111111	0
125.645833333333	0
125.649305555556	0
125.652777777778	0
125.65625	0
125.659722222222	0
125.663194444444	0
125.666666666667	0
125.670138888889	0
125.673611111111	0
125.677083333333	0
125.680555555556	0
125.684027777778	0
125.6875	0
125.690972222222	0
125.694444444444	0
125.697916666667	0
125.701388888889	0
125.704861111111	0
125.708333333333	0
125.711805555556	0
125.715277777778	0
125.71875	0
125.722222222222	0
125.725694444444	0
125.729166666667	0
125.732638888889	0
125.736111111111	0
125.739583333333	0
125.743055555556	0
125.746527777778	0
125.75	0
125.753472222222	0
125.756944444444	0
125.760416666667	0
125.763888888889	0
125.767361111111	0
125.770833333333	0
125.774305555556	0
125.777777777778	0
125.78125	0
125.784722222222	0
125.788194444444	0
125.791666666667	0
125.795138888889	0
125.798611111111	0
125.802083333333	0
125.805555555556	0
125.809027777778	0
125.8125	0
125.815972222222	0
125.819444444444	0
125.822916666667	0
125.826388888889	0
125.829861111111	0
125.833333333333	0
125.836805555556	0
125.840277777778	0
125.84375	0
125.847222222222	0
125.850694444444	0
125.854166666667	0
125.857638888889	0
125.861111111111	0
125.864583333333	0
125.868055555556	0
125.871527777778	0
125.875	0
125.878472222222	0
125.881944444444	0
125.885416666667	0
125.888888888889	0
125.892361111111	0
125.895833333333	0
125.899305555556	0
125.902777777778	0
125.90625	0
125.909722222222	0
125.913194444444	0
125.916666666667	0
125.920138888889	0
125.923611111111	0
125.927083333333	0
125.930555555556	0
125.934027777778	0
125.9375	0
125.940972222222	0
125.944444444444	0
125.947916666667	0
125.951388888889	0
125.954861111111	0
125.958333333333	0
125.961805555556	0
125.965277777778	0
125.96875	0
125.972222222222	0
125.975694444444	0
125.979166666667	0
125.982638888889	0
125.986111111111	0
125.989583333333	0
125.993055555556	0
125.996527777778	0
126	0
126.003472222222	0
126.006944444444	0
126.010416666667	0
126.013888888889	0
126.017361111111	0
126.020833333333	0
126.024305555556	0
126.027777777778	0
126.03125	0
126.034722222222	0
126.038194444444	0
126.041666666667	0
126.045138888889	0
126.048611111111	0
126.052083333333	0
126.055555555556	0
126.059027777778	0
126.0625	0
126.065972222222	0
126.069444444444	0
126.072916666667	0
126.076388888889	0
126.079861111111	0
126.083333333333	0
126.086805555556	0
126.090277777778	0
126.09375	0
126.097222222222	0
126.100694444444	0
126.104166666667	0
126.107638888889	0
126.111111111111	0
126.114583333333	0
126.118055555556	0
126.121527777778	0
126.125	0
126.128472222222	0
126.131944444444	0
126.135416666667	0
126.138888888889	0
126.142361111111	0
126.145833333333	0
126.149305555556	0
126.152777777778	0
126.15625	0
126.159722222222	0
126.163194444444	0
126.166666666667	0
126.170138888889	0
126.173611111111	0
126.177083333333	0
126.180555555556	0
126.184027777778	0
126.1875	0
126.190972222222	0
126.194444444444	0
126.197916666667	0
126.201388888889	0
126.204861111111	0
126.208333333333	0
126.211805555556	0
126.215277777778	0
126.21875	0
126.222222222222	0
126.225694444444	0
126.229166666667	0
126.232638888889	0
126.236111111111	0
126.239583333333	0
126.243055555556	0
126.246527777778	0
126.25	0
126.253472222222	0
126.256944444444	0
126.260416666667	0
126.263888888889	0
126.267361111111	0
126.270833333333	0
126.274305555556	0
126.277777777778	0
126.28125	0
126.284722222222	0
126.288194444444	0
126.291666666667	0
126.295138888889	0
126.298611111111	0
126.302083333333	0
126.305555555556	0
126.309027777778	0
126.3125	0
126.315972222222	0
126.319444444444	0
126.322916666667	0
126.326388888889	0
126.329861111111	0
126.333333333333	0
126.336805555556	0
126.340277777778	0
126.34375	0
126.347222222222	0
126.350694444444	0
126.354166666667	0
126.357638888889	0
126.361111111111	0
126.364583333333	0
126.368055555556	0
126.371527777778	0
126.375	0
126.378472222222	0
126.381944444444	0
126.385416666667	0
126.388888888889	0
126.392361111111	0.2
126.395833333333	0
126.399305555556	0
126.402777777778	0
126.40625	0
126.409722222222	0
126.413194444444	0
126.416666666667	0
126.420138888889	0
126.423611111111	0
126.427083333333	0
126.430555555556	0
126.434027777778	0
126.4375	0
126.440972222222	0
126.444444444444	0
126.447916666667	0
126.451388888889	0
126.454861111111	0
126.458333333333	0
126.461805555556	0
126.465277777778	0
126.46875	0
126.472222222222	0
126.475694444444	0
126.479166666667	0
126.482638888889	0
126.486111111111	0
126.489583333333	0
126.493055555556	0
126.496527777778	0
126.5	0
126.503472222222	0
126.506944444444	0
126.510416666667	0
126.513888888889	0
126.517361111111	0
126.520833333333	0
126.524305555556	0
126.527777777778	0
126.53125	0
126.534722222222	0
126.538194444444	0
126.541666666667	0
126.545138888889	0
126.548611111111	0
126.552083333333	0
126.555555555556	0
126.559027777778	0
126.5625	0
126.565972222222	0
126.569444444444	0
126.572916666667	0
126.576388888889	0
126.579861111111	0
126.583333333333	0
126.586805555556	0
126.590277777778	0
126.59375	0
126.597222222222	0
126.600694444444	0
126.604166666667	0
126.607638888889	0
126.611111111111	0
126.614583333333	0
126.618055555556	0
126.621527777778	0
126.625	0
126.628472222222	0
126.631944444444	0
126.635416666667	0
126.638888888889	0
126.642361111111	0
126.645833333333	0
126.649305555556	0
126.652777777778	0
126.65625	0
126.659722222222	0
126.663194444444	0
126.666666666667	0
126.670138888889	0
126.673611111111	0
126.677083333333	0
126.680555555556	0
126.684027777778	0
126.6875	0
126.690972222222	0
126.694444444444	0
126.697916666667	0
126.701388888889	0
126.704861111111	0
126.708333333333	0
126.711805555556	0
126.715277777778	0
126.71875	0
126.722222222222	0
126.725694444444	0
126.729166666667	0
126.732638888889	0
126.736111111111	0
126.739583333333	0
126.743055555556	0
126.746527777778	0
126.75	0
126.753472222222	0
126.756944444444	0
126.760416666667	0
126.763888888889	0
126.767361111111	0
126.770833333333	0
126.774305555556	0
126.777777777778	0
126.78125	0
126.784722222222	0
126.788194444444	0
126.791666666667	0
126.795138888889	0
126.798611111111	0
126.802083333333	0
126.805555555556	0
126.809027777778	0
126.8125	0
126.815972222222	0
126.819444444444	0
126.822916666667	0
126.826388888889	0
126.829861111111	0
126.833333333333	0
126.836805555556	0
126.840277777778	0
126.84375	0
126.847222222222	0
126.850694444444	0
126.854166666667	0
126.857638888889	0
126.861111111111	0
126.864583333333	0
126.868055555556	0
126.871527777778	0
126.875	0
126.878472222222	0
126.881944444444	0
126.885416666667	0
126.888888888889	0
126.892361111111	0
126.895833333333	0
126.899305555556	0
126.902777777778	0
126.90625	0
126.909722222222	0
126.913194444444	0
126.916666666667	0
126.920138888889	0
126.923611111111	0
126.927083333333	0
126.930555555556	0
126.934027777778	0
126.9375	0
126.940972222222	0
126.944444444444	0
126.947916666667	0
126.951388888889	0
126.954861111111	0
126.958333333333	0
126.961805555556	0
126.965277777778	0
126.96875	0
126.972222222222	0
126.975694444444	0
126.979166666667	0
126.982638888889	0
126.986111111111	0
126.989583333333	0
126.993055555556	0
126.996527777778	0
127	0
127.003472222222	0
127.006944444444	0
127.010416666667	0
127.013888888889	0
127.017361111111	0
127.020833333333	0
127.024305555556	0
127.027777777778	0
127.03125	0
127.034722222222	0
127.038194444444	0
127.041666666667	0
127.045138888889	0
127.048611111111	0
127.052083333333	0
127.055555555556	0
127.059027777778	0
127.0625	0
127.065972222222	0
127.069444444444	0
127.072916666667	0
127.076388888889	0
127.079861111111	0
127.083333333333	0
127.086805555556	0
127.090277777778	0
127.09375	0
127.097222222222	0
127.100694444444	0
127.104166666667	0
127.107638888889	0
127.111111111111	0
127.114583333333	0
127.118055555556	0
127.121527777778	0
127.125	0
127.128472222222	0
127.131944444444	0
127.135416666667	0
127.138888888889	0
127.142361111111	0
127.145833333333	0
127.149305555556	0
127.152777777778	0
127.15625	0
127.159722222222	0
127.163194444444	0
127.166666666667	0
127.170138888889	0
127.173611111111	0
127.177083333333	0
127.180555555556	0
127.184027777778	0
127.1875	0
127.190972222222	0
127.194444444444	0
127.197916666667	0
127.201388888889	0
127.204861111111	0
127.208333333333	0
127.211805555556	0
127.215277777778	0
127.21875	0
127.222222222222	0
127.225694444444	0
127.229166666667	0
127.232638888889	0
127.236111111111	0
127.239583333333	0
127.243055555556	0
127.246527777778	0
127.25	0
127.253472222222	0
127.256944444444	0
127.260416666667	0
127.263888888889	0
127.267361111111	0
127.270833333333	0
127.274305555556	0
127.277777777778	0
127.28125	0
127.284722222222	0
127.288194444444	0
127.291666666667	0
127.295138888889	0
127.298611111111	0
127.302083333333	0
127.305555555556	0
127.309027777778	0
127.3125	0
127.315972222222	0
127.319444444444	0
127.322916666667	0
127.326388888889	0
127.329861111111	0
127.333333333333	0
127.336805555556	0
127.340277777778	0
127.34375	0
127.347222222222	0
127.350694444444	0
127.354166666667	0
127.357638888889	0
127.361111111111	0
127.364583333333	0
127.368055555556	0
127.371527777778	0
127.375	0
127.378472222222	0
127.381944444444	0
127.385416666667	0
127.388888888889	0
127.392361111111	0
127.395833333333	0
127.399305555556	0
127.402777777778	0
127.40625	0
127.409722222222	0
127.413194444444	0
127.416666666667	0
127.420138888889	0
127.423611111111	0
127.427083333333	0
127.430555555556	0
127.434027777778	0
127.4375	0
127.440972222222	0
127.444444444444	0
127.447916666667	0
127.451388888889	0
127.454861111111	0
127.458333333333	0
127.461805555556	0
127.465277777778	0
127.46875	0
127.472222222222	0
127.475694444444	0
127.479166666667	0
127.482638888889	0
127.486111111111	0
127.489583333333	0
127.493055555556	0
127.496527777778	0
127.5	0
127.503472222222	0
127.506944444444	0
127.510416666667	0
127.513888888889	0
127.517361111111	0
127.520833333333	0
127.524305555556	0
127.527777777778	0
127.53125	0
127.534722222222	0
127.538194444444	0
127.541666666667	0
127.545138888889	0
127.548611111111	0
127.552083333333	0
127.555555555556	0
127.559027777778	0
127.5625	0
127.565972222222	0
127.569444444444	0
127.572916666667	0
127.576388888889	0
127.579861111111	0
127.583333333333	0
127.586805555556	0
127.590277777778	0
127.59375	0
127.597222222222	0
127.600694444444	0
127.604166666667	0
127.607638888889	0
127.611111111111	0
127.614583333333	0
127.618055555556	0
127.621527777778	0
127.625	0
127.628472222222	0
127.631944444444	0
127.635416666667	0
127.638888888889	0
127.642361111111	0
127.645833333333	0
127.649305555556	0
127.652777777778	0
127.65625	0
127.659722222222	0
127.663194444444	0
127.666666666667	0
127.670138888889	0
127.673611111111	0
127.677083333333	0
127.680555555556	0
127.684027777778	0
127.6875	0
127.690972222222	0
127.694444444444	0
127.697916666667	0
127.701388888889	0
127.704861111111	0
127.708333333333	0
127.711805555556	0
127.715277777778	0
127.71875	0
127.722222222222	0
127.725694444444	0
127.729166666667	0
127.732638888889	0
127.736111111111	0
127.739583333333	0
127.743055555556	0
127.746527777778	0
127.75	0
127.753472222222	0
127.756944444444	0
127.760416666667	0
127.763888888889	0
127.767361111111	0
127.770833333333	0
127.774305555556	0
127.777777777778	0
127.78125	0
127.784722222222	0
127.788194444444	0
127.791666666667	0
127.795138888889	0
127.798611111111	0
127.802083333333	0
127.805555555556	0
127.809027777778	0
127.8125	0
127.815972222222	0
127.819444444444	0
127.822916666667	0
127.826388888889	0
127.829861111111	0
127.833333333333	0
127.836805555556	0
127.840277777778	0
127.84375	0
127.847222222222	0
127.850694444444	0
127.854166666667	0
127.857638888889	0
127.861111111111	0
127.864583333333	0
127.868055555556	0
127.871527777778	0
127.875	0
127.878472222222	0
127.881944444444	0
127.885416666667	0
127.888888888889	0
127.892361111111	0
127.895833333333	0
127.899305555556	0
127.902777777778	0
127.90625	0
127.909722222222	0
127.913194444444	0
127.916666666667	0
127.920138888889	0
127.923611111111	0
127.927083333333	0
127.930555555556	0
127.934027777778	0
127.9375	0
127.940972222222	0
127.944444444444	0
127.947916666667	0
127.951388888889	0
127.954861111111	0
127.958333333333	0
127.961805555556	0
127.965277777778	0
127.96875	0
127.972222222222	0
127.975694444444	0
127.979166666667	0
127.982638888889	0
127.986111111111	0
127.989583333333	0
127.993055555556	0
127.996527777778	0
128	0
128.003472222222	0
128.006944444444	0
128.010416666667	0
128.013888888889	0
128.017361111111	0
128.020833333333	0
128.024305555556	0
128.027777777778	0
128.03125	0
128.034722222222	0
128.038194444444	0
128.041666666667	0
128.045138888889	0
128.048611111111	0
128.052083333333	0
128.055555555556	0
128.059027777778	0
128.0625	0
128.065972222222	0
128.069444444444	0
128.072916666667	0
128.076388888889	0
128.079861111111	0
128.083333333333	0
128.086805555556	0
128.090277777778	0
128.09375	0
128.097222222222	0
128.100694444444	0
128.104166666667	0
128.107638888889	0
128.111111111111	0
128.114583333333	0
128.118055555556	0
128.121527777778	0
128.125	0
128.128472222222	0
128.131944444444	0
128.135416666667	0
128.138888888889	0
128.142361111111	0
128.145833333333	0
128.149305555556	0
128.152777777778	0
128.15625	0
128.159722222222	0
128.163194444444	0
128.166666666667	0
128.170138888889	0
128.173611111111	0
128.177083333333	0
128.180555555556	0
128.184027777778	0
128.1875	0
128.190972222222	0
128.194444444444	0
128.197916666667	0
128.201388888889	0
128.204861111111	0
128.208333333333	0
128.211805555556	0
128.215277777778	0
128.21875	0
128.222222222222	0
128.225694444444	0
128.229166666667	0
128.232638888889	0
128.236111111111	0
128.239583333333	0
128.243055555556	0
128.246527777778	0
128.25	0
128.253472222222	0
128.256944444444	0
128.260416666667	0
128.263888888889	0
128.267361111111	0
128.270833333333	0
128.274305555556	0
128.277777777778	0
128.28125	0
128.284722222222	0
128.288194444444	0
128.291666666667	0
128.295138888889	0
128.298611111111	0
128.302083333333	0
128.305555555556	0
128.309027777778	0
128.3125	0
128.315972222222	0
128.319444444444	0
128.322916666667	0
128.326388888889	0
128.329861111111	0
128.333333333333	0
128.336805555556	0
128.340277777778	0
128.34375	0
128.347222222222	0
128.350694444444	0
128.354166666667	0
128.357638888889	0
128.361111111111	0
128.364583333333	0
128.368055555556	0
128.371527777778	0
128.375	0
128.378472222222	0
128.381944444444	0
128.385416666667	0
128.388888888889	0
128.392361111111	0.2
128.395833333333	0
128.399305555556	0
128.402777777778	0
128.40625	0
128.409722222222	0
128.413194444444	0
128.416666666667	0
128.420138888889	0
128.423611111111	0
128.427083333333	0
128.430555555556	0
128.434027777778	0
128.4375	0
128.440972222222	0
128.444444444444	0
128.447916666667	0
128.451388888889	0
128.454861111111	0
128.458333333333	0
128.461805555556	0
128.465277777778	0
128.46875	0
128.472222222222	0
128.475694444444	0
128.479166666667	0
128.482638888889	0
128.486111111111	0
128.489583333333	0
128.493055555556	0
128.496527777778	0
128.5	0
128.503472222222	0
128.506944444444	0
128.510416666667	0
128.513888888889	0
128.517361111111	0
128.520833333333	0
128.524305555556	0
128.527777777778	0
128.53125	0
128.534722222222	0
128.538194444444	0
128.541666666667	0
128.545138888889	0
128.548611111111	0
128.552083333333	0
128.555555555556	0
128.559027777778	0
128.5625	0
128.565972222222	0
128.569444444444	0
128.572916666667	0
128.576388888889	0
128.579861111111	0
128.583333333333	0
128.586805555556	0
128.590277777778	0
128.59375	0
128.597222222222	0
128.600694444444	0
128.604166666667	0
128.607638888889	0
128.611111111111	0
128.614583333333	0
128.618055555556	0
128.621527777778	0
128.625	0
128.628472222222	0
128.631944444444	0
128.635416666667	0
128.638888888889	0
128.642361111111	0
128.645833333333	0
128.649305555556	0
128.652777777778	0
128.65625	0
128.659722222222	0
128.663194444444	0
128.666666666667	0
128.670138888889	0
128.673611111111	0
128.677083333333	0
128.680555555556	0
128.684027777778	0
128.6875	0
128.690972222222	0
128.694444444444	0
128.697916666667	0
128.701388888889	0
128.704861111111	0
128.708333333333	0
128.711805555556	0
128.715277777778	0.2
128.71875	0
128.722222222222	0
128.725694444444	0
128.729166666667	0
128.732638888889	0
128.736111111111	0
128.739583333333	0
128.743055555556	0
128.746527777778	0
128.75	0
128.753472222222	0
128.756944444444	0
128.760416666667	0
128.763888888889	0
128.767361111111	0
128.770833333333	0
128.774305555556	0
128.777777777778	0
128.78125	0
128.784722222222	0
128.788194444444	0
128.791666666667	0
128.795138888889	0
128.798611111111	0
128.802083333333	0
128.805555555556	0
128.809027777778	0
128.8125	0
128.815972222222	0
128.819444444444	0
128.822916666667	0
128.826388888889	0
128.829861111111	0
128.833333333333	0
128.836805555556	0
128.840277777778	0
128.84375	0
128.847222222222	0
128.850694444444	0
128.854166666667	0
128.857638888889	0
128.861111111111	0
128.864583333333	0
128.868055555556	0
128.871527777778	0
128.875	0
128.878472222222	0
128.881944444444	0
128.885416666667	0
128.888888888889	0
128.892361111111	0
128.895833333333	0
128.899305555556	0
128.902777777778	0
128.90625	0
128.909722222222	0
128.913194444444	0
128.916666666667	0
128.920138888889	0
128.923611111111	0
128.927083333333	0
128.930555555556	0
128.934027777778	0
128.9375	0
128.940972222222	0
128.944444444444	0
128.947916666667	0
128.951388888889	0
128.954861111111	0
128.958333333333	0
128.961805555556	0
128.965277777778	0
128.96875	0
128.972222222222	0
128.975694444444	0
128.979166666667	0
128.982638888889	0
128.986111111111	0
128.989583333333	0
128.993055555556	0
128.996527777778	0
129	0
129.003472222222	0
129.006944444444	0
129.010416666667	0
129.013888888889	0
129.017361111111	0
129.020833333333	0
129.024305555556	0
129.027777777778	0
129.03125	0
129.034722222222	0
129.038194444444	0
129.041666666667	0
129.045138888889	0
129.048611111111	0
129.052083333333	0
129.055555555556	0
129.059027777778	0
129.0625	0
129.065972222222	0
129.069444444444	0
129.072916666667	0
129.076388888889	0
129.079861111111	0
129.083333333333	0
129.086805555556	0
129.090277777778	0
129.09375	0
129.097222222222	0
129.100694444444	0
129.104166666667	0
129.107638888889	0
129.111111111111	0
129.114583333333	0
129.118055555556	0
129.121527777778	0
129.125	0
129.128472222222	0
129.131944444444	0
129.135416666667	0
129.138888888889	0
129.142361111111	0
129.145833333333	0
129.149305555556	0
129.152777777778	0
129.15625	0
129.159722222222	0
129.163194444444	0
129.166666666667	0
129.170138888889	0
129.173611111111	0
129.177083333333	0
129.180555555556	0
129.184027777778	0
129.1875	0
129.190972222222	0
129.194444444444	0
129.197916666667	0
129.201388888889	0
129.204861111111	0
129.208333333333	0
129.211805555556	0
129.215277777778	0
129.21875	0
129.222222222222	0
129.225694444444	0
129.229166666667	0
129.232638888889	0
129.236111111111	0
129.239583333333	0
129.243055555556	0
129.246527777778	0
129.25	0
129.253472222222	0
129.256944444444	0
129.260416666667	0
129.263888888889	0
129.267361111111	0
129.270833333333	0
129.274305555556	0
129.277777777778	0
129.28125	0
129.284722222222	0
129.288194444444	0
129.291666666667	0
129.295138888889	0
129.298611111111	0
129.302083333333	0
129.305555555556	0
129.309027777778	0
129.3125	0
129.315972222222	0
129.319444444444	0
129.322916666667	0
129.326388888889	0
129.329861111111	0
129.333333333333	0
129.336805555556	0
129.340277777778	0
129.34375	0
129.347222222222	0
129.350694444444	0
129.354166666667	0
129.357638888889	0
129.361111111111	0
129.364583333333	0
129.368055555556	0
129.371527777778	0
129.375	0
129.378472222222	0
129.381944444444	0
129.385416666667	0
129.388888888889	0
129.392361111111	0
129.395833333333	0
129.399305555556	0
129.402777777778	0
129.40625	0
129.409722222222	0
129.413194444444	0
129.416666666667	0
129.420138888889	0
129.423611111111	0
129.427083333333	0
129.430555555556	0
129.434027777778	0
129.4375	0
129.440972222222	0
129.444444444444	0
129.447916666667	0
129.451388888889	0
129.454861111111	0
129.458333333333	0
129.461805555556	0
129.465277777778	0
129.46875	0
129.472222222222	0
129.475694444444	0
129.479166666667	0
129.482638888889	0
129.486111111111	0
129.489583333333	0
129.493055555556	0
129.496527777778	0
129.5	0
129.503472222222	0
129.506944444444	0
129.510416666667	0
129.513888888889	0
129.517361111111	0
129.520833333333	0
129.524305555556	0
129.527777777778	0
129.53125	0
129.534722222222	0
129.538194444444	0
129.541666666667	0
129.545138888889	0
129.548611111111	0
129.552083333333	0
129.555555555556	0
129.559027777778	0
129.5625	0
129.565972222222	0
129.569444444444	0
129.572916666667	0
129.576388888889	0
129.579861111111	0
129.583333333333	0
129.586805555556	0
129.590277777778	0
129.59375	0
129.597222222222	0
129.600694444444	0
129.604166666667	0
129.607638888889	0
129.611111111111	0
129.614583333333	0
129.618055555556	0
129.621527777778	0
129.625	0
129.628472222222	0
129.631944444444	0
129.635416666667	0
129.638888888889	0
129.642361111111	0
129.645833333333	0
129.649305555556	0
129.652777777778	0
129.65625	0
129.659722222222	0
129.663194444444	0
129.666666666667	0
129.670138888889	0
129.673611111111	0
129.677083333333	0
129.680555555556	0
129.684027777778	0
129.6875	0
129.690972222222	0
129.694444444444	0
129.697916666667	0
129.701388888889	0
129.704861111111	0
129.708333333333	0
129.711805555556	0
129.715277777778	0
129.71875	0
129.722222222222	0
129.725694444444	0
129.729166666667	0
129.732638888889	0
129.736111111111	0
129.739583333333	0
129.743055555556	0
129.746527777778	0
129.75	0
129.753472222222	0
129.756944444444	0
129.760416666667	0
129.763888888889	0
129.767361111111	0
129.770833333333	0
129.774305555556	0
129.777777777778	0
129.78125	0
129.784722222222	0
129.788194444444	0
129.791666666667	0
129.795138888889	0
129.798611111111	0
129.802083333333	0
129.805555555556	0
129.809027777778	0
129.8125	0
129.815972222222	0
129.819444444444	0
129.822916666667	0
129.826388888889	0
129.829861111111	0
129.833333333333	0
129.836805555556	0
129.840277777778	0
129.84375	0
129.847222222222	0
129.850694444444	0
129.854166666667	0
129.857638888889	0
129.861111111111	0
129.864583333333	0
129.868055555556	0
129.871527777778	0
129.875	0
129.878472222222	0
129.881944444444	0
129.885416666667	0
129.888888888889	0
129.892361111111	0
129.895833333333	0
129.899305555556	0
129.902777777778	0
129.90625	0
129.909722222222	0
129.913194444444	0
129.916666666667	0
129.920138888889	0
129.923611111111	0
129.927083333333	0
129.930555555556	0
129.934027777778	0
129.9375	0
129.940972222222	0
129.944444444444	0
129.947916666667	0
129.951388888889	0
129.954861111111	0
129.958333333333	0
129.961805555556	0
129.965277777778	0
129.96875	0
129.972222222222	0
129.975694444444	0
129.979166666667	0
129.982638888889	0
129.986111111111	0
129.989583333333	0
129.993055555556	0
129.996527777778	0
130	0
130.003472222222	0
130.006944444444	0
130.010416666667	0
130.013888888889	0
130.017361111111	0
130.020833333333	0
130.024305555556	0
130.027777777778	0
130.03125	0
130.034722222222	0
130.038194444444	0
130.041666666667	0
130.045138888889	0
130.048611111111	0
130.052083333333	0
130.055555555556	0
130.059027777778	0
130.0625	0
130.065972222222	0
130.069444444444	0
130.072916666667	0
130.076388888889	0
130.079861111111	0
130.083333333333	0
130.086805555556	0
130.090277777778	0
130.09375	0
130.097222222222	0
130.100694444444	0
130.104166666667	0
130.107638888889	0
130.111111111111	0
130.114583333333	0
130.118055555556	0
130.121527777778	0
130.125	0
130.128472222222	0
130.131944444444	0
130.135416666667	0
130.138888888889	0
130.142361111111	0
130.145833333333	0
130.149305555556	0
130.152777777778	0
130.15625	0
130.159722222222	0
130.163194444444	0
130.166666666667	0
130.170138888889	0
130.173611111111	0
130.177083333333	0
130.180555555556	0
130.184027777778	0
130.1875	0
130.190972222222	0
130.194444444444	0
130.197916666667	0
130.201388888889	0
130.204861111111	0
130.208333333333	0
130.211805555556	0
130.215277777778	0
130.21875	0
130.222222222222	0
130.225694444444	0
130.229166666667	0
130.232638888889	0
130.236111111111	0
130.239583333333	0
130.243055555556	0
130.246527777778	0
130.25	0
130.253472222222	0
130.256944444444	0
130.260416666667	0
130.263888888889	0
130.267361111111	0
130.270833333333	0
130.274305555556	0
130.277777777778	0
130.28125	0
130.284722222222	0
130.288194444444	0
130.291666666667	0
130.295138888889	0
130.298611111111	0
130.302083333333	0
130.305555555556	0
130.309027777778	0
130.3125	0
130.315972222222	0
130.319444444444	0
130.322916666667	0
130.326388888889	0
130.329861111111	0
130.333333333333	0
130.336805555556	0
130.340277777778	0
130.34375	0
130.347222222222	0
130.350694444444	0
130.354166666667	0
130.357638888889	0
130.361111111111	0
130.364583333333	0
130.368055555556	0
130.371527777778	0
130.375	0
130.378472222222	0
130.381944444444	0
130.385416666667	0
130.388888888889	0
130.392361111111	0
130.395833333333	0
130.399305555556	0
130.402777777778	0
130.40625	0
130.409722222222	0
130.413194444444	0
130.416666666667	0
130.420138888889	0
130.423611111111	0
130.427083333333	0
130.430555555556	0
130.434027777778	0
130.4375	0
130.440972222222	0
130.444444444444	0
130.447916666667	0
130.451388888889	0
130.454861111111	0
130.458333333333	0
130.461805555556	0
130.465277777778	0
130.46875	0
130.472222222222	0
130.475694444444	0
130.479166666667	0
130.482638888889	0
130.486111111111	0
130.489583333333	0
130.493055555556	0
130.496527777778	0
130.5	0
130.503472222222	0
130.506944444444	0
130.510416666667	0
130.513888888889	0
130.517361111111	0
130.520833333333	0
130.524305555556	0
130.527777777778	0
130.53125	0
130.534722222222	0
130.538194444444	0
130.541666666667	0
130.545138888889	0
130.548611111111	0
130.552083333333	0
130.555555555556	0
130.559027777778	0
130.5625	0
130.565972222222	0
130.569444444444	0
130.572916666667	0
130.576388888889	0
130.579861111111	0
130.583333333333	0
130.586805555556	0
130.590277777778	0
130.59375	0
130.597222222222	0
130.600694444444	0
130.604166666667	0
130.607638888889	0
130.611111111111	0
130.614583333333	0
130.618055555556	0
130.621527777778	0
130.625	0
130.628472222222	0
130.631944444444	0
130.635416666667	0
130.638888888889	0
130.642361111111	0
130.645833333333	0
130.649305555556	0
130.652777777778	0
130.65625	0
130.659722222222	0
130.663194444444	0
130.666666666667	0
130.670138888889	0
130.673611111111	0
130.677083333333	0
130.680555555556	0
130.684027777778	0
130.6875	0
130.690972222222	0
130.694444444444	0
130.697916666667	0
130.701388888889	0
130.704861111111	0
130.708333333333	0
130.711805555556	0
130.715277777778	0
130.71875	0
130.722222222222	0
130.725694444444	0
130.729166666667	0
130.732638888889	0
130.736111111111	0
130.739583333333	0
130.743055555556	0
130.746527777778	0
130.75	0
130.753472222222	0
130.756944444444	0
130.760416666667	0
130.763888888889	0
130.767361111111	0
130.770833333333	0
130.774305555556	0
130.777777777778	0
130.78125	0
130.784722222222	0
130.788194444444	0
130.791666666667	0
130.795138888889	0
130.798611111111	0
130.802083333333	0
130.805555555556	0
130.809027777778	0
130.8125	0
130.815972222222	0
130.819444444444	0
130.822916666667	0
130.826388888889	0
130.829861111111	0
130.833333333333	0
130.836805555556	0
130.840277777778	0
130.84375	0
130.847222222222	0
130.850694444444	0
130.854166666667	0
130.857638888889	0
130.861111111111	0
130.864583333333	0
130.868055555556	0
130.871527777778	0
130.875	0
130.878472222222	0
130.881944444444	0
130.885416666667	0
130.888888888889	0
130.892361111111	0
130.895833333333	0
130.899305555556	0
130.902777777778	0
130.90625	0
130.909722222222	0
130.913194444444	0
130.916666666667	0
130.920138888889	0
130.923611111111	0
130.927083333333	0
130.930555555556	0
130.934027777778	0
130.9375	0
130.940972222222	0
130.944444444444	0
130.947916666667	0
130.951388888889	0
130.954861111111	0
130.958333333333	0
130.961805555556	0
130.965277777778	0
130.96875	0
130.972222222222	0
130.975694444444	0
130.979166666667	0
130.982638888889	0
130.986111111111	0
130.989583333333	0
130.993055555556	0
130.996527777778	0
131	0
131.003472222222	0
131.006944444444	0
131.010416666667	0
131.013888888889	0
131.017361111111	0
131.020833333333	0
131.024305555556	0
131.027777777778	0
131.03125	0
131.034722222222	0
131.038194444444	0
131.041666666667	0
131.045138888889	0
131.048611111111	0
131.052083333333	0
131.055555555556	0
131.059027777778	0
131.0625	0
131.065972222222	0
131.069444444444	0
131.072916666667	0
131.076388888889	0
131.079861111111	0
131.083333333333	0
131.086805555556	0
131.090277777778	0
131.09375	0
131.097222222222	0
131.100694444444	0
131.104166666667	0
131.107638888889	0
131.111111111111	0
131.114583333333	0
131.118055555556	0
131.121527777778	0
131.125	0
131.128472222222	0
131.131944444444	0
131.135416666667	0
131.138888888889	0
131.142361111111	0
131.145833333333	0
131.149305555556	0
131.152777777778	0
131.15625	0
131.159722222222	0
131.163194444444	0
131.166666666667	0
131.170138888889	0
131.173611111111	0
131.177083333333	0
131.180555555556	0
131.184027777778	0
131.1875	0
131.190972222222	0
131.194444444444	0
131.197916666667	0
131.201388888889	0
131.204861111111	0
131.208333333333	0
131.211805555556	0
131.215277777778	0
131.21875	0
131.222222222222	0
131.225694444444	0
131.229166666667	0
131.232638888889	0
131.236111111111	0
131.239583333333	0
131.243055555556	0
131.246527777778	0
131.25	0
131.253472222222	0
131.256944444444	0
131.260416666667	0
131.263888888889	0
131.267361111111	0
131.270833333333	0
131.274305555556	0
131.277777777778	0
131.28125	0
131.284722222222	0
131.288194444444	0
131.291666666667	0
131.295138888889	0
131.298611111111	0
131.302083333333	0
131.305555555556	0
131.309027777778	0
131.3125	0
131.315972222222	0
131.319444444444	0
131.322916666667	0
131.326388888889	0
131.329861111111	0
131.333333333333	0
131.336805555556	0
131.340277777778	0
131.34375	0
131.347222222222	0
131.350694444444	0
131.354166666667	0
131.357638888889	0
131.361111111111	0
131.364583333333	0
131.368055555556	0
131.371527777778	0
131.375	0
131.378472222222	0
131.381944444444	0
131.385416666667	0
131.388888888889	0
131.392361111111	0
131.395833333333	0
131.399305555556	0
131.402777777778	0
131.40625	0
131.409722222222	0
131.413194444444	0
131.416666666667	0
131.420138888889	0
131.423611111111	0
131.427083333333	0
131.430555555556	0
131.434027777778	0
131.4375	0
131.440972222222	0
131.444444444444	0
131.447916666667	0
131.451388888889	0
131.454861111111	0
131.458333333333	0
131.461805555556	0
131.465277777778	0
131.46875	0
131.472222222222	0
131.475694444444	0
131.479166666667	0
131.482638888889	0
131.486111111111	0
131.489583333333	0
131.493055555556	0
131.496527777778	0
131.5	0
131.503472222222	0
131.506944444444	0
131.510416666667	0
131.513888888889	0
131.517361111111	0
131.520833333333	0
131.524305555556	0
131.527777777778	0
131.53125	0
131.534722222222	0
131.538194444444	0
131.541666666667	0
131.545138888889	0
131.548611111111	0
131.552083333333	0
131.555555555556	0
131.559027777778	0
131.5625	0
131.565972222222	0
131.569444444444	0
131.572916666667	0
131.576388888889	0
131.579861111111	0
131.583333333333	0
131.586805555556	0
131.590277777778	0
131.59375	0
131.597222222222	0
131.600694444444	0
131.604166666667	0
131.607638888889	0
131.611111111111	0
131.614583333333	0
131.618055555556	0
131.621527777778	0
131.625	0
131.628472222222	0
131.631944444444	0
131.635416666667	0
131.638888888889	0
131.642361111111	0
131.645833333333	0
131.649305555556	0
131.652777777778	0
131.65625	0
131.659722222222	0
131.663194444444	0
131.666666666667	0
131.670138888889	0
131.673611111111	0
131.677083333333	0
131.680555555556	0
131.684027777778	0
131.6875	0
131.690972222222	0
131.694444444444	0
131.697916666667	0
131.701388888889	0
131.704861111111	0
131.708333333333	0
131.711805555556	0
131.715277777778	0
131.71875	0
131.722222222222	0
131.725694444444	0
131.729166666667	0
131.732638888889	0
131.736111111111	0
131.739583333333	0
131.743055555556	0
131.746527777778	0
131.75	0
131.753472222222	0
131.756944444444	0
131.760416666667	0
131.763888888889	0
131.767361111111	0
131.770833333333	0
131.774305555556	0
131.777777777778	0
131.78125	0
131.784722222222	0
131.788194444444	0
131.791666666667	0
131.795138888889	0
131.798611111111	0
131.802083333333	0
131.805555555556	0
131.809027777778	0
131.8125	0
131.815972222222	0
131.819444444444	0
131.822916666667	0
131.826388888889	0
131.829861111111	0
131.833333333333	0
131.836805555556	0
131.840277777778	0
131.84375	0
131.847222222222	0
131.850694444444	0
131.854166666667	0
131.857638888889	0
131.861111111111	0
131.864583333333	0
131.868055555556	0
131.871527777778	0
131.875	0
131.878472222222	0
131.881944444444	0
131.885416666667	0
131.888888888889	0
131.892361111111	0
131.895833333333	0
131.899305555556	0
131.902777777778	0
131.90625	0
131.909722222222	0
131.913194444444	0
131.916666666667	0
131.920138888889	0
131.923611111111	0
131.927083333333	0
131.930555555556	0
131.934027777778	0
131.9375	0
131.940972222222	0
131.944444444444	0
131.947916666667	0
131.951388888889	0
131.954861111111	0
131.958333333333	0
131.961805555556	0
131.965277777778	0
131.96875	0
131.972222222222	0
131.975694444444	0
131.979166666667	0
131.982638888889	0
131.986111111111	0
131.989583333333	0
131.993055555556	0
131.996527777778	0
132	0
132.003472222222	0
132.006944444444	0
132.010416666667	0
132.013888888889	0
132.017361111111	0
132.020833333333	0
132.024305555556	0.2
132.027777777778	0
132.03125	0.2
132.034722222222	0
132.038194444444	0
132.041666666667	0.2
132.045138888889	0.2
132.048611111111	0
132.052083333333	0.4
132.055555555556	0
132.059027777778	0
132.0625	0
132.065972222222	0.2
132.069444444444	0
132.072916666667	0
132.076388888889	0
132.079861111111	0
132.083333333333	0
132.086805555556	0
132.090277777778	0
132.09375	0
132.097222222222	0
132.100694444444	0.2
132.104166666667	0
132.107638888889	0
132.111111111111	0
132.114583333333	0.2
132.118055555556	0
132.121527777778	0
132.125	0
132.128472222222	0
132.131944444444	0
132.135416666667	0
132.138888888889	0
132.142361111111	0
132.145833333333	0.2
132.149305555556	0
132.152777777778	0
132.15625	0
132.159722222222	0
132.163194444444	0
132.166666666667	0
132.170138888889	0
132.173611111111	0
132.177083333333	0
132.180555555556	0
132.184027777778	0
132.1875	0
132.190972222222	0
132.194444444444	0
132.197916666667	0
132.201388888889	0
132.204861111111	0
132.208333333333	0
132.211805555556	0
132.215277777778	0
132.21875	0
132.222222222222	0
132.225694444444	0
132.229166666667	0
132.232638888889	0
132.236111111111	0
132.239583333333	0
132.243055555556	0
132.246527777778	0
132.25	0
132.253472222222	0
132.256944444444	0
132.260416666667	0
132.263888888889	0
132.267361111111	0
132.270833333333	0
132.274305555556	0
132.277777777778	0
132.28125	0
132.284722222222	0
132.288194444444	0
132.291666666667	0
132.295138888889	0
132.298611111111	0
132.302083333333	0
132.305555555556	0
132.309027777778	0
132.3125	0
132.315972222222	0
132.319444444444	0
132.322916666667	0
132.326388888889	0
132.329861111111	0
132.333333333333	0
132.336805555556	0
132.340277777778	0
132.34375	0
132.347222222222	0
132.350694444444	0
132.354166666667	0
132.357638888889	0
132.361111111111	0
132.364583333333	0
132.368055555556	0
132.371527777778	0
132.375	0
132.378472222222	0
132.381944444444	0
132.385416666667	0
132.388888888889	0
132.392361111111	0
132.395833333333	0
132.399305555556	0
132.402777777778	0
132.40625	0
132.409722222222	0
132.413194444444	0
132.416666666667	0
132.420138888889	0
132.423611111111	0
132.427083333333	0
132.430555555556	0
132.434027777778	0
132.4375	0
132.440972222222	0
132.444444444444	0
132.447916666667	0
132.451388888889	0
132.454861111111	0
132.458333333333	0
132.461805555556	0
132.465277777778	0
132.46875	0
132.472222222222	0
132.475694444444	0
132.479166666667	0
132.482638888889	0
132.486111111111	0
132.489583333333	0
132.493055555556	0
132.496527777778	0
132.5	0
132.503472222222	0
132.506944444444	0
132.510416666667	0
132.513888888889	0
132.517361111111	0
132.520833333333	0
132.524305555556	0
132.527777777778	0
132.53125	0
132.534722222222	0
132.538194444444	0
132.541666666667	0
132.545138888889	0
132.548611111111	0
132.552083333333	0
132.555555555556	0
132.559027777778	0
132.5625	0
132.565972222222	0
132.569444444444	0
132.572916666667	0
132.576388888889	0
132.579861111111	0
132.583333333333	0
132.586805555556	0
132.590277777778	0
132.59375	0
132.597222222222	0
132.600694444444	0
132.604166666667	0
132.607638888889	0
132.611111111111	0
132.614583333333	0
132.618055555556	0
132.621527777778	0
132.625	0
132.628472222222	0
132.631944444444	0
132.635416666667	0
132.638888888889	0
132.642361111111	0
132.645833333333	0
132.649305555556	0
132.652777777778	0
132.65625	0
132.659722222222	0
132.663194444444	0
132.666666666667	0
132.670138888889	0
132.673611111111	0
132.677083333333	0
132.680555555556	0
132.684027777778	0
132.6875	0
132.690972222222	0
132.694444444444	0
132.697916666667	0
132.701388888889	0
132.704861111111	0
132.708333333333	0
132.711805555556	0
132.715277777778	0
132.71875	0
132.722222222222	0
132.725694444444	0
132.729166666667	0
132.732638888889	0
132.736111111111	0
132.739583333333	0
132.743055555556	0
132.746527777778	0
132.75	0
132.753472222222	0
132.756944444444	0
132.760416666667	0
132.763888888889	0
132.767361111111	0
132.770833333333	0
132.774305555556	0
132.777777777778	0
132.78125	0
132.784722222222	0
132.788194444444	0
132.791666666667	0
132.795138888889	0
132.798611111111	0
132.802083333333	0
132.805555555556	0
132.809027777778	0
132.8125	0
132.815972222222	0
132.819444444444	0
132.822916666667	0
132.826388888889	0
132.829861111111	0
132.833333333333	0
132.836805555556	0
132.840277777778	0
132.84375	0
132.847222222222	0
132.850694444444	0
132.854166666667	0
132.857638888889	0
132.861111111111	0
132.864583333333	0
132.868055555556	0
132.871527777778	0
132.875	0
132.878472222222	0
132.881944444444	0
132.885416666667	0
132.888888888889	0
132.892361111111	0
132.895833333333	0
132.899305555556	0
132.902777777778	0
132.90625	0
132.909722222222	0
132.913194444444	0
132.916666666667	0
132.920138888889	0
132.923611111111	0
132.927083333333	0
132.930555555556	0
132.934027777778	0
132.9375	0
132.940972222222	0
132.944444444444	0
132.947916666667	0
132.951388888889	0
132.954861111111	0
132.958333333333	0
132.961805555556	0
132.965277777778	0
132.96875	0
132.972222222222	0
132.975694444444	0
132.979166666667	0
132.982638888889	0
132.986111111111	0
132.989583333333	0
132.993055555556	0
132.996527777778	0
133	0
133.003472222222	0
133.006944444444	0
133.010416666667	0
133.013888888889	0
133.017361111111	0
133.020833333333	0
133.024305555556	0
133.027777777778	0
133.03125	0
133.034722222222	0
133.038194444444	0
133.041666666667	0
133.045138888889	0
133.048611111111	0
133.052083333333	0
133.055555555556	0
133.059027777778	0
133.0625	0
133.065972222222	0
133.069444444444	0
133.072916666667	0
133.076388888889	0
133.079861111111	0
133.083333333333	0
133.086805555556	0
133.090277777778	0
133.09375	0
133.097222222222	0
133.100694444444	0
133.104166666667	0
133.107638888889	0
133.111111111111	0
133.114583333333	0
133.118055555556	0
133.121527777778	0
133.125	0
133.128472222222	0
133.131944444444	0
133.135416666667	0
133.138888888889	0
133.142361111111	0
133.145833333333	0
133.149305555556	0
133.152777777778	0
133.15625	0
133.159722222222	0
133.163194444444	0
133.166666666667	0
133.170138888889	0
133.173611111111	0
133.177083333333	0
133.180555555556	0
133.184027777778	0
133.1875	0
133.190972222222	0
133.194444444444	0
133.197916666667	0
133.201388888889	0
133.204861111111	0
133.208333333333	0
133.211805555556	0
133.215277777778	0
133.21875	0
133.222222222222	0
133.225694444444	0
133.229166666667	0
133.232638888889	0
133.236111111111	0
133.239583333333	0
133.243055555556	0
133.246527777778	0
133.25	0
133.253472222222	0
133.256944444444	0
133.260416666667	0
133.263888888889	0
133.267361111111	0
133.270833333333	0
133.274305555556	0
133.277777777778	0
133.28125	0
133.284722222222	0
133.288194444444	0
133.291666666667	0
133.295138888889	0
133.298611111111	0
133.302083333333	0
133.305555555556	0
133.309027777778	0
133.3125	0
133.315972222222	0
133.319444444444	0
133.322916666667	0
133.326388888889	0
133.329861111111	0
133.333333333333	0
133.336805555556	0
133.340277777778	0
133.34375	0
133.347222222222	0
133.350694444444	0
133.354166666667	0
133.357638888889	0
133.361111111111	0
133.364583333333	0
133.368055555556	0
133.371527777778	0
133.375	0
133.378472222222	0
133.381944444444	0
133.385416666667	0
133.388888888889	0
133.392361111111	0
133.395833333333	0
133.399305555556	0
133.402777777778	0
133.40625	0
133.409722222222	0
133.413194444444	0
133.416666666667	0
133.420138888889	0
133.423611111111	0
133.427083333333	0
133.430555555556	0
133.434027777778	0
133.4375	0
133.440972222222	0
133.444444444444	0
133.447916666667	0
133.451388888889	0
133.454861111111	0
133.458333333333	0
133.461805555556	0
133.465277777778	0
133.46875	0
133.472222222222	0
133.475694444444	0
133.479166666667	0
133.482638888889	0
133.486111111111	0
133.489583333333	0
133.493055555556	0
133.496527777778	0
133.5	0
133.503472222222	0
133.506944444444	0
133.510416666667	0
133.513888888889	0
133.517361111111	0
133.520833333333	0
133.524305555556	0
133.527777777778	0
133.53125	0
133.534722222222	0
133.538194444444	0
133.541666666667	0
133.545138888889	0
133.548611111111	0
133.552083333333	0
133.555555555556	0
133.559027777778	0
133.5625	0
133.565972222222	0
133.569444444444	0
133.572916666667	0
133.576388888889	0
133.579861111111	0
133.583333333333	0
133.586805555556	0
133.590277777778	0
133.59375	0
133.597222222222	0
133.600694444444	0
133.604166666667	0
133.607638888889	0
133.611111111111	0
133.614583333333	0
133.618055555556	0
133.621527777778	0
133.625	0
133.628472222222	0
133.631944444444	0
133.635416666667	0
133.638888888889	0
133.642361111111	0
133.645833333333	0
133.649305555556	0
133.652777777778	0
133.65625	0
133.659722222222	0
133.663194444444	0
133.666666666667	0
133.670138888889	0
133.673611111111	0
133.677083333333	0
133.680555555556	0
133.684027777778	0
133.6875	0
133.690972222222	0
133.694444444444	0
133.697916666667	0
133.701388888889	0
133.704861111111	0
133.708333333333	0
133.711805555556	0
133.715277777778	0
133.71875	0
133.722222222222	0
133.725694444444	0
133.729166666667	0
133.732638888889	0
133.736111111111	0
133.739583333333	0
133.743055555556	0
133.746527777778	0
133.75	0
133.753472222222	0
133.756944444444	0
133.760416666667	0
133.763888888889	0
133.767361111111	0
133.770833333333	0
133.774305555556	0
133.777777777778	0
133.78125	0
133.784722222222	0
133.788194444444	0
133.791666666667	0
133.795138888889	0
133.798611111111	0
133.802083333333	0
133.805555555556	0
133.809027777778	0
133.8125	0
133.815972222222	0
133.819444444444	0
133.822916666667	0
133.826388888889	0
133.829861111111	0
133.833333333333	0
133.836805555556	0
133.840277777778	0
133.84375	0
133.847222222222	0
133.850694444444	0
133.854166666667	0
133.857638888889	0
133.861111111111	0
133.864583333333	0
133.868055555556	0
133.871527777778	0
133.875	0
133.878472222222	0
133.881944444444	0
133.885416666667	0
133.888888888889	0
133.892361111111	0
133.895833333333	0
133.899305555556	0
133.902777777778	0
133.90625	0
133.909722222222	0
133.913194444444	0
133.916666666667	0
133.920138888889	0
133.923611111111	0
133.927083333333	0
133.930555555556	0
133.934027777778	0
133.9375	0
133.940972222222	0
133.944444444444	0
133.947916666667	0
133.951388888889	0
133.954861111111	0
133.958333333333	0
133.961805555556	0
133.965277777778	0
133.96875	0
133.972222222222	0
133.975694444444	0
133.979166666667	0
133.982638888889	0
133.986111111111	0
133.989583333333	0
133.993055555556	0
133.996527777778	0
134	0
134.003472222222	0
134.006944444444	0
134.010416666667	0
134.013888888889	0
134.017361111111	0
134.020833333333	0
134.024305555556	0
134.027777777778	0
134.03125	0
134.034722222222	0
134.038194444444	0
134.041666666667	0
134.045138888889	0
134.048611111111	0
134.052083333333	0
134.055555555556	0
134.059027777778	0
134.0625	0
134.065972222222	0
134.069444444444	0
134.072916666667	0
134.076388888889	0
134.079861111111	0
134.083333333333	0
134.086805555556	0
134.090277777778	0
134.09375	0
134.097222222222	0
134.100694444444	0
134.104166666667	0
134.107638888889	0
134.111111111111	0
134.114583333333	0
134.118055555556	0
134.121527777778	0
134.125	0
134.128472222222	0
134.131944444444	0
134.135416666667	0
134.138888888889	0
134.142361111111	0
134.145833333333	0
134.149305555556	0
134.152777777778	0
134.15625	0
134.159722222222	0
134.163194444444	0
134.166666666667	0
134.170138888889	0
134.173611111111	0
134.177083333333	0
134.180555555556	0
134.184027777778	0
134.1875	0
134.190972222222	0
134.194444444444	0
134.197916666667	0
134.201388888889	0
134.204861111111	0
134.208333333333	0
134.211805555556	0
134.215277777778	0
134.21875	0
134.222222222222	0
134.225694444444	0
134.229166666667	0
134.232638888889	0
134.236111111111	0
134.239583333333	0
134.243055555556	0
134.246527777778	0
134.25	0
134.253472222222	0
134.256944444444	0
134.260416666667	0
134.263888888889	0
134.267361111111	0
134.270833333333	0
134.274305555556	0
134.277777777778	0
134.28125	0
134.284722222222	0
134.288194444444	0
134.291666666667	0
134.295138888889	0
134.298611111111	0
134.302083333333	0
134.305555555556	0
134.309027777778	0
134.3125	0
134.315972222222	0
134.319444444444	0
134.322916666667	0
134.326388888889	0
134.329861111111	0
134.333333333333	0
134.336805555556	0
134.340277777778	0
134.34375	0
134.347222222222	0
134.350694444444	0
134.354166666667	0
134.357638888889	0
134.361111111111	0
134.364583333333	0
134.368055555556	0
134.371527777778	0
134.375	0
134.378472222222	0
134.381944444444	0
134.385416666667	0
134.388888888889	0
134.392361111111	0
134.395833333333	0
134.399305555556	0
134.402777777778	0
134.40625	0
134.409722222222	0
134.413194444444	0
134.416666666667	0
134.420138888889	0
134.423611111111	0
134.427083333333	0
134.430555555556	0
134.434027777778	0
134.4375	0
134.440972222222	0
134.444444444444	0
134.447916666667	0
134.451388888889	0
134.454861111111	0
134.458333333333	0
134.461805555556	0
134.465277777778	0
134.46875	0
134.472222222222	0
134.475694444444	0
134.479166666667	0
134.482638888889	0
134.486111111111	0
134.489583333333	0
134.493055555556	0
134.496527777778	0
134.5	0
134.503472222222	0
134.506944444444	0
134.510416666667	0
134.513888888889	0
134.517361111111	0
134.520833333333	0
134.524305555556	0
134.527777777778	0
134.53125	0
134.534722222222	0
134.538194444444	0
134.541666666667	0
134.545138888889	0
134.548611111111	0
134.552083333333	0
134.555555555556	0
134.559027777778	0
134.5625	0
134.565972222222	0
134.569444444444	0
134.572916666667	0
134.576388888889	0
134.579861111111	0
134.583333333333	0
134.586805555556	0
134.590277777778	0.2
134.59375	0
134.597222222222	0.2
134.600694444444	0
134.604166666667	0
134.607638888889	0
134.611111111111	0
134.614583333333	0
134.618055555556	0
134.621527777778	0
134.625	0
134.628472222222	0
134.631944444444	0
134.635416666667	0
134.638888888889	0
134.642361111111	0
134.645833333333	0
134.649305555556	0
134.652777777778	0
134.65625	0
134.659722222222	0
134.663194444444	0
134.666666666667	0
134.670138888889	0
134.673611111111	0
134.677083333333	0
134.680555555556	0
134.684027777778	0
134.6875	0
134.690972222222	0
134.694444444444	0
134.697916666667	0
134.701388888889	0
134.704861111111	0
134.708333333333	0
134.711805555556	0.2
134.715277777778	0
134.71875	0
134.722222222222	1.6
134.725694444444	0.6
134.729166666667	0
134.732638888889	0
134.736111111111	0
134.739583333333	0.4
134.743055555556	0
134.746527777778	0
134.75	0
134.753472222222	0
134.756944444444	0
134.760416666667	0
134.763888888889	0.2
134.767361111111	0.2
134.770833333333	0
134.774305555556	0
134.777777777778	0.4
134.78125	0
134.784722222222	0.2
134.788194444444	0
134.791666666667	0
134.795138888889	0
134.798611111111	0
134.802083333333	0
134.805555555556	0
134.809027777778	0
134.8125	0
134.815972222222	0
134.819444444444	0
134.822916666667	0
134.826388888889	0
134.829861111111	0
134.833333333333	0
134.836805555556	0
134.840277777778	0
134.84375	0.2
134.847222222222	0.4
134.850694444444	0
134.854166666667	0.2
134.857638888889	0
134.861111111111	0
134.864583333333	0
134.868055555556	0.2
134.871527777778	0.2
134.875	0
134.878472222222	0
134.881944444444	0
134.885416666667	0.2
134.888888888889	0
134.892361111111	0
134.895833333333	0
134.899305555556	0
134.902777777778	0
134.90625	0
134.909722222222	0
134.913194444444	0
134.916666666667	0
134.920138888889	0
134.923611111111	0
134.927083333333	0
134.930555555556	0
134.934027777778	0
134.9375	0
134.940972222222	0
134.944444444444	0
134.947916666667	0
134.951388888889	0
134.954861111111	0
134.958333333333	0
134.961805555556	0
134.965277777778	0
134.96875	0
134.972222222222	0
134.975694444444	0
134.979166666667	0
134.982638888889	0
134.986111111111	0
134.989583333333	0
134.993055555556	0
134.996527777778	0
135	0
135.003472222222	0
135.006944444444	0
135.010416666667	0
135.013888888889	0
135.017361111111	0
135.020833333333	0
135.024305555556	0
135.027777777778	0
135.03125	0
135.034722222222	0
135.038194444444	0
135.041666666667	0
135.045138888889	0
135.048611111111	0
135.052083333333	0
135.055555555556	0
135.059027777778	0
135.0625	0
135.065972222222	0
135.069444444444	0
135.072916666667	0
135.076388888889	0
135.079861111111	0
135.083333333333	0
135.086805555556	0
135.090277777778	0
135.09375	0
135.097222222222	0
135.100694444444	0
135.104166666667	0
135.107638888889	0
135.111111111111	0
135.114583333333	0
135.118055555556	0
135.121527777778	0
135.125	0
135.128472222222	0
135.131944444444	0
135.135416666667	0
135.138888888889	0
135.142361111111	0
135.145833333333	0
135.149305555556	0
135.152777777778	0
135.15625	0
135.159722222222	0
135.163194444444	0
135.166666666667	0
135.170138888889	0
135.173611111111	0
135.177083333333	0
135.180555555556	0
135.184027777778	0
135.1875	0
135.190972222222	0
135.194444444444	0
135.197916666667	0
135.201388888889	0
135.204861111111	0
135.208333333333	0
135.211805555556	0
135.215277777778	0
135.21875	0
135.222222222222	0
135.225694444444	0
135.229166666667	0
135.232638888889	0
135.236111111111	0
135.239583333333	0
135.243055555556	0
135.246527777778	0.2
135.25	0
135.253472222222	0.2
135.256944444444	0
135.260416666667	0.4
135.263888888889	0.2
135.267361111111	0
135.270833333333	0.2
135.274305555556	0.2
135.277777777778	0.4
135.28125	0.2
135.284722222222	0.4
135.288194444444	0
135.291666666667	0
135.295138888889	0
135.298611111111	0
135.302083333333	0
135.305555555556	0.2
135.309027777778	0
135.3125	0
135.315972222222	0
135.319444444444	0
135.322916666667	0
135.326388888889	0
135.329861111111	0.2
135.333333333333	0.2
135.336805555556	0
135.340277777778	0
135.34375	0
135.347222222222	0.2
135.350694444444	0
135.354166666667	0
135.357638888889	0
135.361111111111	0.2
135.364583333333	0.4
135.368055555556	0.4
135.371527777778	0.6
135.375	2.6
135.378472222222	2.2
135.381944444444	0.4
135.385416666667	0
135.388888888889	0.2
135.392361111111	0.8
135.395833333333	1
135.399305555556	0.2
135.402777777778	0.2
135.40625	0
135.409722222222	0
135.413194444444	0
135.416666666667	0.2
135.420138888889	0
135.423611111111	0.2
135.427083333333	0
135.430555555556	0
135.434027777778	0
135.4375	0
135.440972222222	0
135.444444444444	0
135.447916666667	0
135.451388888889	0
135.454861111111	0
135.458333333333	0
135.461805555556	0
135.465277777778	0
135.46875	0
135.472222222222	0
135.475694444444	0
135.479166666667	0.2
135.482638888889	0.4
135.486111111111	0
135.489583333333	0.2
135.493055555556	0
135.496527777778	0
135.5	0
135.503472222222	0
135.506944444444	0
135.510416666667	0
135.513888888889	0
135.517361111111	0
135.520833333333	0
135.524305555556	0.2
135.527777777778	0
135.53125	0
135.534722222222	0
135.538194444444	0.2
135.541666666667	0
135.545138888889	0.2
135.548611111111	0.2
135.552083333333	0.4
135.555555555556	0
135.559027777778	0.2
135.5625	0
135.565972222222	0
135.569444444444	0
135.572916666667	0.2
135.576388888889	0
135.579861111111	0.2
135.583333333333	0.2
135.586805555556	0.2
135.590277777778	0
135.59375	0.2
135.597222222222	0
135.600694444444	0.2
135.604166666667	0.2
135.607638888889	0
135.611111111111	0
135.614583333333	0.2
135.618055555556	0
135.621527777778	0
135.625	0
135.628472222222	0.2
135.631944444444	0
135.635416666667	0
135.638888888889	0
135.642361111111	0.2
135.645833333333	0
135.649305555556	0
135.652777777778	0
135.65625	0
135.659722222222	0
135.663194444444	0
135.666666666667	0
135.670138888889	0
135.673611111111	0
135.677083333333	0
135.680555555556	0
135.684027777778	0
135.6875	0
135.690972222222	0
135.694444444444	0
135.697916666667	0
135.701388888889	0
135.704861111111	0
135.708333333333	0
135.711805555556	0
135.715277777778	0
135.71875	0
135.722222222222	0
135.725694444444	0
135.729166666667	0
135.732638888889	0
135.736111111111	0
135.739583333333	0
135.743055555556	0
135.746527777778	0
135.75	0
135.753472222222	0
135.756944444444	0
135.760416666667	0
135.763888888889	0
135.767361111111	0
135.770833333333	0
135.774305555556	0
135.777777777778	0
135.78125	0
135.784722222222	0
135.788194444444	0
135.791666666667	0
135.795138888889	0
135.798611111111	0
135.802083333333	0
135.805555555556	0
135.809027777778	0
135.8125	0
135.815972222222	0
135.819444444444	0
135.822916666667	0
135.826388888889	0
135.829861111111	0
135.833333333333	0
135.836805555556	0
135.840277777778	0
135.84375	0
135.847222222222	0
135.850694444444	0
135.854166666667	0
135.857638888889	0
135.861111111111	0
135.864583333333	0
135.868055555556	0
135.871527777778	0
135.875	0
135.878472222222	0
135.881944444444	0
135.885416666667	0
135.888888888889	0
135.892361111111	0
135.895833333333	0
135.899305555556	0
135.902777777778	0
135.90625	0
135.909722222222	0
135.913194444444	0
135.916666666667	0
135.920138888889	0
135.923611111111	0
135.927083333333	0
135.930555555556	0
135.934027777778	0
135.9375	0
135.940972222222	0
135.944444444444	0
135.947916666667	0
135.951388888889	0
135.954861111111	0
135.958333333333	0
135.961805555556	0
135.965277777778	0
135.96875	0
135.972222222222	0
135.975694444444	0
135.979166666667	0
135.982638888889	0
135.986111111111	0
135.989583333333	0
135.993055555556	0
135.996527777778	0
136	0
136.003472222222	0
136.006944444444	0
136.010416666667	0
136.013888888889	0
136.017361111111	0
136.020833333333	0
136.024305555556	0
136.027777777778	0
136.03125	0
136.034722222222	0
136.038194444444	0
136.041666666667	0
136.045138888889	0
136.048611111111	0
136.052083333333	0
136.055555555556	0
136.059027777778	0
136.0625	0
136.065972222222	0
136.069444444444	0
136.072916666667	0
136.076388888889	0
136.079861111111	0
136.083333333333	0.2
136.086805555556	0
136.090277777778	0
136.09375	0
136.097222222222	0
136.100694444444	0
136.104166666667	0.2
136.107638888889	0.2
136.111111111111	0
136.114583333333	0
136.118055555556	0
136.121527777778	0.2
136.125	0.2
136.128472222222	0
136.131944444444	0.4
136.135416666667	0
136.138888888889	0.2
136.142361111111	0.2
136.145833333333	0
136.149305555556	0
136.152777777778	0
136.15625	0
136.159722222222	0
136.163194444444	0
136.166666666667	0
136.170138888889	0
136.173611111111	0
136.177083333333	0.2
136.180555555556	0
136.184027777778	0
136.1875	0
136.190972222222	0
136.194444444444	0
136.197916666667	0
136.201388888889	0
136.204861111111	0
136.208333333333	0
136.211805555556	0
136.215277777778	0
136.21875	0
136.222222222222	0
136.225694444444	0
136.229166666667	0
136.232638888889	0
136.236111111111	0
136.239583333333	0
136.243055555556	0
136.246527777778	0
136.25	0
136.253472222222	0
136.256944444444	0
136.260416666667	0
136.263888888889	0
136.267361111111	0
136.270833333333	0
136.274305555556	0
136.277777777778	0
136.28125	0
136.284722222222	0
136.288194444444	0
136.291666666667	0
136.295138888889	0.2
136.298611111111	0
136.302083333333	0.4
136.305555555556	0.2
136.309027777778	0
136.3125	0.2
136.315972222222	0
136.319444444444	0
136.322916666667	0
136.326388888889	0.2
136.329861111111	0
136.333333333333	0.2
136.336805555556	0.2
136.340277777778	0.2
136.34375	0
136.347222222222	0.2
136.350694444444	0.2
136.354166666667	0
136.357638888889	0.4
136.361111111111	0
136.364583333333	0
136.368055555556	0.2
136.371527777778	0.2
136.375	0
136.378472222222	0.2
136.381944444444	0
136.385416666667	0.2
136.388888888889	0
136.392361111111	0.4
136.395833333333	0
136.399305555556	0.4
136.402777777778	0.2
136.40625	0.2
136.409722222222	0.2
136.413194444444	0.2
136.416666666667	0.4
136.420138888889	0.4
136.423611111111	0.4
136.427083333333	0.6
136.430555555556	0.6
136.434027777778	0.4
136.4375	0.4
136.440972222222	0.2
136.444444444444	0.2
136.447916666667	0
136.451388888889	0.2
136.454861111111	0
136.458333333333	0
136.461805555556	0.2
136.465277777778	0.4
136.46875	0.2
136.472222222222	0.2
136.475694444444	0.2
136.479166666667	0
136.482638888889	0
136.486111111111	0.2
136.489583333333	0.2
136.493055555556	0.2
136.496527777778	0.2
136.5	0.2
136.503472222222	0.2
136.506944444444	0
136.510416666667	0.2
136.513888888889	0
136.517361111111	0.2
136.520833333333	0.2
136.524305555556	0.2
136.527777777778	0
136.53125	0
136.534722222222	0.2
136.538194444444	0
136.541666666667	0
136.545138888889	0
136.548611111111	0
136.552083333333	0.2
136.555555555556	0.2
136.559027777778	0
136.5625	0
136.565972222222	0
136.569444444444	0.2
136.572916666667	0.2
136.576388888889	0
136.579861111111	0.2
136.583333333333	0
136.586805555556	0.2
136.590277777778	0.2
136.59375	0.2
136.597222222222	0
136.600694444444	0.2
136.604166666667	0
136.607638888889	0
136.611111111111	0
136.614583333333	0
136.618055555556	0
136.621527777778	0.2
136.625	0
136.628472222222	0
136.631944444444	0
136.635416666667	0
136.638888888889	0.2
136.642361111111	0
136.645833333333	0
136.649305555556	0
136.652777777778	0
136.65625	0
136.659722222222	0
136.663194444444	0
136.666666666667	0.2
136.670138888889	0
136.673611111111	0
136.677083333333	0
136.680555555556	0
136.684027777778	0
136.6875	0
136.690972222222	0
136.694444444444	0
136.697916666667	0
136.701388888889	0
136.704861111111	0
136.708333333333	0
136.711805555556	0
136.715277777778	0
136.71875	0
136.722222222222	0
136.725694444444	0
136.729166666667	0
136.732638888889	0
136.736111111111	0
136.739583333333	0
136.743055555556	0
136.746527777778	0
136.75	0
136.753472222222	0
136.756944444444	0
136.760416666667	0
136.763888888889	0
136.767361111111	0
136.770833333333	0
136.774305555556	0
136.777777777778	0
136.78125	0
136.784722222222	0
136.788194444444	0
136.791666666667	0
136.795138888889	0
136.798611111111	0
136.802083333333	0
136.805555555556	0
136.809027777778	0
136.8125	0
136.815972222222	0
136.819444444444	0
136.822916666667	0
136.826388888889	0
136.829861111111	0
136.833333333333	0
136.836805555556	0
136.840277777778	0
136.84375	0
136.847222222222	0
136.850694444444	0.2
136.854166666667	0
136.857638888889	0
136.861111111111	0
136.864583333333	0
136.868055555556	0
136.871527777778	0.2
136.875	0
136.878472222222	0
136.881944444444	0
136.885416666667	0
136.888888888889	0
136.892361111111	0
136.895833333333	0
136.899305555556	0
136.902777777778	0
136.90625	0.2
136.909722222222	0
136.913194444444	0.2
136.916666666667	0
136.920138888889	0.2
136.923611111111	0.2
136.927083333333	0.2
136.930555555556	0.4
136.934027777778	0.2
136.9375	0.2
136.940972222222	0.2
136.944444444444	0.2
136.947916666667	0.2
136.951388888889	0
136.954861111111	0.2
136.958333333333	0
136.961805555556	0
136.965277777778	0
136.96875	0
136.972222222222	0
136.975694444444	0
136.979166666667	0
136.982638888889	0
136.986111111111	0
136.989583333333	0
136.993055555556	0
136.996527777778	0
137	0
137.003472222222	0
137.006944444444	0
137.010416666667	0
137.013888888889	0
137.017361111111	0
137.020833333333	0
137.024305555556	0
137.027777777778	0
137.03125	0
137.034722222222	0
137.038194444444	0
137.041666666667	0
137.045138888889	0
137.048611111111	0
137.052083333333	0
137.055555555556	0
137.059027777778	0
137.0625	0
137.065972222222	0
137.069444444444	0
137.072916666667	0
137.076388888889	0
137.079861111111	0
137.083333333333	0
137.086805555556	0
137.090277777778	0
137.09375	0
137.097222222222	0
137.100694444444	0
137.104166666667	0
137.107638888889	0
137.111111111111	0
137.114583333333	0
137.118055555556	0
137.121527777778	0
137.125	0
137.128472222222	0
137.131944444444	0
137.135416666667	0
137.138888888889	0
137.142361111111	0
137.145833333333	0
137.149305555556	0
137.152777777778	0
137.15625	0
137.159722222222	0
137.163194444444	0
137.166666666667	0
137.170138888889	0
137.173611111111	0
137.177083333333	0
137.180555555556	0
137.184027777778	0
137.1875	0
137.190972222222	0
137.194444444444	0
137.197916666667	0
137.201388888889	0
137.204861111111	0
137.208333333333	0
137.211805555556	0
137.215277777778	0
137.21875	0
137.222222222222	0
137.225694444444	0
137.229166666667	0
137.232638888889	0
137.236111111111	0
137.239583333333	0
137.243055555556	0
137.246527777778	0
137.25	0
137.253472222222	0
137.256944444444	0
137.260416666667	0
137.263888888889	0
137.267361111111	0
137.270833333333	0
137.274305555556	0
137.277777777778	0
137.28125	0
137.284722222222	0
137.288194444444	0
137.291666666667	0
137.295138888889	0
137.298611111111	0
137.302083333333	0
137.305555555556	0
137.309027777778	0
137.3125	0
137.315972222222	0
137.319444444444	0
137.322916666667	0
137.326388888889	0
137.329861111111	0
137.333333333333	0.2
137.336805555556	0.2
137.340277777778	0.2
137.34375	0
137.347222222222	0.2
137.350694444444	0.2
137.354166666667	0
137.357638888889	0
137.361111111111	0.2
137.364583333333	0.2
137.368055555556	0
137.371527777778	0.4
137.375	0.2
137.378472222222	0.2
137.381944444444	0.2
137.385416666667	0.2
137.388888888889	0.2
137.392361111111	0
137.395833333333	0.2
137.399305555556	0
137.402777777778	0.2
137.40625	0
137.409722222222	0
137.413194444444	0.2
137.416666666667	0
137.420138888889	0
137.423611111111	0.2
137.427083333333	0.2
137.430555555556	0
137.434027777778	0
137.4375	0.2
137.440972222222	0.2
137.444444444444	0.2
137.447916666667	0
137.451388888889	0.2
137.454861111111	0
137.458333333333	0.2
137.461805555556	0
137.465277777778	0.2
137.46875	0.2
137.472222222222	0.2
137.475694444444	0.2
137.479166666667	0.2
137.482638888889	0.2
137.486111111111	0.2
137.489583333333	0
137.493055555556	0.2
137.496527777778	0
137.5	0
137.503472222222	0.2
137.506944444444	0
137.510416666667	0
137.513888888889	0
137.517361111111	0.2
137.520833333333	0
137.524305555556	0
137.527777777778	0
137.53125	0
137.534722222222	0
137.538194444444	0
137.541666666667	0
137.545138888889	0
137.548611111111	0
137.552083333333	0
137.555555555556	0
137.559027777778	0
137.5625	0
137.565972222222	0
137.569444444444	0
137.572916666667	0
137.576388888889	0.2
137.579861111111	0.2
137.583333333333	0.2
137.586805555556	0
137.590277777778	0
137.59375	0
137.597222222222	0
137.600694444444	0
137.604166666667	0
137.607638888889	0
137.611111111111	0
137.614583333333	0
137.618055555556	0
137.621527777778	0
137.625	0
137.628472222222	0
137.631944444444	0
137.635416666667	0
137.638888888889	0
137.642361111111	0
137.645833333333	0
137.649305555556	0
137.652777777778	0
137.65625	0.4
137.659722222222	0
137.663194444444	0.2
137.666666666667	0
137.670138888889	0.6
137.673611111111	0.4
137.677083333333	0.6
137.680555555556	0.2
137.684027777778	0.2
137.6875	0.2
137.690972222222	0.2
137.694444444444	0.2
137.697916666667	0
137.701388888889	0
137.704861111111	0
137.708333333333	0
137.711805555556	0
137.715277777778	0
137.71875	0
137.722222222222	0
137.725694444444	0
137.729166666667	0
137.732638888889	0.2
137.736111111111	0
137.739583333333	0.2
137.743055555556	0
137.746527777778	0
137.75	0
137.753472222222	0
137.756944444444	0.4
137.760416666667	0.6
137.763888888889	0.2
137.767361111111	0.2
137.770833333333	0.2
137.774305555556	0
137.777777777778	0
137.78125	0
137.784722222222	0
137.788194444444	0
137.791666666667	0
137.795138888889	0
137.798611111111	0
137.802083333333	0
137.805555555556	0.4
137.809027777778	0.2
137.8125	0
137.815972222222	0
137.819444444444	0
137.822916666667	0
137.826388888889	0
137.829861111111	0
137.833333333333	0
137.836805555556	0
137.840277777778	0
137.84375	0
137.847222222222	0
137.850694444444	0
137.854166666667	0
137.857638888889	0
137.861111111111	0
137.864583333333	0
137.868055555556	0
137.871527777778	0
137.875	0
137.878472222222	0
137.881944444444	0
137.885416666667	0
137.888888888889	0
137.892361111111	0
137.895833333333	0
137.899305555556	0
137.902777777778	0
137.90625	0
137.909722222222	0
137.913194444444	0
137.916666666667	0
137.920138888889	0
137.923611111111	0
137.927083333333	0
137.930555555556	0.2
137.934027777778	0.2
137.9375	0
137.940972222222	0
137.944444444444	0
137.947916666667	0
137.951388888889	0
137.954861111111	0
137.958333333333	0
137.961805555556	0
137.965277777778	0
137.96875	0
137.972222222222	0
137.975694444444	0
137.979166666667	0
137.982638888889	0
137.986111111111	0
137.989583333333	0
137.993055555556	0
137.996527777778	0
138	0
138.003472222222	0
138.006944444444	0
138.010416666667	0
138.013888888889	0
138.017361111111	0
138.020833333333	0
138.024305555556	0
138.027777777778	0
138.03125	0
138.034722222222	0
138.038194444444	0
138.041666666667	0
138.045138888889	0
138.048611111111	0
138.052083333333	0
138.055555555556	0
138.059027777778	0
138.0625	0
138.065972222222	0
138.069444444444	0
138.072916666667	0
138.076388888889	0
138.079861111111	0
138.083333333333	0
138.086805555556	0
138.090277777778	0
138.09375	0
138.097222222222	0
138.100694444444	0
138.104166666667	0
138.107638888889	0
138.111111111111	0
138.114583333333	0
138.118055555556	0
138.121527777778	0
138.125	0
138.128472222222	0.2
138.131944444444	0
138.135416666667	0
138.138888888889	0
138.142361111111	0
138.145833333333	0
138.149305555556	0
138.152777777778	0
138.15625	0
138.159722222222	0
138.163194444444	0
138.166666666667	0
138.170138888889	0
138.173611111111	0
138.177083333333	0
138.180555555556	0
138.184027777778	0
138.1875	0
138.190972222222	0
138.194444444444	0
138.197916666667	0
138.201388888889	0
138.204861111111	0
138.208333333333	0
138.211805555556	0
138.215277777778	0
138.21875	0
138.222222222222	0
138.225694444444	0
138.229166666667	0
138.232638888889	0
138.236111111111	0
138.239583333333	0
138.243055555556	0
138.246527777778	0
138.25	0
138.253472222222	0
138.256944444444	0
138.260416666667	0
138.263888888889	0
138.267361111111	0
138.270833333333	0
138.274305555556	0
138.277777777778	0
138.28125	0
138.284722222222	0
138.288194444444	0
138.291666666667	0
138.295138888889	0
138.298611111111	0
138.302083333333	0
138.305555555556	0
138.309027777778	0
138.3125	0
138.315972222222	0
138.319444444444	0
138.322916666667	0
138.326388888889	0
138.329861111111	0
138.333333333333	0
138.336805555556	0
138.340277777778	0
138.34375	0
138.347222222222	0
138.350694444444	0
138.354166666667	0
138.357638888889	0
138.361111111111	0
138.364583333333	0
138.368055555556	0
138.371527777778	0
138.375	0
138.378472222222	0
138.381944444444	0
138.385416666667	0
138.388888888889	0
138.392361111111	0
138.395833333333	0
138.399305555556	0
138.402777777778	0
138.40625	0
138.409722222222	0
138.413194444444	0
138.416666666667	0
138.420138888889	0
138.423611111111	0
138.427083333333	0
138.430555555556	0
138.434027777778	0
138.4375	0
138.440972222222	0
138.444444444444	0
138.447916666667	0
138.451388888889	0
138.454861111111	0
138.458333333333	0
138.461805555556	0
138.465277777778	0
138.46875	0
138.472222222222	0
138.475694444444	0
138.479166666667	0
138.482638888889	0
138.486111111111	0
138.489583333333	0
138.493055555556	0
138.496527777778	0
138.5	0
138.503472222222	0
138.506944444444	0
138.510416666667	0
138.513888888889	0
138.517361111111	0
138.520833333333	0
138.524305555556	0
138.527777777778	0
138.53125	0
138.534722222222	0
138.538194444444	0
138.541666666667	0
138.545138888889	0
138.548611111111	0
138.552083333333	0
138.555555555556	0
138.559027777778	0
138.5625	0
138.565972222222	0
138.569444444444	0
138.572916666667	0
138.576388888889	0
138.579861111111	0
138.583333333333	0
138.586805555556	0
138.590277777778	0
138.59375	0
138.597222222222	0
138.600694444444	0
138.604166666667	0
138.607638888889	0
138.611111111111	0
138.614583333333	0
138.618055555556	0
138.621527777778	0
138.625	0
138.628472222222	0
138.631944444444	0
138.635416666667	0
138.638888888889	0
138.642361111111	0
138.645833333333	0
138.649305555556	0
138.652777777778	0
138.65625	0
138.659722222222	0
138.663194444444	0
138.666666666667	0
138.670138888889	0
138.673611111111	0
138.677083333333	0
138.680555555556	0
138.684027777778	0
138.6875	0
138.690972222222	0
138.694444444444	0
138.697916666667	0
138.701388888889	0
138.704861111111	0
138.708333333333	0
138.711805555556	0
138.715277777778	0
138.71875	0
138.722222222222	0
138.725694444444	0
138.729166666667	0
138.732638888889	0
138.736111111111	0
138.739583333333	0
138.743055555556	0
138.746527777778	0
138.75	0
138.753472222222	0
138.756944444444	0
138.760416666667	0
138.763888888889	0
138.767361111111	0
138.770833333333	0
138.774305555556	0
138.777777777778	0
138.78125	0
138.784722222222	0
138.788194444444	0
138.791666666667	0
138.795138888889	0
138.798611111111	0
138.802083333333	0
138.805555555556	0
138.809027777778	0
138.8125	0
138.815972222222	0
138.819444444444	0
138.822916666667	0
138.826388888889	0
138.829861111111	0
138.833333333333	0
138.836805555556	0
138.840277777778	0
138.84375	0
138.847222222222	0
138.850694444444	0
138.854166666667	0
138.857638888889	0
138.861111111111	0
138.864583333333	0
138.868055555556	0
138.871527777778	0
138.875	0
138.878472222222	0
138.881944444444	0
138.885416666667	0
138.888888888889	0
138.892361111111	0
138.895833333333	0
138.899305555556	0
138.902777777778	0
138.90625	0
138.909722222222	0
138.913194444444	0
138.916666666667	0
138.920138888889	0
138.923611111111	0
138.927083333333	0
138.930555555556	0
138.934027777778	0
138.9375	0
138.940972222222	0
138.944444444444	0
138.947916666667	0
138.951388888889	0
138.954861111111	0
138.958333333333	0
138.961805555556	0
138.965277777778	0
138.96875	0
138.972222222222	0
138.975694444444	0
138.979166666667	0
138.982638888889	0
138.986111111111	0
138.989583333333	0
138.993055555556	0
138.996527777778	0
139	0
139.003472222222	0
139.006944444444	0
139.010416666667	0
139.013888888889	0
139.017361111111	0
139.020833333333	0
139.024305555556	0
139.027777777778	0
139.03125	0
139.034722222222	0
139.038194444444	0
139.041666666667	0
139.045138888889	0
139.048611111111	0
139.052083333333	0
139.055555555556	0
139.059027777778	0
139.0625	0
139.065972222222	0
139.069444444444	0
139.072916666667	0
139.076388888889	0
139.079861111111	0
139.083333333333	0
139.086805555556	0
139.090277777778	0
139.09375	0
139.097222222222	0
139.100694444444	0
139.104166666667	0
139.107638888889	0
139.111111111111	0
139.114583333333	0
139.118055555556	0
139.121527777778	0
139.125	0
139.128472222222	0
139.131944444444	0
139.135416666667	0
139.138888888889	0
139.142361111111	0
139.145833333333	0
139.149305555556	0
139.152777777778	0
139.15625	0
139.159722222222	0
139.163194444444	0
139.166666666667	0
139.170138888889	0
139.173611111111	0
139.177083333333	0
139.180555555556	0
139.184027777778	0
139.1875	0
139.190972222222	0
139.194444444444	0
139.197916666667	0
139.201388888889	0
139.204861111111	0
139.208333333333	0
139.211805555556	0
139.215277777778	0
139.21875	0
139.222222222222	0
139.225694444444	0
139.229166666667	0
139.232638888889	0
139.236111111111	0
139.239583333333	0
139.243055555556	0
139.246527777778	0
139.25	0
139.253472222222	0
139.256944444444	0
139.260416666667	0
139.263888888889	0
139.267361111111	0
139.270833333333	0
139.274305555556	0
139.277777777778	0
139.28125	0
139.284722222222	0
139.288194444444	0
139.291666666667	0
139.295138888889	0
139.298611111111	0
139.302083333333	0
139.305555555556	0
139.309027777778	0
139.3125	0
139.315972222222	0
139.319444444444	0
139.322916666667	0
139.326388888889	0
139.329861111111	0
139.333333333333	0
139.336805555556	0
139.340277777778	0.2
139.34375	0
139.347222222222	0
139.350694444444	0
139.354166666667	0
139.357638888889	0
139.361111111111	0
139.364583333333	0
139.368055555556	0
139.371527777778	0
139.375	0
139.378472222222	0
139.381944444444	0
139.385416666667	0
139.388888888889	0
139.392361111111	0
139.395833333333	0
139.399305555556	0
139.402777777778	0
139.40625	0
139.409722222222	0
139.413194444444	0
139.416666666667	0
139.420138888889	0
139.423611111111	0
139.427083333333	0
139.430555555556	0
139.434027777778	0
139.4375	0
139.440972222222	0
139.444444444444	0
139.447916666667	0
139.451388888889	0
139.454861111111	0
139.458333333333	0
139.461805555556	0
139.465277777778	0
139.46875	0
139.472222222222	0
139.475694444444	0
139.479166666667	0
139.482638888889	0
139.486111111111	0
139.489583333333	0
139.493055555556	0
139.496527777778	0
139.5	0
139.503472222222	0
139.506944444444	0
139.510416666667	0
139.513888888889	0
139.517361111111	0
139.520833333333	0
139.524305555556	0
139.527777777778	0
139.53125	0
139.534722222222	0
139.538194444444	0.2
139.541666666667	0
139.545138888889	0
139.548611111111	0
139.552083333333	0
139.555555555556	0
139.559027777778	0
139.5625	0
139.565972222222	0
139.569444444444	0
139.572916666667	0
139.576388888889	0
139.579861111111	0
139.583333333333	0
139.586805555556	0
139.590277777778	0
139.59375	0
139.597222222222	0
139.600694444444	0
139.604166666667	0
139.607638888889	0
139.611111111111	0
139.614583333333	0
139.618055555556	0
139.621527777778	0
139.625	0
139.628472222222	0
139.631944444444	0
139.635416666667	0
139.638888888889	0
139.642361111111	0
139.645833333333	0
139.649305555556	0
139.652777777778	0
139.65625	0
139.659722222222	0
139.663194444444	0
139.666666666667	0
139.670138888889	0
139.673611111111	0
139.677083333333	0
139.680555555556	0
139.684027777778	0
139.6875	0
139.690972222222	0
139.694444444444	0
139.697916666667	0
139.701388888889	0
139.704861111111	0
139.708333333333	0
139.711805555556	0
139.715277777778	0
139.71875	0
139.722222222222	0
139.725694444444	0
139.729166666667	0
139.732638888889	0
139.736111111111	0
139.739583333333	0
139.743055555556	0
139.746527777778	0
139.75	0
139.753472222222	0
139.756944444444	0
139.760416666667	0
139.763888888889	0
139.767361111111	0
139.770833333333	0
139.774305555556	0
139.777777777778	0
139.78125	0
139.784722222222	0
139.788194444444	0
139.791666666667	0
139.795138888889	0
139.798611111111	0
139.802083333333	0
139.805555555556	0
139.809027777778	0
139.8125	0
139.815972222222	0
139.819444444444	0
139.822916666667	0
139.826388888889	0
139.829861111111	0
139.833333333333	0
139.836805555556	0
139.840277777778	0
139.84375	0
139.847222222222	0
139.850694444444	0
139.854166666667	0
139.857638888889	0
139.861111111111	0
139.864583333333	0
139.868055555556	0
139.871527777778	0
139.875	0
139.878472222222	0
139.881944444444	0
139.885416666667	0
139.888888888889	0
139.892361111111	0
139.895833333333	0
139.899305555556	0
139.902777777778	0
139.90625	0
139.909722222222	0
139.913194444444	0
139.916666666667	0
139.920138888889	0
139.923611111111	0
139.927083333333	0
139.930555555556	0
139.934027777778	0
139.9375	0
139.940972222222	0
139.944444444444	0
139.947916666667	0
139.951388888889	0
139.954861111111	0
139.958333333333	0
139.961805555556	0
139.965277777778	0
139.96875	0
139.972222222222	0
139.975694444444	0
139.979166666667	0
139.982638888889	0
139.986111111111	0
139.989583333333	0
139.993055555556	0
139.996527777778	0
140	0
140.003472222222	0
140.006944444444	0
140.010416666667	0
140.013888888889	0
140.017361111111	0
140.020833333333	0
140.024305555556	0
140.027777777778	0
140.03125	0
140.034722222222	0
140.038194444444	0
140.041666666667	0
140.045138888889	0
140.048611111111	0
140.052083333333	0
140.055555555556	0
140.059027777778	0
140.0625	0
140.065972222222	0
140.069444444444	0
140.072916666667	0
140.076388888889	0
140.079861111111	0
140.083333333333	0
140.086805555556	0
140.090277777778	0
140.09375	0
140.097222222222	0
140.100694444444	0
140.104166666667	0
140.107638888889	0
140.111111111111	0
140.114583333333	0
140.118055555556	0
140.121527777778	0
140.125	0
140.128472222222	0
140.131944444444	0
140.135416666667	0
140.138888888889	0
140.142361111111	0
140.145833333333	0
140.149305555556	0
140.152777777778	0
140.15625	0
140.159722222222	0
140.163194444444	0
140.166666666667	0
140.170138888889	0
140.173611111111	0
140.177083333333	0
140.180555555556	0
140.184027777778	0
140.1875	0
140.190972222222	0
140.194444444444	0
140.197916666667	0
140.201388888889	0
140.204861111111	0
140.208333333333	0
140.211805555556	0
140.215277777778	0
140.21875	0
140.222222222222	0
140.225694444444	0
140.229166666667	0
140.232638888889	0
140.236111111111	0
140.239583333333	0
140.243055555556	0
140.246527777778	0
140.25	0
140.253472222222	0
140.256944444444	0
140.260416666667	0
140.263888888889	0
140.267361111111	0
140.270833333333	0
140.274305555556	0
140.277777777778	0
140.28125	0
140.284722222222	0
140.288194444444	0
140.291666666667	0
140.295138888889	0
140.298611111111	0
140.302083333333	0
140.305555555556	0
140.309027777778	0
140.3125	0
140.315972222222	0
140.319444444444	0
140.322916666667	0
140.326388888889	0
140.329861111111	0
140.333333333333	0
140.336805555556	0
140.340277777778	0
140.34375	0
140.347222222222	0
140.350694444444	0
140.354166666667	0
140.357638888889	0
140.361111111111	0
140.364583333333	0
140.368055555556	0
140.371527777778	0
140.375	0
140.378472222222	0
140.381944444444	0
140.385416666667	0
140.388888888889	0
140.392361111111	0
140.395833333333	0
140.399305555556	0
140.402777777778	0
140.40625	0
140.409722222222	0
140.413194444444	0
140.416666666667	0
140.420138888889	0
140.423611111111	0
140.427083333333	0
140.430555555556	0
140.434027777778	0.2
140.4375	0
140.440972222222	0
140.444444444444	0
140.447916666667	0
140.451388888889	0
140.454861111111	0
140.458333333333	0
140.461805555556	0
140.465277777778	0
140.46875	0
140.472222222222	0
140.475694444444	0
140.479166666667	0
140.482638888889	0
140.486111111111	0
140.489583333333	0
140.493055555556	0
140.496527777778	0
140.5	0
140.503472222222	0
140.506944444444	0
140.510416666667	0
140.513888888889	0
140.517361111111	0
140.520833333333	0
140.524305555556	0
140.527777777778	0
140.53125	0
140.534722222222	0
140.538194444444	0
140.541666666667	0
140.545138888889	0
140.548611111111	0
140.552083333333	0
140.555555555556	0
140.559027777778	0
140.5625	0
140.565972222222	0
140.569444444444	0
140.572916666667	0
140.576388888889	0
140.579861111111	0
140.583333333333	0
140.586805555556	0
140.590277777778	0
140.59375	0
140.597222222222	0
140.600694444444	0
140.604166666667	0
140.607638888889	0
140.611111111111	0
140.614583333333	0.2
140.618055555556	0
140.621527777778	0
140.625	0
140.628472222222	0
140.631944444444	0
140.635416666667	0
140.638888888889	0
140.642361111111	0
140.645833333333	0
140.649305555556	0
140.652777777778	0
140.65625	0
140.659722222222	0
140.663194444444	0
140.666666666667	0
140.670138888889	0
140.673611111111	0
140.677083333333	0
140.680555555556	0
140.684027777778	0
140.6875	0
140.690972222222	0
140.694444444444	0
140.697916666667	0
140.701388888889	0
140.704861111111	0
140.708333333333	0
140.711805555556	0
140.715277777778	0
140.71875	0
140.722222222222	0
140.725694444444	0
140.729166666667	0
140.732638888889	0
140.736111111111	0
140.739583333333	0
140.743055555556	0
140.746527777778	0
140.75	0
140.753472222222	0
140.756944444444	0
140.760416666667	0
140.763888888889	0
140.767361111111	0
140.770833333333	0
140.774305555556	0
140.777777777778	0
140.78125	0
140.784722222222	0
140.788194444444	0
140.791666666667	0
140.795138888889	0
140.798611111111	0
140.802083333333	0
140.805555555556	0
140.809027777778	0
140.8125	0
140.815972222222	0
140.819444444444	0
140.822916666667	0
140.826388888889	0
140.829861111111	0
140.833333333333	0
140.836805555556	0
140.840277777778	0
140.84375	0
140.847222222222	0
140.850694444444	0
140.854166666667	0
140.857638888889	0
140.861111111111	0
140.864583333333	0
140.868055555556	0
140.871527777778	0
140.875	0
140.878472222222	0
140.881944444444	0
140.885416666667	0
140.888888888889	0
140.892361111111	0
140.895833333333	0
140.899305555556	0
140.902777777778	0
140.90625	0
140.909722222222	0
140.913194444444	0
140.916666666667	0
140.920138888889	0
140.923611111111	0
140.927083333333	0
140.930555555556	0
140.934027777778	0
140.9375	0
140.940972222222	0
140.944444444444	0
140.947916666667	0
140.951388888889	0
140.954861111111	0
140.958333333333	0
140.961805555556	0
140.965277777778	0
140.96875	0
140.972222222222	0
140.975694444444	0
140.979166666667	0
140.982638888889	0
140.986111111111	0
140.989583333333	0
140.993055555556	0
140.996527777778	0
141	0
141.003472222222	0
141.006944444444	0
141.010416666667	0
141.013888888889	0
141.017361111111	0
141.020833333333	0
141.024305555556	0
141.027777777778	0
141.03125	0
141.034722222222	0
141.038194444444	0
141.041666666667	0
141.045138888889	0
141.048611111111	0
141.052083333333	0
141.055555555556	0
141.059027777778	0
141.0625	0
141.065972222222	0
141.069444444444	0
141.072916666667	0
141.076388888889	0
141.079861111111	0
141.083333333333	0
141.086805555556	0
141.090277777778	0
141.09375	0
141.097222222222	0
141.100694444444	0
141.104166666667	0
141.107638888889	0
141.111111111111	0
141.114583333333	0
141.118055555556	0
141.121527777778	0
141.125	0
141.128472222222	0
141.131944444444	0
141.135416666667	0
141.138888888889	0
141.142361111111	0
141.145833333333	0
141.149305555556	0
141.152777777778	0
141.15625	0
141.159722222222	0
141.163194444444	0
141.166666666667	0
141.170138888889	0
141.173611111111	0
141.177083333333	0
141.180555555556	0
141.184027777778	0
141.1875	0
141.190972222222	0
141.194444444444	0
141.197916666667	0
141.201388888889	0
141.204861111111	0
141.208333333333	0
141.211805555556	0
141.215277777778	0
141.21875	0
141.222222222222	0
141.225694444444	0
141.229166666667	0
141.232638888889	0
141.236111111111	0
141.239583333333	0
141.243055555556	0
141.246527777778	0
141.25	0
141.253472222222	0
141.256944444444	0
141.260416666667	0
141.263888888889	0
141.267361111111	0
141.270833333333	0
141.274305555556	0
141.277777777778	0
141.28125	0
141.284722222222	0
141.288194444444	0
141.291666666667	0
141.295138888889	0
141.298611111111	0
141.302083333333	0
141.305555555556	0
141.309027777778	0
141.3125	0
141.315972222222	0
141.319444444444	0
141.322916666667	0
141.326388888889	0
141.329861111111	0
141.333333333333	0
141.336805555556	0
141.340277777778	0
141.34375	0
141.347222222222	0
141.350694444444	0
141.354166666667	0
141.357638888889	0
141.361111111111	0
141.364583333333	0
141.368055555556	0
141.371527777778	0
141.375	0
141.378472222222	0
141.381944444444	0
141.385416666667	0
141.388888888889	0
141.392361111111	0
141.395833333333	0
141.399305555556	0
141.402777777778	0
141.40625	0
141.409722222222	0
141.413194444444	0
141.416666666667	0
141.420138888889	0
141.423611111111	0
141.427083333333	0
141.430555555556	0
141.434027777778	0
141.4375	0
141.440972222222	0
141.444444444444	0
141.447916666667	0
141.451388888889	0
141.454861111111	0
141.458333333333	0
141.461805555556	0
141.465277777778	0
141.46875	0
141.472222222222	0
141.475694444444	0
141.479166666667	0
141.482638888889	0
141.486111111111	0
141.489583333333	0
141.493055555556	0
141.496527777778	0
141.5	0
141.503472222222	0
141.506944444444	0
141.510416666667	0.2
141.513888888889	0
141.517361111111	0
141.520833333333	0
141.524305555556	0
141.527777777778	0
141.53125	0
141.534722222222	0
141.538194444444	0
141.541666666667	0
141.545138888889	0
141.548611111111	0
141.552083333333	0
141.555555555556	0
141.559027777778	0
141.5625	0
141.565972222222	0
141.569444444444	0
141.572916666667	0
141.576388888889	0
141.579861111111	0
141.583333333333	0
141.586805555556	0
141.590277777778	0
141.59375	0
141.597222222222	0
141.600694444444	0
141.604166666667	0
141.607638888889	0
141.611111111111	0
141.614583333333	0
141.618055555556	0
141.621527777778	0
141.625	0
141.628472222222	0
141.631944444444	0
141.635416666667	0
141.638888888889	0
141.642361111111	0
141.645833333333	0
141.649305555556	0
141.652777777778	0
141.65625	0
141.659722222222	0
141.663194444444	0
141.666666666667	0
141.670138888889	0
141.673611111111	0
141.677083333333	0
141.680555555556	0
141.684027777778	0
141.6875	0
141.690972222222	0
141.694444444444	0
141.697916666667	0
141.701388888889	0
141.704861111111	0
141.708333333333	0
141.711805555556	0
141.715277777778	0
141.71875	0
141.722222222222	0
141.725694444444	0
141.729166666667	0
141.732638888889	0
141.736111111111	0
141.739583333333	0
141.743055555556	0
141.746527777778	0
141.75	0
141.753472222222	0
141.756944444444	0
141.760416666667	0
141.763888888889	0
141.767361111111	0
141.770833333333	0
141.774305555556	0
141.777777777778	0
141.78125	0
141.784722222222	0
141.788194444444	0
141.791666666667	0
141.795138888889	0
141.798611111111	0
141.802083333333	0
141.805555555556	0
141.809027777778	0
141.8125	0
141.815972222222	0
141.819444444444	0
141.822916666667	0
141.826388888889	0
141.829861111111	0
141.833333333333	0
141.836805555556	0
141.840277777778	0
141.84375	0
141.847222222222	0
141.850694444444	0
141.854166666667	0
141.857638888889	0
141.861111111111	0
141.864583333333	0
141.868055555556	0
141.871527777778	0
141.875	0
141.878472222222	0
141.881944444444	0
141.885416666667	0
141.888888888889	0
141.892361111111	0
141.895833333333	0
141.899305555556	0
141.902777777778	0
141.90625	0
141.909722222222	0
141.913194444444	0
141.916666666667	0
141.920138888889	0
141.923611111111	0
141.927083333333	0
141.930555555556	0
141.934027777778	0
141.9375	0
141.940972222222	0
141.944444444444	0
141.947916666667	0
141.951388888889	0
141.954861111111	0
141.958333333333	0
141.961805555556	0
141.965277777778	0
141.96875	0
141.972222222222	0
141.975694444444	0
141.979166666667	0
141.982638888889	0
141.986111111111	0
141.989583333333	0
141.993055555556	0
141.996527777778	0
142	0
142.003472222222	0
142.006944444444	0
142.010416666667	0
142.013888888889	0
142.017361111111	0
142.020833333333	0
142.024305555556	0
142.027777777778	0
142.03125	0
142.034722222222	0
142.038194444444	0
142.041666666667	0
142.045138888889	0
142.048611111111	0
142.052083333333	0
142.055555555556	0
142.059027777778	0
142.0625	0
142.065972222222	0
142.069444444444	0
142.072916666667	0
142.076388888889	0
142.079861111111	0
142.083333333333	0
142.086805555556	0
142.090277777778	0
142.09375	0
142.097222222222	0
142.100694444444	0
142.104166666667	0
142.107638888889	0
142.111111111111	0
142.114583333333	0
142.118055555556	0
142.121527777778	0
142.125	0
142.128472222222	0
142.131944444444	0
142.135416666667	0
142.138888888889	0
142.142361111111	0
142.145833333333	0
142.149305555556	0
142.152777777778	0
142.15625	0
142.159722222222	0
142.163194444444	0
142.166666666667	0
142.170138888889	0
142.173611111111	0
142.177083333333	0
142.180555555556	0
142.184027777778	0
142.1875	0
142.190972222222	0
142.194444444444	0
142.197916666667	0
142.201388888889	0
142.204861111111	0
142.208333333333	0
142.211805555556	0
142.215277777778	0
142.21875	0
142.222222222222	0
142.225694444444	0
142.229166666667	0
142.232638888889	0
142.236111111111	0
142.239583333333	0
142.243055555556	0
142.246527777778	0
142.25	0
142.253472222222	0
142.256944444444	0
142.260416666667	0
142.263888888889	0
142.267361111111	0
142.270833333333	0
142.274305555556	0
142.277777777778	0
142.28125	0
142.284722222222	0
142.288194444444	0
142.291666666667	0
142.295138888889	0
142.298611111111	0
142.302083333333	0
142.305555555556	0
142.309027777778	0
142.3125	0
142.315972222222	0
142.319444444444	0
142.322916666667	0
142.326388888889	0
142.329861111111	0
142.333333333333	0
142.336805555556	0
142.340277777778	0
142.34375	0
142.347222222222	0
142.350694444444	0
142.354166666667	0
142.357638888889	0
142.361111111111	0
142.364583333333	0
142.368055555556	0
142.371527777778	0
142.375	0
142.378472222222	0
142.381944444444	0
142.385416666667	0
142.388888888889	0
142.392361111111	0
142.395833333333	0
142.399305555556	0
142.402777777778	0
142.40625	0
142.409722222222	0
142.413194444444	0
142.416666666667	0
142.420138888889	0
142.423611111111	0
142.427083333333	0
142.430555555556	0
142.434027777778	0
142.4375	0
142.440972222222	0
142.444444444444	0
142.447916666667	0
142.451388888889	0
142.454861111111	0
142.458333333333	0
142.461805555556	0
142.465277777778	0
142.46875	0
142.472222222222	0
142.475694444444	0
142.479166666667	0
142.482638888889	0
142.486111111111	0
142.489583333333	0
142.493055555556	0.2
142.496527777778	0
142.5	0
142.503472222222	0
142.506944444444	0
142.510416666667	0
142.513888888889	0
142.517361111111	0
142.520833333333	0
142.524305555556	0
142.527777777778	0
142.53125	0
142.534722222222	0
142.538194444444	0
142.541666666667	0
142.545138888889	0
142.548611111111	0
142.552083333333	0
142.555555555556	0
142.559027777778	0
142.5625	0
142.565972222222	0
142.569444444444	0
142.572916666667	0
142.576388888889	0
142.579861111111	0
142.583333333333	0
142.586805555556	0
142.590277777778	0
142.59375	0
142.597222222222	0
142.600694444444	0
142.604166666667	0
142.607638888889	0
142.611111111111	0
142.614583333333	0
142.618055555556	0
142.621527777778	0
142.625	0
142.628472222222	0
142.631944444444	0
142.635416666667	0
142.638888888889	0
142.642361111111	0
142.645833333333	0
142.649305555556	0
142.652777777778	0
142.65625	0
142.659722222222	0
142.663194444444	0
142.666666666667	0
142.670138888889	0
142.673611111111	0
142.677083333333	0
142.680555555556	0
142.684027777778	0
142.6875	0
142.690972222222	0
142.694444444444	0
142.697916666667	0
142.701388888889	0
142.704861111111	0
142.708333333333	0
142.711805555556	0
142.715277777778	0
142.71875	0
142.722222222222	0
142.725694444444	0
142.729166666667	0
142.732638888889	0
142.736111111111	0
142.739583333333	0
142.743055555556	0
142.746527777778	0
142.75	0
142.753472222222	0
142.756944444444	0
142.760416666667	0
142.763888888889	0
142.767361111111	0.2
142.770833333333	0
142.774305555556	0
142.777777777778	0
142.78125	0
142.784722222222	0
142.788194444444	0
142.791666666667	0.2
142.795138888889	0
142.798611111111	0.2
142.802083333333	0
142.805555555556	0
142.809027777778	0.2
142.8125	0
142.815972222222	0
142.819444444444	0.2
142.822916666667	0
142.826388888889	0.2
142.829861111111	0
142.833333333333	0
142.836805555556	0
142.840277777778	0.2
142.84375	0
142.847222222222	0.2
142.850694444444	0
142.854166666667	0
142.857638888889	0
142.861111111111	0
142.864583333333	0
142.868055555556	0
142.871527777778	0
142.875	0
142.878472222222	0
142.881944444444	0
142.885416666667	0
142.888888888889	0
142.892361111111	0
142.895833333333	0
142.899305555556	0
142.902777777778	0
142.90625	0
142.909722222222	0.2
142.913194444444	0
142.916666666667	0
142.920138888889	0
142.923611111111	0.2
142.927083333333	0
142.930555555556	0
142.934027777778	0
142.9375	0
142.940972222222	0.2
142.944444444444	0
142.947916666667	0
142.951388888889	0
142.954861111111	0
142.958333333333	0
142.961805555556	0
142.965277777778	0
142.96875	0
142.972222222222	0
142.975694444444	0
142.979166666667	0
142.982638888889	0
142.986111111111	0
142.989583333333	0
142.993055555556	0
142.996527777778	0
143	0
143.003472222222	0
143.006944444444	0
143.010416666667	0
143.013888888889	0
143.017361111111	0
143.020833333333	0
143.024305555556	0
143.027777777778	0
143.03125	0
143.034722222222	0
143.038194444444	0
143.041666666667	0
143.045138888889	0
143.048611111111	0.2
143.052083333333	0
143.055555555556	0
143.059027777778	0
143.0625	0
143.065972222222	0
143.069444444444	0
143.072916666667	0
143.076388888889	0
143.079861111111	0
143.083333333333	0
143.086805555556	0
143.090277777778	0
143.09375	0
143.097222222222	0
143.100694444444	0
143.104166666667	0
143.107638888889	0
143.111111111111	0
143.114583333333	0
143.118055555556	0
143.121527777778	0
143.125	0
143.128472222222	0
143.131944444444	0
143.135416666667	0
143.138888888889	0
143.142361111111	0
143.145833333333	0
143.149305555556	0
143.152777777778	0
143.15625	0
143.159722222222	0
143.163194444444	0
143.166666666667	0
143.170138888889	0
143.173611111111	0
143.177083333333	0
143.180555555556	0
143.184027777778	0
143.1875	0
143.190972222222	0
143.194444444444	0
143.197916666667	0
143.201388888889	0
143.204861111111	0
143.208333333333	0
143.211805555556	0
143.215277777778	0
143.21875	0
143.222222222222	0
143.225694444444	0
143.229166666667	0
143.232638888889	0
143.236111111111	0
143.239583333333	0
143.243055555556	0
143.246527777778	0
143.25	0
143.253472222222	0
143.256944444444	0
143.260416666667	0
143.263888888889	0
143.267361111111	0
143.270833333333	0
143.274305555556	0
143.277777777778	0
143.28125	0
143.284722222222	0
143.288194444444	0
143.291666666667	0
143.295138888889	0
143.298611111111	0
143.302083333333	0
143.305555555556	0
143.309027777778	0
143.3125	0
143.315972222222	0
143.319444444444	0
143.322916666667	0
143.326388888889	0
143.329861111111	0
143.333333333333	0
143.336805555556	0
143.340277777778	0
143.34375	0
143.347222222222	0
143.350694444444	0
143.354166666667	0
143.357638888889	0
143.361111111111	0
143.364583333333	0
143.368055555556	0
143.371527777778	0
143.375	0
143.378472222222	0
143.381944444444	0
143.385416666667	0
143.388888888889	0
143.392361111111	0
143.395833333333	0
143.399305555556	0
143.402777777778	0
143.40625	0
143.409722222222	0
143.413194444444	0
143.416666666667	0
143.420138888889	0
143.423611111111	0
143.427083333333	0
143.430555555556	0
143.434027777778	0
143.4375	0
143.440972222222	0
143.444444444444	0
143.447916666667	0
143.451388888889	0
143.454861111111	0
143.458333333333	0
143.461805555556	0
143.465277777778	0
143.46875	0
143.472222222222	0
143.475694444444	0
143.479166666667	0
143.482638888889	0
143.486111111111	0
143.489583333333	0
143.493055555556	0
143.496527777778	0
143.5	0
143.503472222222	0
143.506944444444	0
143.510416666667	0
143.513888888889	0
143.517361111111	0
143.520833333333	0
143.524305555556	0
143.527777777778	0
143.53125	0
143.534722222222	0
143.538194444444	0
143.541666666667	0
143.545138888889	0
143.548611111111	0
143.552083333333	0
143.555555555556	0
143.559027777778	0
143.5625	0
143.565972222222	0
143.569444444444	0
143.572916666667	0
143.576388888889	0
143.579861111111	0
143.583333333333	0
143.586805555556	0
143.590277777778	0
143.59375	0
143.597222222222	0
143.600694444444	0
143.604166666667	0
143.607638888889	0
143.611111111111	0
143.614583333333	0
143.618055555556	0
143.621527777778	0
143.625	0
143.628472222222	0
143.631944444444	0
143.635416666667	0
143.638888888889	0
143.642361111111	0
143.645833333333	0
143.649305555556	0
143.652777777778	0.2
143.65625	0
143.659722222222	0
143.663194444444	0
143.666666666667	0
143.670138888889	0
143.673611111111	0
143.677083333333	0
143.680555555556	0
143.684027777778	0
143.6875	0
143.690972222222	0
143.694444444444	0
143.697916666667	0
143.701388888889	0
143.704861111111	0
143.708333333333	0
143.711805555556	0
143.715277777778	0
143.71875	0
143.722222222222	0
143.725694444444	0
143.729166666667	0
143.732638888889	0
143.736111111111	0
143.739583333333	0
143.743055555556	0
143.746527777778	0
143.75	0
143.753472222222	0
143.756944444444	0
143.760416666667	0
143.763888888889	0
143.767361111111	0
143.770833333333	0
143.774305555556	0.2
143.777777777778	0
143.78125	0
143.784722222222	0
143.788194444444	0
143.791666666667	0
143.795138888889	0
143.798611111111	0
143.802083333333	0
143.805555555556	0
143.809027777778	0.2
143.8125	0
143.815972222222	0
143.819444444444	0
143.822916666667	0
143.826388888889	0
143.829861111111	0
143.833333333333	0
143.836805555556	0
143.840277777778	0
143.84375	0
143.847222222222	0
143.850694444444	0
143.854166666667	0
143.857638888889	0
143.861111111111	0
143.864583333333	0
143.868055555556	0
143.871527777778	0
143.875	0
143.878472222222	0
143.881944444444	0
143.885416666667	0.2
143.888888888889	0
143.892361111111	0
143.895833333333	0
143.899305555556	0
143.902777777778	0
143.90625	0
143.909722222222	0
143.913194444444	0
143.916666666667	0
143.920138888889	0
143.923611111111	0
143.927083333333	0
143.930555555556	0.2
143.934027777778	0
143.9375	0
143.940972222222	0
143.944444444444	0
143.947916666667	0
143.951388888889	0
143.954861111111	0
143.958333333333	0
143.961805555556	0
143.965277777778	0.2
143.96875	0.2
143.972222222222	0
143.975694444444	0.2
143.979166666667	0
143.982638888889	0
143.986111111111	0
143.989583333333	0
143.993055555556	0
143.996527777778	0
144	0
144.003472222222	0
144.006944444444	0
144.010416666667	0
144.013888888889	0.2
144.017361111111	0.2
144.020833333333	0
144.024305555556	0
144.027777777778	0
144.03125	0.2
144.034722222222	0
144.038194444444	0
144.041666666667	0
144.045138888889	0
144.048611111111	0.2
144.052083333333	0
144.055555555556	0
144.059027777778	0
144.0625	0
144.065972222222	0
144.069444444444	0
144.072916666667	0
144.076388888889	0
144.079861111111	0
144.083333333333	0
144.086805555556	0.2
144.090277777778	0
144.09375	0
144.097222222222	0.2
144.100694444444	0
144.104166666667	0
144.107638888889	0
144.111111111111	0
144.114583333333	0
144.118055555556	0
144.121527777778	0
144.125	0
144.128472222222	0
144.131944444444	0
144.135416666667	0.4
144.138888888889	0.4
144.142361111111	0
144.145833333333	0.4
144.149305555556	0.2
144.152777777778	0.2
144.15625	0.2
144.159722222222	0
144.163194444444	0.2
144.166666666667	0.6
144.170138888889	0.2
144.173611111111	0.2
144.177083333333	0.2
144.180555555556	0.2
144.184027777778	0.2
144.1875	0
144.190972222222	0
144.194444444444	0
144.197916666667	0.2
144.201388888889	0
144.204861111111	0
144.208333333333	0
144.211805555556	0
144.215277777778	0.2
144.21875	0
144.222222222222	0
144.225694444444	0
144.229166666667	0.2
144.232638888889	0
144.236111111111	0
144.239583333333	0
144.243055555556	0
144.246527777778	0
144.25	0
144.253472222222	0
144.256944444444	0
144.260416666667	0
144.263888888889	0
144.267361111111	0
144.270833333333	0
144.274305555556	0.2
144.277777777778	0
144.28125	0
144.284722222222	0
144.288194444444	0
144.291666666667	0
144.295138888889	0
144.298611111111	0.2
144.302083333333	0
144.305555555556	0
144.309027777778	0
144.3125	0.2
144.315972222222	0
144.319444444444	0
144.322916666667	0
144.326388888889	0
144.329861111111	0.2
144.333333333333	0.2
144.336805555556	0
144.340277777778	0.2
144.34375	0
144.347222222222	0.2
144.350694444444	0.4
144.354166666667	0.4
144.357638888889	0
144.361111111111	0
144.364583333333	0
144.368055555556	0
144.371527777778	0
144.375	0.2
144.378472222222	0
144.381944444444	0
144.385416666667	0
144.388888888889	0
144.392361111111	0
144.395833333333	0.2
144.399305555556	0
144.402777777778	0
144.40625	0
144.409722222222	0
144.413194444444	0
144.416666666667	0
144.420138888889	0
144.423611111111	0.2
144.427083333333	0
144.430555555556	0
144.434027777778	0
144.4375	0.2
144.440972222222	0
144.444444444444	0
144.447916666667	0
144.451388888889	0.2
144.454861111111	0
144.458333333333	0
144.461805555556	0.2
144.465277777778	0
144.46875	0
144.472222222222	0
144.475694444444	0.2
144.479166666667	0.2
144.482638888889	0
144.486111111111	0
144.489583333333	0
144.493055555556	0.2
144.496527777778	0
144.5	0.2
144.503472222222	0
144.506944444444	0
144.510416666667	0.2
144.513888888889	0
144.517361111111	0.2
144.520833333333	0
144.524305555556	0.2
144.527777777778	0.2
144.53125	0
144.534722222222	0
144.538194444444	0.2
144.541666666667	0.2
144.545138888889	0
144.548611111111	0.2
144.552083333333	0.4
144.555555555556	0.2
144.559027777778	0.4
144.5625	0.2
144.565972222222	0.2
144.569444444444	0
144.572916666667	0.4
144.576388888889	0.4
144.579861111111	0.4
144.583333333333	0.2
144.586805555556	0.4
144.590277777778	0.2
144.59375	0.2
144.597222222222	0.2
144.600694444444	0.6
144.604166666667	0.4
144.607638888889	0.4
144.611111111111	0.2
144.614583333333	0.2
144.618055555556	0.2
144.621527777778	0.2
144.625	0.2
144.628472222222	0.4
144.631944444444	0
144.635416666667	0.6
144.638888888889	0.6
144.642361111111	0.4
144.645833333333	0.4
144.649305555556	0.4
144.652777777778	0.4
144.65625	2.4
144.659722222222	0.4
144.663194444444	0.6
144.666666666667	0.6
144.670138888889	0
144.673611111111	0.4
144.677083333333	0
144.680555555556	0.4
144.684027777778	0.8
144.6875	0
144.690972222222	0
144.694444444444	0.2
144.697916666667	0
144.701388888889	0.2
144.704861111111	0
144.708333333333	0.2
144.711805555556	0
144.715277777778	0.2
144.71875	0.2
144.722222222222	0.2
144.725694444444	0
144.729166666667	0.4
144.732638888889	0
144.736111111111	0
144.739583333333	0
144.743055555556	0
144.746527777778	0
144.75	0
144.753472222222	1
144.756944444444	0.6
144.760416666667	0
144.763888888889	0
144.767361111111	0
144.770833333333	0
144.774305555556	0
144.777777777778	0
144.78125	0
144.784722222222	0
144.788194444444	0
144.791666666667	0
144.795138888889	0
144.798611111111	0
144.802083333333	0
144.805555555556	0
144.809027777778	0
144.8125	0
144.815972222222	0
144.819444444444	0
144.822916666667	0
144.826388888889	0
144.829861111111	0
144.833333333333	0
144.836805555556	0
144.840277777778	0
144.84375	0.2
144.847222222222	0
144.850694444444	0
144.854166666667	0
144.857638888889	0
144.861111111111	0
144.864583333333	0
144.868055555556	0
144.871527777778	0
144.875	0
144.878472222222	0
144.881944444444	0
144.885416666667	0
144.888888888889	0
144.892361111111	0
144.895833333333	0
144.899305555556	0
144.902777777778	0
144.90625	0
144.909722222222	0
144.913194444444	0
144.916666666667	0
144.920138888889	0
144.923611111111	0
144.927083333333	0
144.930555555556	0
144.934027777778	0
144.9375	0
144.940972222222	0
144.944444444444	0
144.947916666667	0
144.951388888889	0
144.954861111111	0
144.958333333333	0
144.961805555556	0
144.965277777778	0
144.96875	0
144.972222222222	0
144.975694444444	0
144.979166666667	0
144.982638888889	0
144.986111111111	0
144.989583333333	0
144.993055555556	0
144.996527777778	0
145	0
145.003472222222	0
145.006944444444	0
145.010416666667	0
145.013888888889	0
145.017361111111	0
145.020833333333	0
145.024305555556	0
145.027777777778	0
145.03125	0
145.034722222222	0
145.038194444444	0
145.041666666667	0
145.045138888889	0
145.048611111111	0
145.052083333333	0
145.055555555556	0
145.059027777778	0
145.0625	0
145.065972222222	0
145.069444444444	0
145.072916666667	0
145.076388888889	0
145.079861111111	0
145.083333333333	0
145.086805555556	0
145.090277777778	0
145.09375	0
145.097222222222	0
145.100694444444	0
145.104166666667	0
145.107638888889	0
145.111111111111	0
145.114583333333	0
145.118055555556	0
145.121527777778	0
145.125	0
145.128472222222	0
145.131944444444	0
145.135416666667	0
145.138888888889	0
145.142361111111	0
145.145833333333	0
145.149305555556	0
145.152777777778	0
145.15625	0
145.159722222222	0
145.163194444444	0
145.166666666667	0
145.170138888889	0
145.173611111111	0
145.177083333333	0
145.180555555556	0
145.184027777778	0
145.1875	0
145.190972222222	0
145.194444444444	0
145.197916666667	0
145.201388888889	0
145.204861111111	0
145.208333333333	0
145.211805555556	0
145.215277777778	0
145.21875	0
145.222222222222	0
145.225694444444	0
145.229166666667	0
145.232638888889	0
145.236111111111	0
145.239583333333	0
145.243055555556	0
145.246527777778	0
145.25	0
145.253472222222	0
145.256944444444	0
145.260416666667	0
145.263888888889	0
145.267361111111	0
145.270833333333	0
145.274305555556	0
145.277777777778	0
145.28125	0
145.284722222222	0
145.288194444444	0
145.291666666667	0
145.295138888889	0
145.298611111111	0
145.302083333333	0
145.305555555556	0
145.309027777778	0
145.3125	0
145.315972222222	0
145.319444444444	0
145.322916666667	0
145.326388888889	0
145.329861111111	0
145.333333333333	0
145.336805555556	0
145.340277777778	0
145.34375	0
145.347222222222	0
145.350694444444	0
145.354166666667	0
145.357638888889	0
145.361111111111	0
145.364583333333	0
145.368055555556	0
145.371527777778	0
145.375	0
145.378472222222	0
145.381944444444	0
145.385416666667	0
145.388888888889	0
145.392361111111	0
145.395833333333	0
145.399305555556	0
145.402777777778	0
145.40625	0
145.409722222222	0
145.413194444444	0
145.416666666667	0
145.420138888889	0
145.423611111111	0
145.427083333333	0
145.430555555556	0
145.434027777778	0
145.4375	0
145.440972222222	0
145.444444444444	0
145.447916666667	0
145.451388888889	0
145.454861111111	0
145.458333333333	0
145.461805555556	0
145.465277777778	0
145.46875	0.2
145.472222222222	0
145.475694444444	0
145.479166666667	0
145.482638888889	0
145.486111111111	0
145.489583333333	0
145.493055555556	0
145.496527777778	0
145.5	0
145.503472222222	0
145.506944444444	0
145.510416666667	0
145.513888888889	0
145.517361111111	0
145.520833333333	0
145.524305555556	0
145.527777777778	0
145.53125	0
145.534722222222	0
145.538194444444	0
145.541666666667	0
145.545138888889	0
145.548611111111	0
145.552083333333	0
145.555555555556	0
145.559027777778	0
145.5625	0
145.565972222222	0
145.569444444444	0
145.572916666667	0.2
145.576388888889	0
145.579861111111	0
145.583333333333	0
145.586805555556	0.2
145.590277777778	0
145.59375	0
145.597222222222	0
145.600694444444	0
145.604166666667	0
145.607638888889	0
145.611111111111	0.2
145.614583333333	0
145.618055555556	0
145.621527777778	0
145.625	0
145.628472222222	0
145.631944444444	0
145.635416666667	0
145.638888888889	0
145.642361111111	0
145.645833333333	0
145.649305555556	0
145.652777777778	0
145.65625	0
145.659722222222	0
145.663194444444	0
145.666666666667	0
145.670138888889	0
145.673611111111	0
145.677083333333	0
145.680555555556	0
145.684027777778	0
145.6875	0
145.690972222222	0
145.694444444444	0
145.697916666667	0
145.701388888889	0
145.704861111111	0
145.708333333333	0
145.711805555556	0
145.715277777778	0
145.71875	0
145.722222222222	0
145.725694444444	0
145.729166666667	0
145.732638888889	0
145.736111111111	0
145.739583333333	0
145.743055555556	0
145.746527777778	0
145.75	0
145.753472222222	0
145.756944444444	0
145.760416666667	0
145.763888888889	0
145.767361111111	0
145.770833333333	0
145.774305555556	0
145.777777777778	0
145.78125	0
145.784722222222	0
145.788194444444	0
145.791666666667	0
145.795138888889	0
145.798611111111	0
145.802083333333	0
145.805555555556	0
145.809027777778	0
145.8125	0
145.815972222222	0
145.819444444444	0
145.822916666667	0
145.826388888889	0
145.829861111111	0
145.833333333333	0
145.836805555556	0
145.840277777778	0
145.84375	0
145.847222222222	0
145.850694444444	0
145.854166666667	0
145.857638888889	0
145.861111111111	0
145.864583333333	0
145.868055555556	0
145.871527777778	0
145.875	0
145.878472222222	0
145.881944444444	0
145.885416666667	0
145.888888888889	0
145.892361111111	0
145.895833333333	0
145.899305555556	0
145.902777777778	0
145.90625	0
145.909722222222	0
145.913194444444	0
145.916666666667	0
145.920138888889	0
145.923611111111	0
145.927083333333	0
145.930555555556	0
145.934027777778	0
145.9375	0
145.940972222222	0
145.944444444444	0
145.947916666667	0
145.951388888889	0
145.954861111111	0
145.958333333333	0
145.961805555556	0
145.965277777778	0
145.96875	0
145.972222222222	0
145.975694444444	0
145.979166666667	0
145.982638888889	0.2
145.986111111111	0
145.989583333333	0
145.993055555556	0
145.996527777778	0
146	0
146.003472222222	0
146.006944444444	0
146.010416666667	0
146.013888888889	0
146.017361111111	0
146.020833333333	0
146.024305555556	0
146.027777777778	0
146.03125	0
146.034722222222	0
146.038194444444	0
146.041666666667	0
146.045138888889	0
146.048611111111	0
146.052083333333	0
146.055555555556	0
146.059027777778	0
146.0625	0
146.065972222222	0
146.069444444444	0
146.072916666667	0
146.076388888889	0
146.079861111111	0
146.083333333333	0
146.086805555556	0
146.090277777778	0
146.09375	0
146.097222222222	0
146.100694444444	0
146.104166666667	0
146.107638888889	0
146.111111111111	0
146.114583333333	0
146.118055555556	0
146.121527777778	0
146.125	0
146.128472222222	0
146.131944444444	0
146.135416666667	0
146.138888888889	0
146.142361111111	0
146.145833333333	0
146.149305555556	0
146.152777777778	0
146.15625	0
146.159722222222	0
146.163194444444	0
146.166666666667	0
146.170138888889	0
146.173611111111	0
146.177083333333	0
146.180555555556	0
146.184027777778	0
146.1875	0
146.190972222222	0
146.194444444444	0
146.197916666667	0
146.201388888889	0
146.204861111111	0
146.208333333333	0
146.211805555556	0
146.215277777778	0
146.21875	0
146.222222222222	0
146.225694444444	0
146.229166666667	0
146.232638888889	0
146.236111111111	0
146.239583333333	0
146.243055555556	0
146.246527777778	0
146.25	0
146.253472222222	0
146.256944444444	0
146.260416666667	0
146.263888888889	0
146.267361111111	0
146.270833333333	0
146.274305555556	0
146.277777777778	0
146.28125	0
146.284722222222	0
146.288194444444	0
146.291666666667	0
146.295138888889	0
146.298611111111	0
146.302083333333	0
146.305555555556	0
146.309027777778	0
146.3125	0
146.315972222222	0
146.319444444444	0
146.322916666667	0
146.326388888889	0
146.329861111111	0
146.333333333333	0
146.336805555556	0
146.340277777778	0
146.34375	0
146.347222222222	0
146.350694444444	0
146.354166666667	0
146.357638888889	0
146.361111111111	0
146.364583333333	0
146.368055555556	0
146.371527777778	0
146.375	0
146.378472222222	0
146.381944444444	0
146.385416666667	0
146.388888888889	0
146.392361111111	0
146.395833333333	0
146.399305555556	0
146.402777777778	0
146.40625	0
146.409722222222	0
146.413194444444	0
146.416666666667	0
146.420138888889	0
146.423611111111	0
146.427083333333	0
146.430555555556	0
146.434027777778	0
146.4375	0
146.440972222222	0
146.444444444444	0
146.447916666667	0
146.451388888889	0
146.454861111111	0
146.458333333333	0
146.461805555556	0
146.465277777778	0
146.46875	0
146.472222222222	0
146.475694444444	0
146.479166666667	0
146.482638888889	0
146.486111111111	0
146.489583333333	0
146.493055555556	0
146.496527777778	0
146.5	0
146.503472222222	0
146.506944444444	0
146.510416666667	0
146.513888888889	0
146.517361111111	0
146.520833333333	0
146.524305555556	0
146.527777777778	0
146.53125	0
146.534722222222	0
146.538194444444	0
146.541666666667	0
146.545138888889	0
146.548611111111	0
146.552083333333	0
146.555555555556	0
146.559027777778	0
146.5625	0
146.565972222222	0
146.569444444444	0
146.572916666667	0
146.576388888889	0
146.579861111111	0.2
146.583333333333	0
146.586805555556	0
146.590277777778	0
146.59375	0
146.597222222222	0
146.600694444444	0
146.604166666667	0
146.607638888889	0
146.611111111111	0
146.614583333333	0
146.618055555556	0
146.621527777778	0
146.625	0
146.628472222222	0
146.631944444444	0
146.635416666667	0
146.638888888889	0
146.642361111111	0
146.645833333333	0
146.649305555556	0
146.652777777778	0
146.65625	0
146.659722222222	0
146.663194444444	0
146.666666666667	0
146.670138888889	0
146.673611111111	0
146.677083333333	0
146.680555555556	0
146.684027777778	0
146.6875	0
146.690972222222	0
146.694444444444	0
146.697916666667	0
146.701388888889	0
146.704861111111	0
146.708333333333	0
146.711805555556	0
146.715277777778	0
146.71875	0
146.722222222222	0
146.725694444444	0
146.729166666667	0
146.732638888889	0
146.736111111111	0
146.739583333333	0
146.743055555556	0
146.746527777778	0
146.75	0
146.753472222222	0
146.756944444444	0
146.760416666667	0
146.763888888889	0
146.767361111111	0
146.770833333333	0
146.774305555556	0
146.777777777778	0
146.78125	0
146.784722222222	0
146.788194444444	0.2
146.791666666667	0
146.795138888889	0
146.798611111111	0
146.802083333333	0
146.805555555556	0.2
146.809027777778	0
146.8125	0.2
146.815972222222	0.2
146.819444444444	0.2
146.822916666667	0.2
146.826388888889	0.2
146.829861111111	0
146.833333333333	0.2
146.836805555556	0
146.840277777778	0
146.84375	0
146.847222222222	0
146.850694444444	0.2
146.854166666667	0.2
146.857638888889	0.2
146.861111111111	0
146.864583333333	0.2
146.868055555556	0
146.871527777778	0
146.875	0
146.878472222222	0
146.881944444444	0
146.885416666667	0
146.888888888889	0
146.892361111111	0
146.895833333333	0.2
146.899305555556	0
146.902777777778	0
146.90625	0
146.909722222222	0
146.913194444444	0
146.916666666667	0.2
146.920138888889	0
146.923611111111	0
146.927083333333	0
146.930555555556	0
146.934027777778	0.2
146.9375	0
146.940972222222	0
146.944444444444	0
146.947916666667	0
146.951388888889	0.2
146.954861111111	0
146.958333333333	0
146.961805555556	0
146.965277777778	0
146.96875	0
146.972222222222	0
146.975694444444	0.2
146.979166666667	0
146.982638888889	0
146.986111111111	0
146.989583333333	0
146.993055555556	0.2
146.996527777778	0
147	0.2
147.003472222222	0
147.006944444444	0
147.010416666667	0
147.013888888889	0.2
147.017361111111	0
147.020833333333	0
147.024305555556	0
147.027777777778	0.2
147.03125	0
147.034722222222	0
147.038194444444	0
147.041666666667	0
147.045138888889	0
147.048611111111	0
147.052083333333	0
147.055555555556	0
147.059027777778	0
147.0625	0.2
147.065972222222	0
147.069444444444	0
147.072916666667	0
147.076388888889	0
147.079861111111	0.2
147.083333333333	0
147.086805555556	0
147.090277777778	0
147.09375	0.2
147.097222222222	0.2
147.100694444444	0.4
147.104166666667	0
147.107638888889	0.2
147.111111111111	0
147.114583333333	0.2
147.118055555556	0.2
147.121527777778	0
147.125	0
147.128472222222	0.2
147.131944444444	0
147.135416666667	0.2
147.138888888889	0.2
147.142361111111	0
147.145833333333	0
147.149305555556	0.4
147.152777777778	0
147.15625	0.2
147.159722222222	0.2
147.163194444444	0.2
147.166666666667	0
147.170138888889	0.2
147.173611111111	0
147.177083333333	0.2
147.180555555556	0.2
147.184027777778	0
147.1875	0
147.190972222222	0
147.194444444444	0
147.197916666667	0
147.201388888889	0.2
147.204861111111	0
147.208333333333	0.2
147.211805555556	0
147.215277777778	0
147.21875	0
147.222222222222	0
147.225694444444	0.2
147.229166666667	0
147.232638888889	0
147.236111111111	0
147.239583333333	0.2
147.243055555556	0
147.246527777778	0
147.25	0
147.253472222222	0.2
147.256944444444	0.2
147.260416666667	0
147.263888888889	0.2
147.267361111111	0
147.270833333333	0.2
147.274305555556	0
147.277777777778	0.2
147.28125	0
147.284722222222	0
147.288194444444	0
147.291666666667	0.2
147.295138888889	0
147.298611111111	0
147.302083333333	0
147.305555555556	0
147.309027777778	0.2
147.3125	0
147.315972222222	0
147.319444444444	0.2
147.322916666667	0
147.326388888889	0
147.329861111111	0.2
147.333333333333	0.2
147.336805555556	0
147.340277777778	0
147.34375	0
147.347222222222	0
147.350694444444	0.2
147.354166666667	0
147.357638888889	0
147.361111111111	0
147.364583333333	0
147.368055555556	0
147.371527777778	0
147.375	0
147.378472222222	0.2
147.381944444444	0
147.385416666667	0
147.388888888889	0
147.392361111111	0.2
147.395833333333	0.2
147.399305555556	0
147.402777777778	0
147.40625	0
147.409722222222	0.2
147.413194444444	0
147.416666666667	0.2
147.420138888889	0
147.423611111111	0
147.427083333333	0.2
147.430555555556	0.2
147.434027777778	0.2
147.4375	0
147.440972222222	0
147.444444444444	0
147.447916666667	0
147.451388888889	0
147.454861111111	0
147.458333333333	0
147.461805555556	0
147.465277777778	0.2
147.46875	0
147.472222222222	0
147.475694444444	0
147.479166666667	0
147.482638888889	0
147.486111111111	0
147.489583333333	0
147.493055555556	0
147.496527777778	0
147.5	0
147.503472222222	0
147.506944444444	0
147.510416666667	0
147.513888888889	0
147.517361111111	0
147.520833333333	0
147.524305555556	0
147.527777777778	0
147.53125	0
147.534722222222	0
147.538194444444	0
147.541666666667	0
147.545138888889	0
147.548611111111	0
147.552083333333	0
147.555555555556	0
147.559027777778	0
147.5625	0
147.565972222222	0
147.569444444444	0
147.572916666667	0
147.576388888889	0
147.579861111111	0
147.583333333333	0
147.586805555556	0
147.590277777778	0
147.59375	0
147.597222222222	0
147.600694444444	0
147.604166666667	0
147.607638888889	0
147.611111111111	0
147.614583333333	0
147.618055555556	0
147.621527777778	0
147.625	0
147.628472222222	0
147.631944444444	0
147.635416666667	0
147.638888888889	0
147.642361111111	0
147.645833333333	0
147.649305555556	0
147.652777777778	0
147.65625	0
147.659722222222	0
147.663194444444	0
147.666666666667	0
147.670138888889	0
147.673611111111	0
147.677083333333	0
147.680555555556	0
147.684027777778	0
147.6875	0
147.690972222222	0
147.694444444444	0
147.697916666667	0
147.701388888889	0
147.704861111111	0
147.708333333333	0
147.711805555556	0
147.715277777778	0
147.71875	0
147.722222222222	0
147.725694444444	0
147.729166666667	0
147.732638888889	0
147.736111111111	0
147.739583333333	0
147.743055555556	0
147.746527777778	0
147.75	0
147.753472222222	0
147.756944444444	0
147.760416666667	0
147.763888888889	0
147.767361111111	0
147.770833333333	0
147.774305555556	0
147.777777777778	0
147.78125	0
147.784722222222	0
147.788194444444	0
147.791666666667	0
147.795138888889	0
147.798611111111	0
147.802083333333	0
147.805555555556	0
147.809027777778	0
147.8125	0
147.815972222222	0
147.819444444444	0
147.822916666667	0
147.826388888889	0
147.829861111111	0
147.833333333333	0
147.836805555556	0
147.840277777778	0
147.84375	0
147.847222222222	0
147.850694444444	0
147.854166666667	0
147.857638888889	0
147.861111111111	0
147.864583333333	0
147.868055555556	0
147.871527777778	0
147.875	0
147.878472222222	0
147.881944444444	0
147.885416666667	0
147.888888888889	0
147.892361111111	0
147.895833333333	0
147.899305555556	0
147.902777777778	0
147.90625	0
147.909722222222	0
147.913194444444	0
147.916666666667	0
147.920138888889	0
147.923611111111	0
147.927083333333	0
147.930555555556	0
147.934027777778	0
147.9375	0
147.940972222222	0
147.944444444444	0
147.947916666667	0
147.951388888889	0
147.954861111111	0
147.958333333333	0
147.961805555556	0
147.965277777778	0
147.96875	0
147.972222222222	0
147.975694444444	0
147.979166666667	0
147.982638888889	0
147.986111111111	0
147.989583333333	0
147.993055555556	0
147.996527777778	0
148	0
148.003472222222	0
148.006944444444	0
148.010416666667	0
148.013888888889	0
148.017361111111	0
148.020833333333	0
148.024305555556	0
148.027777777778	0
148.03125	0
148.034722222222	0
148.038194444444	0
148.041666666667	0
148.045138888889	0
148.048611111111	0
148.052083333333	0
148.055555555556	0
148.059027777778	0
148.0625	0
148.065972222222	0
148.069444444444	0
148.072916666667	0
148.076388888889	0
148.079861111111	0
148.083333333333	0
148.086805555556	0
148.090277777778	0
148.09375	0
148.097222222222	0
148.100694444444	0
148.104166666667	0
148.107638888889	0
148.111111111111	0
148.114583333333	0
148.118055555556	0
148.121527777778	0
148.125	0
148.128472222222	0
148.131944444444	0
148.135416666667	0
148.138888888889	0
148.142361111111	0
148.145833333333	0
148.149305555556	0
148.152777777778	0
148.15625	0
148.159722222222	0
148.163194444444	0
148.166666666667	0
148.170138888889	0
148.173611111111	0
148.177083333333	0
148.180555555556	0
148.184027777778	0
148.1875	0
148.190972222222	0
148.194444444444	0
148.197916666667	0
148.201388888889	0
148.204861111111	0
148.208333333333	0
148.211805555556	0
148.215277777778	0
148.21875	0
148.222222222222	0
148.225694444444	0
148.229166666667	0
148.232638888889	0
148.236111111111	0
148.239583333333	0
148.243055555556	0
148.246527777778	0
148.25	0
148.253472222222	0
148.256944444444	0
148.260416666667	0
148.263888888889	0
148.267361111111	0
148.270833333333	0
148.274305555556	0
148.277777777778	0
148.28125	0
148.284722222222	0
148.288194444444	0
148.291666666667	0
148.295138888889	0
148.298611111111	0
148.302083333333	0
148.305555555556	0
148.309027777778	0
148.3125	0
148.315972222222	0
148.319444444444	0
148.322916666667	0
148.326388888889	0
148.329861111111	0
148.333333333333	0
148.336805555556	0
148.340277777778	0
148.34375	0
148.347222222222	0
148.350694444444	0
148.354166666667	0
148.357638888889	0
148.361111111111	0
148.364583333333	0
148.368055555556	0
148.371527777778	0
148.375	0
148.378472222222	0
148.381944444444	0
148.385416666667	0
148.388888888889	0
148.392361111111	0
148.395833333333	0
148.399305555556	0
148.402777777778	0
148.40625	0
148.409722222222	0
148.413194444444	0
148.416666666667	0
148.420138888889	0
148.423611111111	0
148.427083333333	0
148.430555555556	0
148.434027777778	0
148.4375	0
148.440972222222	0
148.444444444444	0
148.447916666667	0
148.451388888889	0
148.454861111111	0
148.458333333333	0
148.461805555556	0
148.465277777778	0
148.46875	0
148.472222222222	0
148.475694444444	0
148.479166666667	0
148.482638888889	0
148.486111111111	0
148.489583333333	0
148.493055555556	0
148.496527777778	0
148.5	0
148.503472222222	0
148.506944444444	0
148.510416666667	0
148.513888888889	0
148.517361111111	0
148.520833333333	0
148.524305555556	0
148.527777777778	0
148.53125	0
148.534722222222	0
148.538194444444	0
148.541666666667	0
148.545138888889	0
148.548611111111	0
148.552083333333	0
148.555555555556	0
148.559027777778	0
148.5625	0
148.565972222222	0
148.569444444444	0
148.572916666667	0
148.576388888889	0
148.579861111111	0
148.583333333333	0
148.586805555556	0
148.590277777778	0
148.59375	0
148.597222222222	0
148.600694444444	0
148.604166666667	0
148.607638888889	0
148.611111111111	0
148.614583333333	0
148.618055555556	0
148.621527777778	0
148.625	0
148.628472222222	0
148.631944444444	0
148.635416666667	0
148.638888888889	0
148.642361111111	0
148.645833333333	0
148.649305555556	0
148.652777777778	0
148.65625	0
148.659722222222	0
148.663194444444	0
148.666666666667	0
148.670138888889	0
148.673611111111	0
148.677083333333	0
148.680555555556	0
148.684027777778	0
148.6875	0
148.690972222222	0
148.694444444444	0
148.697916666667	0
148.701388888889	0
148.704861111111	0
148.708333333333	0
148.711805555556	0
148.715277777778	0
148.71875	0
148.722222222222	0
148.725694444444	0
148.729166666667	0
148.732638888889	0
148.736111111111	0
148.739583333333	0
148.743055555556	0
148.746527777778	0
148.75	0
148.753472222222	0
148.756944444444	0
148.760416666667	0
148.763888888889	0
148.767361111111	0
148.770833333333	0
148.774305555556	0
148.777777777778	0
148.78125	0
148.784722222222	0
148.788194444444	0
148.791666666667	0
148.795138888889	0
148.798611111111	0
148.802083333333	0
148.805555555556	0
148.809027777778	0
148.8125	0
148.815972222222	0
148.819444444444	0
148.822916666667	0
148.826388888889	0
148.829861111111	0
148.833333333333	0
148.836805555556	0
148.840277777778	0
148.84375	0
148.847222222222	0
148.850694444444	0
148.854166666667	0
148.857638888889	0
148.861111111111	0
148.864583333333	0
148.868055555556	0
148.871527777778	0
148.875	0
148.878472222222	0
148.881944444444	0
148.885416666667	0
148.888888888889	0
148.892361111111	0
148.895833333333	0
148.899305555556	0
148.902777777778	0
148.90625	0
148.909722222222	0
148.913194444444	0
148.916666666667	0
148.920138888889	0
148.923611111111	0
148.927083333333	0
148.930555555556	0
148.934027777778	0
148.9375	0
148.940972222222	0
148.944444444444	0
148.947916666667	0
148.951388888889	0
148.954861111111	0
148.958333333333	0
148.961805555556	0
148.965277777778	0
148.96875	0
148.972222222222	0
148.975694444444	0
148.979166666667	0
148.982638888889	0
148.986111111111	0
148.989583333333	0
148.993055555556	0
148.996527777778	0
149	0
149.003472222222	0
149.006944444444	0
149.010416666667	0
149.013888888889	0
149.017361111111	0
149.020833333333	0
149.024305555556	0
149.027777777778	0
149.03125	0
149.034722222222	0
149.038194444444	0
149.041666666667	0
149.045138888889	0
149.048611111111	0
149.052083333333	0
149.055555555556	0.2
149.059027777778	0
149.0625	0.2
149.065972222222	0
149.069444444444	0.2
149.072916666667	0
149.076388888889	0
149.079861111111	0.2
149.083333333333	0
149.086805555556	0
149.090277777778	0
149.09375	0.2
149.097222222222	0
149.100694444444	0
149.104166666667	0
149.107638888889	0
149.111111111111	0
149.114583333333	0
149.118055555556	0
149.121527777778	0
149.125	0
149.128472222222	0
149.131944444444	0
149.135416666667	0
149.138888888889	0
149.142361111111	0
149.145833333333	0.2
149.149305555556	0
149.152777777778	0
149.15625	0
149.159722222222	0
149.163194444444	0
149.166666666667	0
149.170138888889	0
149.173611111111	0
149.177083333333	0
149.180555555556	0
149.184027777778	0
149.1875	0
149.190972222222	0
149.194444444444	0
149.197916666667	0
149.201388888889	0
149.204861111111	0
149.208333333333	0
149.211805555556	0
149.215277777778	0
149.21875	0.2
149.222222222222	0
149.225694444444	0
149.229166666667	0
149.232638888889	0
149.236111111111	0
149.239583333333	0
149.243055555556	0
149.246527777778	0
149.25	0
149.253472222222	0
149.256944444444	0.2
149.260416666667	0
149.263888888889	0
149.267361111111	0
149.270833333333	0
149.274305555556	0
149.277777777778	0
149.28125	0
149.284722222222	0
149.288194444444	0
149.291666666667	0
149.295138888889	0
149.298611111111	0
149.302083333333	0
149.305555555556	0
149.309027777778	0
149.3125	0
149.315972222222	0
149.319444444444	0
149.322916666667	0
149.326388888889	0
149.329861111111	0
149.333333333333	0
149.336805555556	0
149.340277777778	0
149.34375	0
149.347222222222	0
149.350694444444	0
149.354166666667	0
149.357638888889	0
149.361111111111	0
149.364583333333	0
149.368055555556	0
149.371527777778	0
149.375	0
149.378472222222	0
149.381944444444	0
149.385416666667	0
149.388888888889	0
149.392361111111	0
149.395833333333	0
149.399305555556	0
149.402777777778	0
149.40625	0
149.409722222222	0
149.413194444444	0
149.416666666667	0
149.420138888889	0
149.423611111111	0
149.427083333333	0
149.430555555556	0
149.434027777778	0
149.4375	0
149.440972222222	0
149.444444444444	0
149.447916666667	0
149.451388888889	0
149.454861111111	0
149.458333333333	0
149.461805555556	0
149.465277777778	0.2
149.46875	0
149.472222222222	0
149.475694444444	0
149.479166666667	0
149.482638888889	0
149.486111111111	0
149.489583333333	0
149.493055555556	0
149.496527777778	0
149.5	0
149.503472222222	0
149.506944444444	0
149.510416666667	0
149.513888888889	0
149.517361111111	0
149.520833333333	0
149.524305555556	0
149.527777777778	0
149.53125	0
149.534722222222	0
149.538194444444	0
149.541666666667	0
149.545138888889	0
149.548611111111	0
149.552083333333	0
149.555555555556	0
149.559027777778	0
149.5625	0
149.565972222222	0
149.569444444444	0
149.572916666667	0
149.576388888889	0
149.579861111111	0
149.583333333333	0
149.586805555556	0
149.590277777778	0
149.59375	0
149.597222222222	0
149.600694444444	0
149.604166666667	0
149.607638888889	0
149.611111111111	0
149.614583333333	0
149.618055555556	0
149.621527777778	0
149.625	0
149.628472222222	0
149.631944444444	0
149.635416666667	0
149.638888888889	0
149.642361111111	0
149.645833333333	0
149.649305555556	0
149.652777777778	0
149.65625	0
149.659722222222	0
149.663194444444	0
149.666666666667	0
149.670138888889	0
149.673611111111	0
149.677083333333	0
149.680555555556	0
149.684027777778	0
149.6875	0
149.690972222222	0
149.694444444444	0
149.697916666667	0
149.701388888889	0
149.704861111111	0
149.708333333333	0
149.711805555556	0
149.715277777778	0
149.71875	0
149.722222222222	0
149.725694444444	0
149.729166666667	0
149.732638888889	0
149.736111111111	0
149.739583333333	0
149.743055555556	0
149.746527777778	0
149.75	0
149.753472222222	0
149.756944444444	0
149.760416666667	0
149.763888888889	0
149.767361111111	0
149.770833333333	0
149.774305555556	0
149.777777777778	0
149.78125	0
149.784722222222	0
149.788194444444	0
149.791666666667	0
149.795138888889	0
149.798611111111	0
149.802083333333	0
149.805555555556	0
149.809027777778	0
149.8125	0
149.815972222222	0
149.819444444444	0
149.822916666667	0
149.826388888889	0
149.829861111111	0
149.833333333333	0
149.836805555556	0
149.840277777778	0
149.84375	0
149.847222222222	0
149.850694444444	0
149.854166666667	0
149.857638888889	0
149.861111111111	0
149.864583333333	0
149.868055555556	0
149.871527777778	0
149.875	0
149.878472222222	0
149.881944444444	0
149.885416666667	0
149.888888888889	0
149.892361111111	0
149.895833333333	0
149.899305555556	0
149.902777777778	0
149.90625	0
149.909722222222	0
149.913194444444	0
149.916666666667	0
149.920138888889	0
149.923611111111	0
149.927083333333	0
149.930555555556	0
149.934027777778	0
149.9375	0
149.940972222222	0
149.944444444444	0
149.947916666667	0
149.951388888889	0
149.954861111111	0
149.958333333333	0
149.961805555556	0
149.965277777778	0
149.96875	0
149.972222222222	0
149.975694444444	0
149.979166666667	0
149.982638888889	0
149.986111111111	0
149.989583333333	0
149.993055555556	0
149.996527777778	0
150	0
150.003472222222	0
150.006944444444	0
150.010416666667	0
150.013888888889	0
150.017361111111	0
150.020833333333	0
150.024305555556	0
150.027777777778	0
150.03125	0
150.034722222222	0
150.038194444444	0
150.041666666667	0
150.045138888889	0
150.048611111111	0
150.052083333333	0
150.055555555556	0
150.059027777778	0
150.0625	0
150.065972222222	0
150.069444444444	0
150.072916666667	0
150.076388888889	0
150.079861111111	0
150.083333333333	0
150.086805555556	0
150.090277777778	0
150.09375	0
150.097222222222	0
150.100694444444	0
150.104166666667	0
150.107638888889	0
150.111111111111	0
150.114583333333	0
150.118055555556	0
150.121527777778	0
150.125	0
150.128472222222	0
150.131944444444	0
150.135416666667	0
150.138888888889	0
150.142361111111	0
150.145833333333	0
150.149305555556	0
150.152777777778	0
150.15625	0
150.159722222222	0
150.163194444444	0
150.166666666667	0
150.170138888889	0
150.173611111111	0
150.177083333333	0
150.180555555556	0
150.184027777778	0
150.1875	0
150.190972222222	0
150.194444444444	0
150.197916666667	0
150.201388888889	0
150.204861111111	0
150.208333333333	0
150.211805555556	0
150.215277777778	0
150.21875	0
150.222222222222	0
150.225694444444	0
150.229166666667	0
150.232638888889	0
150.236111111111	0
150.239583333333	0
150.243055555556	0
150.246527777778	0
150.25	0
150.253472222222	0
150.256944444444	0
150.260416666667	0
150.263888888889	0
150.267361111111	0
150.270833333333	0
150.274305555556	0
150.277777777778	0
150.28125	0
150.284722222222	0
150.288194444444	0
150.291666666667	0
150.295138888889	0
150.298611111111	0
150.302083333333	0
150.305555555556	0
150.309027777778	0
150.3125	0
150.315972222222	0
150.319444444444	0
150.322916666667	0
150.326388888889	0
150.329861111111	0
150.333333333333	0
150.336805555556	0
150.340277777778	0
150.34375	0
150.347222222222	0
150.350694444444	0
150.354166666667	0
150.357638888889	0
150.361111111111	0
150.364583333333	0
150.368055555556	0
150.371527777778	0
150.375	0
150.378472222222	0
150.381944444444	0
150.385416666667	0
150.388888888889	0
150.392361111111	0
150.395833333333	0
150.399305555556	0
150.402777777778	0
150.40625	0
150.409722222222	0
150.413194444444	0
150.416666666667	0
150.420138888889	0
150.423611111111	0
150.427083333333	0
150.430555555556	0
150.434027777778	0
150.4375	0
150.440972222222	0
150.444444444444	0
150.447916666667	0
150.451388888889	0
150.454861111111	0
150.458333333333	0
150.461805555556	0
150.465277777778	0
150.46875	0
150.472222222222	0
150.475694444444	0
150.479166666667	0
150.482638888889	0
150.486111111111	0
150.489583333333	0
150.493055555556	0
150.496527777778	0
150.5	0
150.503472222222	0
150.506944444444	0
150.510416666667	0
150.513888888889	0
150.517361111111	0
150.520833333333	0
150.524305555556	0
150.527777777778	0
150.53125	0
150.534722222222	0
150.538194444444	0
150.541666666667	0
150.545138888889	0
150.548611111111	0
150.552083333333	0
150.555555555556	0
150.559027777778	0
150.5625	0
150.565972222222	0
150.569444444444	0
150.572916666667	0
150.576388888889	0
150.579861111111	0
150.583333333333	0
150.586805555556	0
150.590277777778	0
150.59375	0
150.597222222222	0
150.600694444444	0
150.604166666667	0
150.607638888889	0
150.611111111111	0
150.614583333333	0
150.618055555556	0
150.621527777778	0
150.625	0
150.628472222222	0
150.631944444444	0
150.635416666667	0
150.638888888889	0
150.642361111111	0
150.645833333333	0
150.649305555556	0
150.652777777778	0
150.65625	0
150.659722222222	0
150.663194444444	0
150.666666666667	0
150.670138888889	0
150.673611111111	0
150.677083333333	0
150.680555555556	0
150.684027777778	0
150.6875	0
150.690972222222	0
150.694444444444	0
150.697916666667	0
150.701388888889	0
150.704861111111	0
150.708333333333	0
150.711805555556	0
150.715277777778	0
150.71875	0
150.722222222222	0
150.725694444444	0
150.729166666667	0
150.732638888889	0
150.736111111111	0
150.739583333333	0
150.743055555556	0
150.746527777778	0
150.75	0
150.753472222222	0
150.756944444444	0
150.760416666667	0
150.763888888889	0
150.767361111111	0
150.770833333333	0
150.774305555556	0
150.777777777778	0
150.78125	0
150.784722222222	0
150.788194444444	0
150.791666666667	0
150.795138888889	0
150.798611111111	0
150.802083333333	0
150.805555555556	0
150.809027777778	0
150.8125	0
150.815972222222	0
150.819444444444	0
150.822916666667	0
150.826388888889	0
150.829861111111	0
150.833333333333	0
150.836805555556	0
150.840277777778	0
150.84375	0
150.847222222222	0
150.850694444444	0
150.854166666667	0
150.857638888889	0
150.861111111111	0
150.864583333333	0
150.868055555556	0
150.871527777778	0
150.875	0
150.878472222222	0
150.881944444444	0
150.885416666667	0
150.888888888889	0
150.892361111111	0
150.895833333333	0
150.899305555556	0
150.902777777778	0
150.90625	0
150.909722222222	0
150.913194444444	0
150.916666666667	0
150.920138888889	0
150.923611111111	0
150.927083333333	0
150.930555555556	0
150.934027777778	0
150.9375	0
150.940972222222	0
150.944444444444	0
150.947916666667	0
150.951388888889	0
150.954861111111	0
150.958333333333	0
150.961805555556	0
150.965277777778	0
150.96875	0
150.972222222222	0
150.975694444444	0
150.979166666667	0
150.982638888889	0
150.986111111111	0
150.989583333333	0
150.993055555556	0
150.996527777778	0
151	0
151.003472222222	0
151.006944444444	0
151.010416666667	0
151.013888888889	0
151.017361111111	0
151.020833333333	0
151.024305555556	0
151.027777777778	0
151.03125	0
151.034722222222	0
151.038194444444	0
151.041666666667	0
151.045138888889	0
151.048611111111	0
151.052083333333	0
151.055555555556	0
151.059027777778	0
151.0625	0
151.065972222222	0
151.069444444444	0
151.072916666667	0
151.076388888889	0
151.079861111111	0
151.083333333333	0
151.086805555556	0
151.090277777778	0
151.09375	0
151.097222222222	0
151.100694444444	0
151.104166666667	0
151.107638888889	0
151.111111111111	0
151.114583333333	0
151.118055555556	0
151.121527777778	0
151.125	0
151.128472222222	0
151.131944444444	0
151.135416666667	0
151.138888888889	0
151.142361111111	0
151.145833333333	0
151.149305555556	0
151.152777777778	0
151.15625	0
151.159722222222	0
151.163194444444	0
151.166666666667	0
151.170138888889	0
151.173611111111	0
151.177083333333	0
151.180555555556	0
151.184027777778	0
151.1875	0
151.190972222222	0
151.194444444444	0
151.197916666667	0
151.201388888889	0
151.204861111111	0
151.208333333333	0
151.211805555556	0
151.215277777778	0
151.21875	0
151.222222222222	0
151.225694444444	0
151.229166666667	0
151.232638888889	0
151.236111111111	0
151.239583333333	0
151.243055555556	0
151.246527777778	0
151.25	0
151.253472222222	0
151.256944444444	0
151.260416666667	0
151.263888888889	0
151.267361111111	0
151.270833333333	0
151.274305555556	0
151.277777777778	0
151.28125	0
151.284722222222	0
151.288194444444	0
151.291666666667	0
151.295138888889	0
151.298611111111	0
151.302083333333	0
151.305555555556	0
151.309027777778	0
151.3125	0
151.315972222222	0
151.319444444444	0
151.322916666667	0
151.326388888889	0
151.329861111111	0
151.333333333333	0
151.336805555556	0
151.340277777778	0
151.34375	0
151.347222222222	0
151.350694444444	0
151.354166666667	0
151.357638888889	0
151.361111111111	0
151.364583333333	0
151.368055555556	0
151.371527777778	0
151.375	0
151.378472222222	0
151.381944444444	0
151.385416666667	0
151.388888888889	0
151.392361111111	0
151.395833333333	0
151.399305555556	0
151.402777777778	0
151.40625	0
151.409722222222	0
151.413194444444	0
151.416666666667	0
151.420138888889	0
151.423611111111	0
151.427083333333	0
151.430555555556	0
151.434027777778	0
151.4375	0
151.440972222222	0
151.444444444444	0
151.447916666667	0
151.451388888889	0
151.454861111111	0
151.458333333333	0
151.461805555556	0
151.465277777778	0
151.46875	0
151.472222222222	0
151.475694444444	0
151.479166666667	0
151.482638888889	0
151.486111111111	0
151.489583333333	0
151.493055555556	0
151.496527777778	0
151.5	0
151.503472222222	0
151.506944444444	0
151.510416666667	0
151.513888888889	0
151.517361111111	0
151.520833333333	0
151.524305555556	0
151.527777777778	0
151.53125	0
151.534722222222	0
151.538194444444	0
151.541666666667	0
151.545138888889	0
151.548611111111	0
151.552083333333	0
151.555555555556	0
151.559027777778	0
151.5625	0
151.565972222222	0
151.569444444444	0
151.572916666667	0
151.576388888889	0
151.579861111111	0
151.583333333333	0
151.586805555556	0
151.590277777778	0
151.59375	0
151.597222222222	0
151.600694444444	0
151.604166666667	0
151.607638888889	0
151.611111111111	0
151.614583333333	0
151.618055555556	0
151.621527777778	0
151.625	0
151.628472222222	0
151.631944444444	0
151.635416666667	0
151.638888888889	0
151.642361111111	0
151.645833333333	0
151.649305555556	0
151.652777777778	0
151.65625	0
151.659722222222	0
151.663194444444	0
151.666666666667	0
151.670138888889	0
151.673611111111	0
151.677083333333	0
151.680555555556	0
151.684027777778	0
151.6875	0
151.690972222222	0
151.694444444444	0
151.697916666667	0
151.701388888889	0
151.704861111111	0
151.708333333333	0
151.711805555556	0
151.715277777778	0
151.71875	0
151.722222222222	0
151.725694444444	0
151.729166666667	0
151.732638888889	0
151.736111111111	0
151.739583333333	0
151.743055555556	0
151.746527777778	0
151.75	0
151.753472222222	0
151.756944444444	0
151.760416666667	0
151.763888888889	0
151.767361111111	0
151.770833333333	0
151.774305555556	0
151.777777777778	0
151.78125	0
151.784722222222	0
151.788194444444	0
151.791666666667	0
151.795138888889	0
151.798611111111	0
151.802083333333	0
151.805555555556	0
151.809027777778	0
151.8125	0
151.815972222222	0
151.819444444444	0
151.822916666667	0
151.826388888889	0
151.829861111111	0
151.833333333333	0
151.836805555556	0
151.840277777778	0
151.84375	0
151.847222222222	0
151.850694444444	0
151.854166666667	0
151.857638888889	0
151.861111111111	0
151.864583333333	0
151.868055555556	0
151.871527777778	0
151.875	0
151.878472222222	0
151.881944444444	0
151.885416666667	0
151.888888888889	0
151.892361111111	0
151.895833333333	0
151.899305555556	0
151.902777777778	0
151.90625	0
151.909722222222	0
151.913194444444	0
151.916666666667	0
151.920138888889	0
151.923611111111	0
151.927083333333	0
151.930555555556	0
151.934027777778	0
151.9375	0
151.940972222222	0
151.944444444444	0
151.947916666667	0
151.951388888889	0
151.954861111111	0
151.958333333333	0
151.961805555556	0
151.965277777778	0
151.96875	0
151.972222222222	0
151.975694444444	0
151.979166666667	0
151.982638888889	0
151.986111111111	0
151.989583333333	0
151.993055555556	0
151.996527777778	0
152	0
152.003472222222	0
152.006944444444	0
152.010416666667	0
152.013888888889	0
152.017361111111	0
152.020833333333	0
152.024305555556	0
152.027777777778	0
152.03125	0
152.034722222222	0
152.038194444444	0
152.041666666667	0
152.045138888889	0
152.048611111111	0
152.052083333333	0
152.055555555556	0
152.059027777778	0
152.0625	0
152.065972222222	0
152.069444444444	0
152.072916666667	0
152.076388888889	0
152.079861111111	0
152.083333333333	0
152.086805555556	0
152.090277777778	0
152.09375	0
152.097222222222	0
152.100694444444	0
152.104166666667	0
152.107638888889	0
152.111111111111	0
152.114583333333	0
152.118055555556	0
152.121527777778	0
152.125	0
152.128472222222	0
152.131944444444	0
152.135416666667	0
152.138888888889	0
152.142361111111	0
152.145833333333	0
152.149305555556	0
152.152777777778	0
152.15625	0.2
152.159722222222	0
152.163194444444	0
152.166666666667	0
152.170138888889	0
152.173611111111	0
152.177083333333	0
152.180555555556	0
152.184027777778	0
152.1875	0
152.190972222222	0
152.194444444444	0
152.197916666667	0
152.201388888889	0
152.204861111111	0
152.208333333333	0.2
152.211805555556	0
152.215277777778	0
152.21875	0.2
152.222222222222	0
152.225694444444	0.2
152.229166666667	0.6
152.232638888889	0.2
152.236111111111	0
152.239583333333	0
152.243055555556	0
152.246527777778	0
152.25	0
152.253472222222	0
152.256944444444	0
152.260416666667	0
152.263888888889	0
152.267361111111	0
152.270833333333	0
152.274305555556	0
152.277777777778	0
152.28125	0
152.284722222222	0
152.288194444444	0
152.291666666667	0
152.295138888889	0
152.298611111111	0
152.302083333333	0
152.305555555556	0
152.309027777778	0
152.3125	0
152.315972222222	0
152.319444444444	0
152.322916666667	0
152.326388888889	0
152.329861111111	0.2
152.333333333333	0
152.336805555556	0
152.340277777778	0
152.34375	0.4
152.347222222222	0.2
152.350694444444	0
152.354166666667	0
152.357638888889	0
152.361111111111	0
152.364583333333	0
152.368055555556	0
152.371527777778	0
152.375	0.2
152.378472222222	0
152.381944444444	0.2
152.385416666667	0.2
152.388888888889	0.2
152.392361111111	0
152.395833333333	0.2
152.399305555556	0
152.402777777778	0
152.40625	0.2
152.409722222222	0
152.413194444444	0.2
152.416666666667	0
152.420138888889	0
152.423611111111	0
152.427083333333	0
152.430555555556	0
152.434027777778	0
152.4375	0
152.440972222222	0
152.444444444444	0.2
152.447916666667	0.6
152.451388888889	0.4
152.454861111111	0
152.458333333333	0
152.461805555556	0.2
152.465277777778	0
152.46875	0
152.472222222222	0.4
152.475694444444	0.8
152.479166666667	0.2
152.482638888889	0
152.486111111111	0
152.489583333333	0
152.493055555556	0
152.496527777778	0
152.5	0
152.503472222222	0
152.506944444444	0
152.510416666667	0
152.513888888889	0
152.517361111111	0
152.520833333333	0
152.524305555556	0.4
152.527777777778	0
152.53125	0
152.534722222222	0
152.538194444444	0
152.541666666667	0
152.545138888889	0
152.548611111111	0.2
152.552083333333	0.8
152.555555555556	0.8
152.559027777778	0.2
152.5625	0.2
152.565972222222	0.2
152.569444444444	0
152.572916666667	0
152.576388888889	0
152.579861111111	0
152.583333333333	0
152.586805555556	0.2
152.590277777778	0
152.59375	0
152.597222222222	0
152.600694444444	0
152.604166666667	0
152.607638888889	0
152.611111111111	0
152.614583333333	0
152.618055555556	0
152.621527777778	0
152.625	0
152.628472222222	0
152.631944444444	0
152.635416666667	0
152.638888888889	0
152.642361111111	0.2
152.645833333333	0
152.649305555556	0
152.652777777778	0
152.65625	0
152.659722222222	0
152.663194444444	0
152.666666666667	0
152.670138888889	0
152.673611111111	0
152.677083333333	0
152.680555555556	0
152.684027777778	0
152.6875	0
152.690972222222	0
152.694444444444	0
152.697916666667	0
152.701388888889	0
152.704861111111	0
152.708333333333	0
152.711805555556	0
152.715277777778	0
152.71875	0
152.722222222222	0
152.725694444444	0
152.729166666667	0
152.732638888889	0
152.736111111111	0
152.739583333333	0
152.743055555556	0
152.746527777778	0
152.75	0
152.753472222222	0.2
152.756944444444	0
152.760416666667	0
152.763888888889	0
152.767361111111	0
152.770833333333	0
152.774305555556	0
152.777777777778	0
152.78125	0
152.784722222222	0
152.788194444444	0
152.791666666667	0
152.795138888889	0
152.798611111111	0
152.802083333333	0
152.805555555556	0
152.809027777778	0.2
152.8125	0
152.815972222222	0.2
152.819444444444	0
152.822916666667	0
152.826388888889	0
152.829861111111	0
152.833333333333	0
152.836805555556	0
152.840277777778	0
152.84375	0
152.847222222222	0
152.850694444444	0
152.854166666667	0
152.857638888889	0
152.861111111111	0
152.864583333333	0
152.868055555556	0
152.871527777778	0
152.875	0
152.878472222222	0
152.881944444444	0
152.885416666667	0
152.888888888889	0
152.892361111111	0
152.895833333333	0
152.899305555556	0
152.902777777778	0
152.90625	0
152.909722222222	0
152.913194444444	0
152.916666666667	0
152.920138888889	0
152.923611111111	0
152.927083333333	0
152.930555555556	0
152.934027777778	0
152.9375	0
152.940972222222	0
152.944444444444	0
152.947916666667	0
152.951388888889	0
152.954861111111	0
152.958333333333	0
152.961805555556	0
152.965277777778	0
152.96875	0
152.972222222222	0
152.975694444444	0
152.979166666667	0
152.982638888889	0
152.986111111111	0
152.989583333333	0
152.993055555556	0
152.996527777778	0
153	0
153.003472222222	0
153.006944444444	0
153.010416666667	0
153.013888888889	0
153.017361111111	0
153.020833333333	0
153.024305555556	0
153.027777777778	0
153.03125	0
153.034722222222	0
153.038194444444	0
153.041666666667	0
153.045138888889	0
153.048611111111	0
153.052083333333	0.2
153.055555555556	0
153.059027777778	0
153.0625	0
153.065972222222	0
153.069444444444	0
153.072916666667	0
153.076388888889	0
153.079861111111	0
153.083333333333	0
153.086805555556	0
153.090277777778	0
153.09375	0
153.097222222222	0
153.100694444444	0
153.104166666667	0
153.107638888889	0
153.111111111111	0
153.114583333333	0
153.118055555556	0
153.121527777778	0
153.125	0
153.128472222222	0
153.131944444444	0
153.135416666667	0
153.138888888889	0
153.142361111111	0
153.145833333333	0
153.149305555556	0
153.152777777778	0
153.15625	0
153.159722222222	0
153.163194444444	0
153.166666666667	0
153.170138888889	0
153.173611111111	0
153.177083333333	0
153.180555555556	0
153.184027777778	0
153.1875	0
153.190972222222	0
153.194444444444	0
153.197916666667	0
153.201388888889	0
153.204861111111	0
153.208333333333	0
153.211805555556	0
153.215277777778	0
153.21875	0
153.222222222222	0
153.225694444444	0
153.229166666667	0
153.232638888889	0
153.236111111111	0
153.239583333333	0
153.243055555556	0
153.246527777778	0
153.25	0
153.253472222222	0
153.256944444444	0
153.260416666667	0
153.263888888889	0
153.267361111111	0
153.270833333333	0
153.274305555556	0
153.277777777778	0
153.28125	0
153.284722222222	0
153.288194444444	0
153.291666666667	0
153.295138888889	0
153.298611111111	0
153.302083333333	0
153.305555555556	0
153.309027777778	0
153.3125	0
153.315972222222	0
153.319444444444	0
153.322916666667	0
153.326388888889	0
153.329861111111	0
153.333333333333	0
153.336805555556	0
153.340277777778	0
153.34375	0
153.347222222222	0
153.350694444444	0
153.354166666667	0
153.357638888889	0
153.361111111111	0
153.364583333333	0
153.368055555556	0
153.371527777778	0
153.375	0
153.378472222222	0
153.381944444444	0
153.385416666667	0
153.388888888889	0
153.392361111111	0
153.395833333333	0
153.399305555556	0
153.402777777778	0
153.40625	0
153.409722222222	0
153.413194444444	0
153.416666666667	0
153.420138888889	0.2
153.423611111111	0
153.427083333333	0
153.430555555556	0.2
153.434027777778	0
153.4375	0
153.440972222222	0
153.444444444444	0
153.447916666667	0
153.451388888889	0
153.454861111111	0
153.458333333333	0
153.461805555556	0
153.465277777778	0
153.46875	0
153.472222222222	0
153.475694444444	0
153.479166666667	0
153.482638888889	0
153.486111111111	0
153.489583333333	0
153.493055555556	0
153.496527777778	0
153.5	0
153.503472222222	0
153.506944444444	0
153.510416666667	0
153.513888888889	0
153.517361111111	0
153.520833333333	0
153.524305555556	0
153.527777777778	0
153.53125	0
153.534722222222	0
153.538194444444	0
153.541666666667	0
153.545138888889	0
153.548611111111	0
153.552083333333	0
153.555555555556	0
153.559027777778	0
153.5625	0
153.565972222222	0
153.569444444444	0
153.572916666667	0
153.576388888889	0
153.579861111111	0
153.583333333333	0
153.586805555556	0
153.590277777778	0
153.59375	0
153.597222222222	0
153.600694444444	0
153.604166666667	0
153.607638888889	0
153.611111111111	0
153.614583333333	0
153.618055555556	0
153.621527777778	0
153.625	0
153.628472222222	0
153.631944444444	0
153.635416666667	0
153.638888888889	0
153.642361111111	0
153.645833333333	0
153.649305555556	0
153.652777777778	0
153.65625	0
153.659722222222	0
153.663194444444	0
153.666666666667	0
153.670138888889	0
153.673611111111	0
153.677083333333	0
153.680555555556	0
153.684027777778	0
153.6875	0
153.690972222222	0
153.694444444444	0
153.697916666667	0
153.701388888889	0
153.704861111111	0
153.708333333333	0
153.711805555556	0
153.715277777778	0
153.71875	0
153.722222222222	0
153.725694444444	0
153.729166666667	0
153.732638888889	0
153.736111111111	0
153.739583333333	0
153.743055555556	0
153.746527777778	0
153.75	0
153.753472222222	0
153.756944444444	0
153.760416666667	0
153.763888888889	0
153.767361111111	0
153.770833333333	0
153.774305555556	0
153.777777777778	0
153.78125	0
153.784722222222	0
153.788194444444	0
153.791666666667	0
153.795138888889	0
153.798611111111	0
153.802083333333	0
153.805555555556	0
153.809027777778	0
153.8125	0
153.815972222222	0
153.819444444444	0
153.822916666667	0
153.826388888889	0
153.829861111111	0
153.833333333333	0
153.836805555556	0
153.840277777778	0
153.84375	0
153.847222222222	0
153.850694444444	0
153.854166666667	0
153.857638888889	0
153.861111111111	0
153.864583333333	0
153.868055555556	0
153.871527777778	0
153.875	0
153.878472222222	0
153.881944444444	0
153.885416666667	0
153.888888888889	0
153.892361111111	0
153.895833333333	0
153.899305555556	0
153.902777777778	0
153.90625	0
153.909722222222	0
153.913194444444	0
153.916666666667	0
153.920138888889	0
153.923611111111	0
153.927083333333	0
153.930555555556	0
153.934027777778	0
153.9375	0
153.940972222222	0.2
153.944444444444	0.2
153.947916666667	0.4
153.951388888889	0.2
153.954861111111	0.2
153.958333333333	0.4
153.961805555556	0.6
153.965277777778	0.6
153.96875	0.2
153.972222222222	0.6
153.975694444444	0.4
153.979166666667	0.6
153.982638888889	1
153.986111111111	0.6
153.989583333333	0.6
153.993055555556	0.4
153.996527777778	0.6
154	0.2
154.003472222222	0.4
154.006944444444	0.4
154.010416666667	0.2
154.013888888889	0.2
154.017361111111	0
154.020833333333	0
154.024305555556	0.2
154.027777777778	0
154.03125	0
154.034722222222	0
154.038194444444	0.2
154.041666666667	0
154.045138888889	0
154.048611111111	0
154.052083333333	0
154.055555555556	0
154.059027777778	0
154.0625	0
154.065972222222	0.2
154.069444444444	0
154.072916666667	0
154.076388888889	0
154.079861111111	0
154.083333333333	0
154.086805555556	0
154.090277777778	0
154.09375	0
154.097222222222	0
154.100694444444	0
154.104166666667	0
154.107638888889	0
154.111111111111	0
154.114583333333	0
154.118055555556	0
154.121527777778	0
154.125	0
154.128472222222	0.2
154.131944444444	0.6
154.135416666667	0.2
154.138888888889	0
154.142361111111	0
154.145833333333	0
154.149305555556	0
154.152777777778	0
154.15625	0
154.159722222222	0
154.163194444444	0
154.166666666667	0
154.170138888889	0
154.173611111111	0
154.177083333333	0
154.180555555556	0
154.184027777778	0
154.1875	0
154.190972222222	0
154.194444444444	0
154.197916666667	0
154.201388888889	0
154.204861111111	0
154.208333333333	0
154.211805555556	0
154.215277777778	0
154.21875	0
154.222222222222	0
154.225694444444	0
154.229166666667	0
154.232638888889	0
154.236111111111	0
154.239583333333	0
154.243055555556	0
154.246527777778	0
154.25	0
154.253472222222	0
154.256944444444	0
154.260416666667	0
154.263888888889	0
154.267361111111	0
154.270833333333	0
154.274305555556	0
154.277777777778	0
154.28125	0
154.284722222222	0
154.288194444444	0
154.291666666667	0
154.295138888889	0
154.298611111111	0
154.302083333333	0
154.305555555556	0
154.309027777778	0
154.3125	0
154.315972222222	0
154.319444444444	0
154.322916666667	0
154.326388888889	0
154.329861111111	0
154.333333333333	0
154.336805555556	0
154.340277777778	0
154.34375	0
154.347222222222	0
154.350694444444	0
154.354166666667	0
154.357638888889	0
154.361111111111	0
154.364583333333	0
154.368055555556	0
154.371527777778	0
154.375	0
154.378472222222	0
154.381944444444	0
154.385416666667	0
154.388888888889	0
154.392361111111	0
154.395833333333	0
154.399305555556	0
154.402777777778	0
154.40625	0
154.409722222222	0
154.413194444444	0
154.416666666667	0
154.420138888889	0
154.423611111111	0
154.427083333333	0
154.430555555556	0
154.434027777778	0
154.4375	0
154.440972222222	0
154.444444444444	0
154.447916666667	0
154.451388888889	0
154.454861111111	0
154.458333333333	0
154.461805555556	0
154.465277777778	0
154.46875	0
154.472222222222	0
154.475694444444	0
154.479166666667	0
154.482638888889	0
154.486111111111	0
154.489583333333	0
154.493055555556	0
154.496527777778	0
154.5	0
154.503472222222	0
154.506944444444	0
154.510416666667	0
154.513888888889	0
154.517361111111	0
154.520833333333	0
154.524305555556	0
154.527777777778	0
154.53125	0
154.534722222222	0
154.538194444444	0
154.541666666667	0
154.545138888889	0
154.548611111111	0
154.552083333333	0
154.555555555556	0
154.559027777778	0
154.5625	0
154.565972222222	0
154.569444444444	0
154.572916666667	0
154.576388888889	0
154.579861111111	0
154.583333333333	0
154.586805555556	0
154.590277777778	0
154.59375	0
154.597222222222	0
154.600694444444	0
154.604166666667	0
154.607638888889	0
154.611111111111	0
154.614583333333	0
154.618055555556	0
154.621527777778	0
154.625	0
154.628472222222	0
154.631944444444	0
154.635416666667	0
154.638888888889	0
154.642361111111	0
154.645833333333	0
154.649305555556	0
154.652777777778	0
154.65625	0
154.659722222222	0
154.663194444444	0
154.666666666667	0
154.670138888889	0
154.673611111111	0
154.677083333333	0
154.680555555556	0
154.684027777778	0
154.6875	0
154.690972222222	0
154.694444444444	0
154.697916666667	0
154.701388888889	0
154.704861111111	0
154.708333333333	0
154.711805555556	0
154.715277777778	0
154.71875	0
154.722222222222	0
154.725694444444	0
154.729166666667	0
154.732638888889	0
154.736111111111	0
154.739583333333	0
154.743055555556	0
154.746527777778	0
154.75	0
154.753472222222	0
154.756944444444	0
154.760416666667	0
154.763888888889	0
154.767361111111	0
154.770833333333	0
154.774305555556	0
154.777777777778	0.2
154.78125	0
154.784722222222	0
154.788194444444	0.2
154.791666666667	0
154.795138888889	0
154.798611111111	0
154.802083333333	0
154.805555555556	0
154.809027777778	0.2
154.8125	0
154.815972222222	0.2
154.819444444444	0
154.822916666667	0
154.826388888889	0.2
154.829861111111	0
154.833333333333	0.2
154.836805555556	0
154.840277777778	0
154.84375	0.2
154.847222222222	0
154.850694444444	0.2
154.854166666667	0
154.857638888889	0
154.861111111111	0.2
154.864583333333	0
154.868055555556	0.2
154.871527777778	0
154.875	0.2
154.878472222222	0
154.881944444444	0.2
154.885416666667	0
154.888888888889	0.2
154.892361111111	0
154.895833333333	0.2
154.899305555556	0.2
154.902777777778	0
154.90625	0.2
154.909722222222	0
154.913194444444	0.2
154.916666666667	0
154.920138888889	0.2
154.923611111111	0
154.927083333333	0.2
154.930555555556	0.2
154.934027777778	0
154.9375	0.2
154.940972222222	0.2
154.944444444444	0.2
154.947916666667	0.2
154.951388888889	0
154.954861111111	0.2
154.958333333333	0.2
154.961805555556	0.2
154.965277777778	0.2
154.96875	0.4
154.972222222222	0
154.975694444444	0.4
154.979166666667	0
154.982638888889	0.2
154.986111111111	0.2
154.989583333333	0
154.993055555556	0.2
154.996527777778	0.2
155	0
155.003472222222	0.2
155.006944444444	0
155.010416666667	0.2
155.013888888889	0
155.017361111111	0
155.020833333333	0
155.024305555556	0.2
155.027777777778	0
155.03125	0.2
155.034722222222	0
155.038194444444	0
155.041666666667	0
155.045138888889	0
155.048611111111	0
155.052083333333	0
155.055555555556	0
155.059027777778	0
155.0625	0.2
155.065972222222	0
155.069444444444	0
155.072916666667	0
155.076388888889	0
155.079861111111	0.2
155.083333333333	0.2
155.086805555556	0.2
155.090277777778	0.4
155.09375	0
155.097222222222	0.2
155.100694444444	0
155.104166666667	0.2
155.107638888889	0
155.111111111111	0
155.114583333333	0
155.118055555556	0
155.121527777778	0
155.125	0
155.128472222222	0
155.131944444444	0
155.135416666667	0
155.138888888889	0
155.142361111111	0
155.145833333333	0
155.149305555556	0.2
155.152777777778	0
155.15625	0
155.159722222222	0
155.163194444444	0.6
155.166666666667	0.8
155.170138888889	1
155.173611111111	0.8
155.177083333333	0.2
155.180555555556	0.2
155.184027777778	0.2
155.1875	0.2
155.190972222222	0.2
155.194444444444	0
155.197916666667	0.2
155.201388888889	0
155.204861111111	0.2
155.208333333333	0
155.211805555556	0
155.215277777778	0.2
155.21875	0.2
155.222222222222	0.4
155.225694444444	0.4
155.229166666667	0.2
155.232638888889	0.4
155.236111111111	0.2
155.239583333333	0.4
155.243055555556	0.2
155.246527777778	0.2
155.25	0.2
155.253472222222	0.4
155.256944444444	0.2
155.260416666667	0.2
155.263888888889	0.2
155.267361111111	0.2
155.270833333333	0.2
155.274305555556	0.4
155.277777777778	0.2
155.28125	0.2
155.284722222222	0.4
155.288194444444	0.2
155.291666666667	0.2
155.295138888889	0.2
155.298611111111	0.2
155.302083333333	0
155.305555555556	0
155.309027777778	0.2
155.3125	0
155.315972222222	0
155.319444444444	0
155.322916666667	0.2
155.326388888889	0
155.329861111111	0
155.333333333333	0
155.336805555556	0
155.340277777778	0
155.34375	0
155.347222222222	0
155.350694444444	0
155.354166666667	0
155.357638888889	0
155.361111111111	0
155.364583333333	0
155.368055555556	0
155.371527777778	0
155.375	0
155.378472222222	0
155.381944444444	0
155.385416666667	0
155.388888888889	0
155.392361111111	0
155.395833333333	0
155.399305555556	0
155.402777777778	0
155.40625	0
155.409722222222	0
155.413194444444	0
155.416666666667	0
155.420138888889	0
155.423611111111	0
155.427083333333	0
155.430555555556	0
155.434027777778	0
155.4375	0
155.440972222222	0
155.444444444444	0
155.447916666667	0
155.451388888889	0
155.454861111111	0
155.458333333333	0
155.461805555556	0
155.465277777778	0
155.46875	0
155.472222222222	0
155.475694444444	0
155.479166666667	0
155.482638888889	0
155.486111111111	0
155.489583333333	0
155.493055555556	0
155.496527777778	0
155.5	0
155.503472222222	0
155.506944444444	0
155.510416666667	0
155.513888888889	0
155.517361111111	0
155.520833333333	0
155.524305555556	0.2
155.527777777778	0
155.53125	0
155.534722222222	0
155.538194444444	0
155.541666666667	0
155.545138888889	0
155.548611111111	0
155.552083333333	0
155.555555555556	0
155.559027777778	0
155.5625	0
155.565972222222	0
155.569444444444	0
155.572916666667	0
155.576388888889	0
155.579861111111	0
155.583333333333	0
155.586805555556	0
155.590277777778	0
155.59375	0
155.597222222222	0
155.600694444444	0.2
155.604166666667	0
155.607638888889	0
155.611111111111	0
155.614583333333	0
155.618055555556	0
155.621527777778	0
155.625	0
155.628472222222	0
155.631944444444	0
155.635416666667	0
155.638888888889	0
155.642361111111	0
155.645833333333	0
155.649305555556	0
155.652777777778	0
155.65625	0
155.659722222222	0
155.663194444444	0
155.666666666667	0
155.670138888889	0
155.673611111111	0
155.677083333333	0
155.680555555556	0
155.684027777778	0
155.6875	0
155.690972222222	0
155.694444444444	0
155.697916666667	0
155.701388888889	0
155.704861111111	0
155.708333333333	0
155.711805555556	0
155.715277777778	0
155.71875	0
155.722222222222	0
155.725694444444	0
155.729166666667	0
155.732638888889	0
155.736111111111	0
155.739583333333	0
155.743055555556	0
155.746527777778	0
155.75	0
155.753472222222	0
155.756944444444	0
155.760416666667	0
155.763888888889	0
155.767361111111	0
155.770833333333	0
155.774305555556	0
155.777777777778	0
155.78125	0
155.784722222222	0
155.788194444444	0
155.791666666667	0
155.795138888889	0
155.798611111111	0
155.802083333333	0
155.805555555556	0
155.809027777778	0
155.8125	0
155.815972222222	0
155.819444444444	0
155.822916666667	0
155.826388888889	0
155.829861111111	0
155.833333333333	0
155.836805555556	0
155.840277777778	0
155.84375	0
155.847222222222	0
155.850694444444	0
155.854166666667	0
155.857638888889	0
155.861111111111	0
155.864583333333	0
155.868055555556	0
155.871527777778	0
155.875	0
155.878472222222	0
155.881944444444	0
155.885416666667	0
155.888888888889	0
155.892361111111	0
155.895833333333	0
155.899305555556	0
155.902777777778	0
155.90625	0
155.909722222222	0
155.913194444444	0
155.916666666667	0
155.920138888889	0
155.923611111111	0
155.927083333333	0
155.930555555556	0
155.934027777778	0
155.9375	0
155.940972222222	0
155.944444444444	0
155.947916666667	0
155.951388888889	0
155.954861111111	0
155.958333333333	0
155.961805555556	0
155.965277777778	0
155.96875	0
155.972222222222	0
155.975694444444	0
155.979166666667	0
155.982638888889	0
155.986111111111	0
155.989583333333	0
155.993055555556	0
155.996527777778	0
156	0
156.003472222222	0
156.006944444444	0
156.010416666667	0
156.013888888889	0
156.017361111111	0
156.020833333333	0
156.024305555556	0
156.027777777778	0
156.03125	0
156.034722222222	0
156.038194444444	0
156.041666666667	0
156.045138888889	0
156.048611111111	0
156.052083333333	0
156.055555555556	0
156.059027777778	0
156.0625	0
156.065972222222	0
156.069444444444	0
156.072916666667	0
156.076388888889	0
156.079861111111	0
156.083333333333	0
156.086805555556	0
156.090277777778	0
156.09375	0
156.097222222222	0
156.100694444444	0
156.104166666667	0
156.107638888889	0
156.111111111111	0
156.114583333333	0
156.118055555556	0
156.121527777778	0
156.125	0
156.128472222222	0
156.131944444444	0
156.135416666667	0
156.138888888889	0
156.142361111111	0
156.145833333333	0
156.149305555556	0
156.152777777778	0
156.15625	0
156.159722222222	0
156.163194444444	0
156.166666666667	0
156.170138888889	0
156.173611111111	0
156.177083333333	0
156.180555555556	0
156.184027777778	0
156.1875	0
156.190972222222	0
156.194444444444	0
156.197916666667	0
156.201388888889	0
156.204861111111	0
156.208333333333	0
156.211805555556	0
156.215277777778	0
156.21875	0
156.222222222222	0
156.225694444444	0
156.229166666667	0
156.232638888889	0
156.236111111111	0
156.239583333333	0
156.243055555556	0
156.246527777778	0
156.25	0
156.253472222222	0
156.256944444444	0
156.260416666667	0
156.263888888889	0
156.267361111111	0
156.270833333333	0
156.274305555556	0
156.277777777778	0
156.28125	0
156.284722222222	0
156.288194444444	0
156.291666666667	0
156.295138888889	0
156.298611111111	0
156.302083333333	0
156.305555555556	0
156.309027777778	0
156.3125	0
156.315972222222	0
156.319444444444	0
156.322916666667	0
156.326388888889	0
156.329861111111	0
156.333333333333	0
156.336805555556	0
156.340277777778	0
156.34375	0
156.347222222222	0
156.350694444444	0
156.354166666667	0
156.357638888889	0
156.361111111111	0
156.364583333333	0
156.368055555556	0
156.371527777778	0
156.375	0
156.378472222222	0
156.381944444444	0
156.385416666667	0
156.388888888889	0
156.392361111111	0
156.395833333333	0
156.399305555556	0
156.402777777778	0
156.40625	0
156.409722222222	0
156.413194444444	0
156.416666666667	0
156.420138888889	0
156.423611111111	0
156.427083333333	0
156.430555555556	0
156.434027777778	0
156.4375	0
156.440972222222	0
156.444444444444	0
156.447916666667	0
156.451388888889	0
156.454861111111	0
156.458333333333	0
156.461805555556	0
156.465277777778	0
156.46875	0
156.472222222222	0
156.475694444444	0
156.479166666667	0
156.482638888889	0
156.486111111111	0
156.489583333333	0
156.493055555556	0
156.496527777778	0
156.5	0
156.503472222222	0
156.506944444444	0
156.510416666667	0
156.513888888889	0
156.517361111111	0
156.520833333333	0
156.524305555556	0
156.527777777778	0
156.53125	0
156.534722222222	0
156.538194444444	0
156.541666666667	0.2
156.545138888889	0
156.548611111111	0
156.552083333333	0
156.555555555556	0
156.559027777778	0
156.5625	0
156.565972222222	0
156.569444444444	0
156.572916666667	0
156.576388888889	0
156.579861111111	0
156.583333333333	0
156.586805555556	0
156.590277777778	0
156.59375	0
156.597222222222	0
156.600694444444	0
156.604166666667	0
156.607638888889	0
156.611111111111	0
156.614583333333	0
156.618055555556	0
156.621527777778	0
156.625	0
156.628472222222	0
156.631944444444	0
156.635416666667	0
156.638888888889	0
156.642361111111	0
156.645833333333	0
156.649305555556	0
156.652777777778	0
156.65625	0
156.659722222222	0
156.663194444444	0.2
156.666666666667	0
156.670138888889	0
156.673611111111	0.2
156.677083333333	0
156.680555555556	0.2
156.684027777778	0
156.6875	0
156.690972222222	0
156.694444444444	0
156.697916666667	0
156.701388888889	0
156.704861111111	0
156.708333333333	0
156.711805555556	0
156.715277777778	0
156.71875	0.2
156.722222222222	0
156.725694444444	0
156.729166666667	0.2
156.732638888889	0
156.736111111111	0
156.739583333333	0
156.743055555556	0.2
156.746527777778	0
156.75	0
156.753472222222	0.2
156.756944444444	0
156.760416666667	0
156.763888888889	0
156.767361111111	0
156.770833333333	0.2
156.774305555556	0
156.777777777778	0.2
156.78125	0
156.784722222222	0
156.788194444444	0
156.791666666667	0
156.795138888889	0
156.798611111111	0
156.802083333333	0
156.805555555556	0.2
156.809027777778	0
156.8125	0
156.815972222222	0
156.819444444444	0
156.822916666667	0.2
156.826388888889	0
156.829861111111	0
156.833333333333	0
156.836805555556	0
156.840277777778	0
156.84375	0
156.847222222222	0
156.850694444444	0
156.854166666667	0
156.857638888889	0
156.861111111111	0
156.864583333333	0
156.868055555556	0
156.871527777778	0
156.875	0
156.878472222222	0
156.881944444444	0
156.885416666667	0
156.888888888889	0
156.892361111111	0
156.895833333333	0
156.899305555556	0
156.902777777778	0
156.90625	0
156.909722222222	0
156.913194444444	0
156.916666666667	0
156.920138888889	0
156.923611111111	0
156.927083333333	0
156.930555555556	0
156.934027777778	0
156.9375	0
156.940972222222	0
156.944444444444	0
156.947916666667	0
156.951388888889	0
156.954861111111	0
156.958333333333	0
156.961805555556	0
156.965277777778	0
156.96875	0
156.972222222222	0
156.975694444444	0
156.979166666667	0
156.982638888889	0
156.986111111111	0
156.989583333333	0
156.993055555556	0
156.996527777778	0
157	0
157.003472222222	0
157.006944444444	0
157.010416666667	0
157.013888888889	0
157.017361111111	0
157.020833333333	0
157.024305555556	0
157.027777777778	0
157.03125	0
157.034722222222	0
157.038194444444	0
157.041666666667	0
157.045138888889	0
157.048611111111	0
157.052083333333	0
157.055555555556	0
157.059027777778	0
157.0625	0
157.065972222222	0
157.069444444444	0
157.072916666667	0
157.076388888889	0
157.079861111111	0
157.083333333333	0
157.086805555556	0
157.090277777778	0
157.09375	0
157.097222222222	0
157.100694444444	0
157.104166666667	0
157.107638888889	0
157.111111111111	0
157.114583333333	0
157.118055555556	0
157.121527777778	0
157.125	0
157.128472222222	0
157.131944444444	0
157.135416666667	0
157.138888888889	0
157.142361111111	0
157.145833333333	0
157.149305555556	0
157.152777777778	0
157.15625	0
157.159722222222	0
157.163194444444	0
157.166666666667	0
157.170138888889	0
157.173611111111	0
157.177083333333	0
157.180555555556	0
157.184027777778	0
157.1875	0
157.190972222222	0
157.194444444444	0
157.197916666667	0
157.201388888889	0
157.204861111111	0
157.208333333333	0
157.211805555556	0
157.215277777778	0
157.21875	0
157.222222222222	0
157.225694444444	0
157.229166666667	0
157.232638888889	0
157.236111111111	0
157.239583333333	0
157.243055555556	0
157.246527777778	0
157.25	0
157.253472222222	0
157.256944444444	0
157.260416666667	0
157.263888888889	0
157.267361111111	0
157.270833333333	0
157.274305555556	0
157.277777777778	0
157.28125	0
157.284722222222	0
157.288194444444	0
157.291666666667	0
157.295138888889	0
157.298611111111	0
157.302083333333	0
157.305555555556	0
157.309027777778	0
157.3125	0
157.315972222222	0
157.319444444444	0
157.322916666667	0
157.326388888889	0
157.329861111111	0
157.333333333333	0
157.336805555556	0
157.340277777778	0
157.34375	0
157.347222222222	0
157.350694444444	0
157.354166666667	0
157.357638888889	0
157.361111111111	0
157.364583333333	0
157.368055555556	0
157.371527777778	0
157.375	0
157.378472222222	0
157.381944444444	0
157.385416666667	0
157.388888888889	0
157.392361111111	0
157.395833333333	0
157.399305555556	0
157.402777777778	0
157.40625	0
157.409722222222	0
157.413194444444	0
157.416666666667	0
157.420138888889	0
157.423611111111	0
157.427083333333	0
157.430555555556	0
157.434027777778	0
157.4375	0
157.440972222222	0
157.444444444444	0
157.447916666667	0
157.451388888889	0
157.454861111111	0
157.458333333333	0.2
157.461805555556	0
157.465277777778	0
157.46875	0
157.472222222222	0
157.475694444444	0
157.479166666667	0
157.482638888889	0
157.486111111111	0
157.489583333333	0
157.493055555556	0
157.496527777778	0
157.5	0
157.503472222222	0
157.506944444444	0
157.510416666667	0
157.513888888889	0
157.517361111111	0
157.520833333333	0
157.524305555556	0
157.527777777778	0
157.53125	0
157.534722222222	0
157.538194444444	0
157.541666666667	0
157.545138888889	0
157.548611111111	0
157.552083333333	0
157.555555555556	0
157.559027777778	0
157.5625	0.2
157.565972222222	0
157.569444444444	0
157.572916666667	0
157.576388888889	0
157.579861111111	0
157.583333333333	0
157.586805555556	0
157.590277777778	0.2
157.59375	0
157.597222222222	0
157.600694444444	0
157.604166666667	0
157.607638888889	0
157.611111111111	0
157.614583333333	0
157.618055555556	0
157.621527777778	0
157.625	0
157.628472222222	0
157.631944444444	0
157.635416666667	0
157.638888888889	0
157.642361111111	0
157.645833333333	0.2
157.649305555556	0
157.652777777778	0
157.65625	0
157.659722222222	0
157.663194444444	0
157.666666666667	0
157.670138888889	0
157.673611111111	0
157.677083333333	0
157.680555555556	0
157.684027777778	0
157.6875	0
157.690972222222	0
157.694444444444	0
157.697916666667	0
157.701388888889	0
157.704861111111	0
157.708333333333	0
157.711805555556	0
157.715277777778	0
157.71875	0
157.722222222222	0
157.725694444444	0
157.729166666667	0
157.732638888889	0
157.736111111111	0
157.739583333333	0
157.743055555556	0
157.746527777778	0
157.75	0
157.753472222222	0
157.756944444444	0
157.760416666667	0
157.763888888889	0
157.767361111111	0
157.770833333333	0
157.774305555556	0
157.777777777778	0
157.78125	0
157.784722222222	0
157.788194444444	0
157.791666666667	0
157.795138888889	0
157.798611111111	0
157.802083333333	0
157.805555555556	0
157.809027777778	0
157.8125	0
157.815972222222	0
157.819444444444	0
157.822916666667	0
157.826388888889	0
157.829861111111	0
157.833333333333	0
157.836805555556	0
157.840277777778	0
157.84375	0
157.847222222222	0
157.850694444444	0
157.854166666667	0
157.857638888889	0.2
157.861111111111	0
157.864583333333	0
157.868055555556	0
157.871527777778	0
157.875	0
157.878472222222	0.2
157.881944444444	0
157.885416666667	0
157.888888888889	0
157.892361111111	0
157.895833333333	0
157.899305555556	0
157.902777777778	0
157.90625	0
157.909722222222	0
157.913194444444	0
157.916666666667	0
157.920138888889	0
157.923611111111	0
157.927083333333	0
157.930555555556	0
157.934027777778	0
157.9375	0
157.940972222222	0
157.944444444444	0
157.947916666667	0
157.951388888889	0
157.954861111111	0
157.958333333333	0
157.961805555556	0
157.965277777778	0
157.96875	0
157.972222222222	0
157.975694444444	0
157.979166666667	0
157.982638888889	0
157.986111111111	0
157.989583333333	0
157.993055555556	0
157.996527777778	0
158	0
158.003472222222	0
158.006944444444	0
158.010416666667	0
158.013888888889	0
158.017361111111	0
158.020833333333	0
158.024305555556	0
158.027777777778	0
158.03125	0
158.034722222222	0
158.038194444444	0
158.041666666667	0
158.045138888889	0
158.048611111111	0
158.052083333333	0
158.055555555556	0
158.059027777778	0
158.0625	0
158.065972222222	0
158.069444444444	0
158.072916666667	0
158.076388888889	0
158.079861111111	0
158.083333333333	0
158.086805555556	0
158.090277777778	0
158.09375	0
158.097222222222	0
158.100694444444	0
158.104166666667	0
158.107638888889	0
158.111111111111	0
158.114583333333	0
158.118055555556	0
158.121527777778	0
158.125	0
158.128472222222	0
158.131944444444	0
158.135416666667	0
158.138888888889	0
158.142361111111	0
158.145833333333	0
158.149305555556	0
158.152777777778	0
158.15625	0
158.159722222222	0
158.163194444444	0
158.166666666667	0
158.170138888889	0
158.173611111111	0
158.177083333333	0
158.180555555556	0
158.184027777778	0
158.1875	0
158.190972222222	0
158.194444444444	0
158.197916666667	0
158.201388888889	0
158.204861111111	0
158.208333333333	0
158.211805555556	0
158.215277777778	0
158.21875	0
158.222222222222	0
158.225694444444	0
158.229166666667	0
158.232638888889	0
158.236111111111	0
158.239583333333	0
158.243055555556	0
158.246527777778	0
158.25	0
158.253472222222	0
158.256944444444	0
158.260416666667	0
158.263888888889	0
158.267361111111	0
158.270833333333	0
158.274305555556	0
158.277777777778	0
158.28125	0
158.284722222222	0
158.288194444444	0
158.291666666667	0
158.295138888889	0
158.298611111111	0
158.302083333333	0
158.305555555556	0
158.309027777778	0
158.3125	0
158.315972222222	0
158.319444444444	0
158.322916666667	0
158.326388888889	0
158.329861111111	0
158.333333333333	0
158.336805555556	0
158.340277777778	0
158.34375	0
158.347222222222	0
158.350694444444	0
158.354166666667	0
158.357638888889	0
158.361111111111	0
158.364583333333	0
158.368055555556	0
158.371527777778	0
158.375	0
158.378472222222	0
158.381944444444	0
158.385416666667	0
158.388888888889	0
158.392361111111	0
158.395833333333	0
158.399305555556	0
158.402777777778	0
158.40625	0
158.409722222222	0
158.413194444444	0
158.416666666667	0
158.420138888889	0
158.423611111111	0
158.427083333333	0
158.430555555556	0
158.434027777778	0
158.4375	0
158.440972222222	0
158.444444444444	0
158.447916666667	0
158.451388888889	0
158.454861111111	0
158.458333333333	0
158.461805555556	0
158.465277777778	0
158.46875	0
158.472222222222	0
158.475694444444	0
158.479166666667	0
158.482638888889	0
158.486111111111	0
158.489583333333	0
158.493055555556	0
158.496527777778	0
158.5	0
158.503472222222	0
158.506944444444	0
158.510416666667	0
158.513888888889	0
158.517361111111	0
158.520833333333	0
158.524305555556	0
158.527777777778	0
158.53125	0
158.534722222222	0
158.538194444444	0
158.541666666667	0
158.545138888889	0
158.548611111111	0
158.552083333333	0
158.555555555556	0
158.559027777778	0
158.5625	0
158.565972222222	0
158.569444444444	0
158.572916666667	0
158.576388888889	0
158.579861111111	0
158.583333333333	0
158.586805555556	0
158.590277777778	0
158.59375	0
158.597222222222	0
158.600694444444	0
158.604166666667	0
158.607638888889	0
158.611111111111	0
158.614583333333	0
158.618055555556	0
158.621527777778	0
158.625	0
158.628472222222	0
158.631944444444	0
158.635416666667	0
158.638888888889	0
158.642361111111	0
158.645833333333	0
158.649305555556	0
158.652777777778	0
158.65625	0
158.659722222222	0
158.663194444444	0
158.666666666667	0
158.670138888889	0
158.673611111111	0
158.677083333333	0
158.680555555556	0
158.684027777778	0
158.6875	0
158.690972222222	0
158.694444444444	0
158.697916666667	0
158.701388888889	0
158.704861111111	0
158.708333333333	0
158.711805555556	0
158.715277777778	0
158.71875	0
158.722222222222	0
158.725694444444	0
158.729166666667	0
158.732638888889	0
158.736111111111	0
158.739583333333	0
158.743055555556	0
158.746527777778	0
158.75	0
158.753472222222	0
158.756944444444	0
158.760416666667	0
158.763888888889	0
158.767361111111	0
158.770833333333	0
158.774305555556	0
158.777777777778	0
158.78125	0
158.784722222222	0
158.788194444444	0
158.791666666667	0
158.795138888889	0
158.798611111111	0
158.802083333333	0
158.805555555556	0
158.809027777778	0
158.8125	0
158.815972222222	0
158.819444444444	0
158.822916666667	0
158.826388888889	0
158.829861111111	0
158.833333333333	0
158.836805555556	0
158.840277777778	0
158.84375	0
158.847222222222	0
158.850694444444	0
158.854166666667	0
158.857638888889	0
158.861111111111	0
158.864583333333	0
158.868055555556	0
158.871527777778	0
158.875	0
158.878472222222	0
158.881944444444	0
158.885416666667	0
158.888888888889	0
158.892361111111	0
158.895833333333	0
158.899305555556	0
158.902777777778	0
158.90625	0
158.909722222222	0
158.913194444444	0
158.916666666667	0
158.920138888889	0
158.923611111111	0
158.927083333333	0
158.930555555556	0
158.934027777778	0
158.9375	0
158.940972222222	0
158.944444444444	0
158.947916666667	0
158.951388888889	0
158.954861111111	0
158.958333333333	0
158.961805555556	0
158.965277777778	0
158.96875	0
158.972222222222	0
158.975694444444	0
158.979166666667	0
158.982638888889	0
158.986111111111	0
158.989583333333	0
158.993055555556	0
158.996527777778	0
159	0
159.003472222222	0
159.006944444444	0
159.010416666667	0
159.013888888889	0
159.017361111111	0
159.020833333333	0
159.024305555556	0
159.027777777778	0
159.03125	0
159.034722222222	0
159.038194444444	0
159.041666666667	0
159.045138888889	0
159.048611111111	0
159.052083333333	0
159.055555555556	0
159.059027777778	0
159.0625	0
159.065972222222	0
159.069444444444	0
159.072916666667	0
159.076388888889	0
159.079861111111	0
159.083333333333	0
159.086805555556	0
159.090277777778	0
159.09375	0
159.097222222222	0
159.100694444444	0
159.104166666667	0
159.107638888889	0
159.111111111111	0
159.114583333333	0
159.118055555556	0
159.121527777778	0
159.125	0
159.128472222222	0
159.131944444444	0
159.135416666667	0
159.138888888889	0
159.142361111111	0
159.145833333333	0
159.149305555556	0
159.152777777778	0
159.15625	0
159.159722222222	0
159.163194444444	0
159.166666666667	0
159.170138888889	0
159.173611111111	0
159.177083333333	0
159.180555555556	0
159.184027777778	0
159.1875	0
159.190972222222	0
159.194444444444	0
159.197916666667	0
159.201388888889	0
159.204861111111	0
159.208333333333	0
159.211805555556	0
159.215277777778	0
159.21875	0
159.222222222222	0
159.225694444444	0
159.229166666667	0
159.232638888889	0
159.236111111111	0
159.239583333333	0
159.243055555556	0
159.246527777778	0
159.25	0
159.253472222222	0
159.256944444444	0
159.260416666667	0
159.263888888889	0
159.267361111111	0
159.270833333333	0
159.274305555556	0
159.277777777778	0
159.28125	0
159.284722222222	0
159.288194444444	0
159.291666666667	0
159.295138888889	0
159.298611111111	0
159.302083333333	0
159.305555555556	0
159.309027777778	0
159.3125	0
159.315972222222	0
159.319444444444	0
159.322916666667	0
159.326388888889	0
159.329861111111	0
159.333333333333	0
159.336805555556	0
159.340277777778	0
159.34375	0
159.347222222222	0
159.350694444444	0
159.354166666667	0
159.357638888889	0
159.361111111111	0
159.364583333333	0
159.368055555556	0
159.371527777778	0
159.375	0
159.378472222222	0
159.381944444444	0
159.385416666667	0
159.388888888889	0
159.392361111111	0
159.395833333333	0
159.399305555556	0
159.402777777778	0
159.40625	0
159.409722222222	0
159.413194444444	0
159.416666666667	0
159.420138888889	0
159.423611111111	0
159.427083333333	0
159.430555555556	0
159.434027777778	0
159.4375	0
159.440972222222	0
159.444444444444	0
159.447916666667	0
159.451388888889	0
159.454861111111	0
159.458333333333	0
159.461805555556	0
159.465277777778	0
159.46875	0
159.472222222222	0
159.475694444444	0
159.479166666667	0
159.482638888889	0
159.486111111111	0
159.489583333333	0
159.493055555556	0
159.496527777778	0
159.5	0
159.503472222222	0
159.506944444444	0
159.510416666667	0
159.513888888889	0
159.517361111111	0
159.520833333333	0
159.524305555556	0
159.527777777778	0
159.53125	0
159.534722222222	0
159.538194444444	0
159.541666666667	0
159.545138888889	0
159.548611111111	0
159.552083333333	0
159.555555555556	0
159.559027777778	0
159.5625	0
159.565972222222	0
159.569444444444	0
159.572916666667	0
159.576388888889	0
159.579861111111	0
159.583333333333	0
159.586805555556	0
159.590277777778	0
159.59375	0
159.597222222222	0
159.600694444444	0
159.604166666667	0
159.607638888889	0
159.611111111111	0
159.614583333333	0
159.618055555556	0
159.621527777778	0
159.625	0
159.628472222222	0
159.631944444444	0
159.635416666667	0
159.638888888889	0
159.642361111111	0
159.645833333333	0
159.649305555556	0
159.652777777778	0
159.65625	0
159.659722222222	0
159.663194444444	0
159.666666666667	0
159.670138888889	0
159.673611111111	0
159.677083333333	0
159.680555555556	0
159.684027777778	0
159.6875	0
159.690972222222	0
159.694444444444	0
159.697916666667	0
159.701388888889	0
159.704861111111	0
159.708333333333	0
159.711805555556	0
159.715277777778	0
159.71875	0
159.722222222222	0
159.725694444444	0
159.729166666667	0
159.732638888889	0
159.736111111111	0
159.739583333333	0
159.743055555556	0
159.746527777778	0
159.75	0
159.753472222222	0
159.756944444444	0
159.760416666667	0
159.763888888889	0
159.767361111111	0
159.770833333333	0
159.774305555556	0
159.777777777778	0
159.78125	0
159.784722222222	0
159.788194444444	0
159.791666666667	0
159.795138888889	0
159.798611111111	0
159.802083333333	0
159.805555555556	0
159.809027777778	0
159.8125	0
159.815972222222	0
159.819444444444	0
159.822916666667	0
159.826388888889	0
159.829861111111	0
159.833333333333	0
159.836805555556	0
159.840277777778	0
159.84375	0
159.847222222222	0
159.850694444444	0
159.854166666667	0
159.857638888889	0
159.861111111111	0
159.864583333333	0
159.868055555556	0
159.871527777778	0
159.875	0
159.878472222222	0
159.881944444444	0
159.885416666667	0
159.888888888889	0
159.892361111111	0
159.895833333333	0
159.899305555556	0
159.902777777778	0
159.90625	0
159.909722222222	0
159.913194444444	0
159.916666666667	0
159.920138888889	0
159.923611111111	0
159.927083333333	0
159.930555555556	0
159.934027777778	0
159.9375	0
159.940972222222	0
159.944444444444	0
159.947916666667	0
159.951388888889	0
159.954861111111	0
159.958333333333	0
159.961805555556	0
159.965277777778	0
159.96875	0
159.972222222222	0
159.975694444444	0
159.979166666667	0
159.982638888889	0
159.986111111111	0
159.989583333333	0
159.993055555556	0
159.996527777778	0
160	0
160.003472222222	0
160.006944444444	0
160.010416666667	0
160.013888888889	0
160.017361111111	0
160.020833333333	0
160.024305555556	0
160.027777777778	0
160.03125	0
160.034722222222	0
160.038194444444	0
160.041666666667	0
160.045138888889	0
160.048611111111	0
160.052083333333	0
160.055555555556	0
160.059027777778	0
160.0625	0
160.065972222222	0
160.069444444444	0
160.072916666667	0
160.076388888889	0
160.079861111111	0
160.083333333333	0
160.086805555556	0
160.090277777778	0
160.09375	0
160.097222222222	0
160.100694444444	0
160.104166666667	0
160.107638888889	0
160.111111111111	0
160.114583333333	0
160.118055555556	0
160.121527777778	0
160.125	0
160.128472222222	0
160.131944444444	0
160.135416666667	0
160.138888888889	0
160.142361111111	0
160.145833333333	0
160.149305555556	0
160.152777777778	0
160.15625	0
160.159722222222	0
160.163194444444	0
160.166666666667	0
160.170138888889	0
160.173611111111	0
160.177083333333	0
160.180555555556	0
160.184027777778	0
160.1875	0
160.190972222222	0
160.194444444444	0
160.197916666667	0
160.201388888889	0
160.204861111111	0
160.208333333333	0
160.211805555556	0
160.215277777778	0
160.21875	0
160.222222222222	0
160.225694444444	0
160.229166666667	0
160.232638888889	0
160.236111111111	0
160.239583333333	0
160.243055555556	0
160.246527777778	0
160.25	0
160.253472222222	0
160.256944444444	0
160.260416666667	0
160.263888888889	0
160.267361111111	0
160.270833333333	0
160.274305555556	0
160.277777777778	0
160.28125	0
160.284722222222	0
160.288194444444	0
160.291666666667	0
160.295138888889	0
160.298611111111	0
160.302083333333	0
160.305555555556	0
160.309027777778	0
160.3125	0
160.315972222222	0
160.319444444444	0
160.322916666667	0
160.326388888889	0
160.329861111111	0
160.333333333333	0
160.336805555556	0
160.340277777778	0
160.34375	0
160.347222222222	0
160.350694444444	0
160.354166666667	0
160.357638888889	0
160.361111111111	0
160.364583333333	0
160.368055555556	0
160.371527777778	0
160.375	0
160.378472222222	0
160.381944444444	0
160.385416666667	0
160.388888888889	0
160.392361111111	0
160.395833333333	0
160.399305555556	0
160.402777777778	0
160.40625	0
160.409722222222	0
160.413194444444	0
160.416666666667	0
160.420138888889	0
160.423611111111	0
160.427083333333	0
160.430555555556	0
160.434027777778	0
160.4375	0
160.440972222222	0
160.444444444444	0
160.447916666667	0
160.451388888889	0
160.454861111111	0
160.458333333333	0
160.461805555556	0
160.465277777778	0
160.46875	0
160.472222222222	0
160.475694444444	0
160.479166666667	0
160.482638888889	0
160.486111111111	0
160.489583333333	0
160.493055555556	0
160.496527777778	0
160.5	0
160.503472222222	0
160.506944444444	0
160.510416666667	0
160.513888888889	0
160.517361111111	0
160.520833333333	0
160.524305555556	0
160.527777777778	0
160.53125	0
160.534722222222	0
160.538194444444	0
160.541666666667	0
160.545138888889	0
160.548611111111	0
160.552083333333	0
160.555555555556	0
160.559027777778	0
160.5625	0
160.565972222222	0
160.569444444444	0
160.572916666667	0
160.576388888889	0
160.579861111111	0
160.583333333333	0
160.586805555556	0
160.590277777778	0
160.59375	0
160.597222222222	0
160.600694444444	0
160.604166666667	0
160.607638888889	0
160.611111111111	0
160.614583333333	0
160.618055555556	0
160.621527777778	0
160.625	0
160.628472222222	0
160.631944444444	0
160.635416666667	0
160.638888888889	0
160.642361111111	0
160.645833333333	0
160.649305555556	0
160.652777777778	0
160.65625	0
160.659722222222	0
160.663194444444	0
160.666666666667	0
160.670138888889	0
160.673611111111	0
160.677083333333	0
160.680555555556	0
160.684027777778	0
160.6875	0
160.690972222222	0
160.694444444444	0
160.697916666667	0
160.701388888889	0
160.704861111111	0
160.708333333333	0
160.711805555556	0
160.715277777778	0
160.71875	0
160.722222222222	0
160.725694444444	0
160.729166666667	0
160.732638888889	0
160.736111111111	0
160.739583333333	0
160.743055555556	0
160.746527777778	0
160.75	0
160.753472222222	0
160.756944444444	0
160.760416666667	0
160.763888888889	0
160.767361111111	0
160.770833333333	0
160.774305555556	0
160.777777777778	0
160.78125	0
160.784722222222	0
160.788194444444	0
160.791666666667	0
160.795138888889	0
160.798611111111	0
160.802083333333	0
160.805555555556	0
160.809027777778	0
160.8125	0
160.815972222222	0
160.819444444444	0
160.822916666667	0
160.826388888889	0
160.829861111111	0
160.833333333333	0
160.836805555556	0
160.840277777778	0
160.84375	0
160.847222222222	0
160.850694444444	0
160.854166666667	0
160.857638888889	0
160.861111111111	0
160.864583333333	0
160.868055555556	0
160.871527777778	0
160.875	0
160.878472222222	0
160.881944444444	0
160.885416666667	0
160.888888888889	0
160.892361111111	0
160.895833333333	0
160.899305555556	0
160.902777777778	0
160.90625	0
160.909722222222	0
160.913194444444	0
160.916666666667	0
160.920138888889	0
160.923611111111	0
160.927083333333	0
160.930555555556	0
160.934027777778	0
160.9375	0
160.940972222222	0
160.944444444444	0
160.947916666667	0
160.951388888889	0
160.954861111111	0
160.958333333333	0
160.961805555556	0
160.965277777778	0
160.96875	0
160.972222222222	0
160.975694444444	0
160.979166666667	0
160.982638888889	0
160.986111111111	0
160.989583333333	0
160.993055555556	0
160.996527777778	0
161	0
161.003472222222	0
161.006944444444	0
161.010416666667	0
161.013888888889	0
161.017361111111	0
161.020833333333	0
161.024305555556	0
161.027777777778	0
161.03125	0
161.034722222222	0
161.038194444444	0
161.041666666667	0
161.045138888889	0
161.048611111111	0
161.052083333333	0
161.055555555556	0
161.059027777778	0
161.0625	0
161.065972222222	0
161.069444444444	0
161.072916666667	0
161.076388888889	0
161.079861111111	0
161.083333333333	0
161.086805555556	0
161.090277777778	0
161.09375	0
161.097222222222	0
161.100694444444	0
161.104166666667	0
161.107638888889	0
161.111111111111	0
161.114583333333	0
161.118055555556	0
161.121527777778	0
161.125	0
161.128472222222	0
161.131944444444	0
161.135416666667	0
161.138888888889	0
161.142361111111	0
161.145833333333	0
161.149305555556	0
161.152777777778	0
161.15625	0
161.159722222222	0
161.163194444444	0
161.166666666667	0
161.170138888889	0
161.173611111111	0
161.177083333333	0
161.180555555556	0
161.184027777778	0
161.1875	0
161.190972222222	0
161.194444444444	0
161.197916666667	0
161.201388888889	0
161.204861111111	0
161.208333333333	0
161.211805555556	0
161.215277777778	0
161.21875	0
161.222222222222	0
161.225694444444	0
161.229166666667	0
161.232638888889	0
161.236111111111	0
161.239583333333	0
161.243055555556	0
161.246527777778	0
161.25	0
161.253472222222	0
161.256944444444	0
161.260416666667	0
161.263888888889	0
161.267361111111	0
161.270833333333	0
161.274305555556	0
161.277777777778	0
161.28125	0
161.284722222222	0
161.288194444444	0
161.291666666667	0
161.295138888889	0
161.298611111111	0
161.302083333333	0
161.305555555556	0
161.309027777778	0
161.3125	0
161.315972222222	0
161.319444444444	0
161.322916666667	0
161.326388888889	0
161.329861111111	0
161.333333333333	0
161.336805555556	0
161.340277777778	0
161.34375	0
161.347222222222	0
161.350694444444	0
161.354166666667	0
161.357638888889	0
161.361111111111	0
161.364583333333	0
161.368055555556	0
161.371527777778	0
161.375	0
161.378472222222	0
161.381944444444	0
161.385416666667	0
161.388888888889	0
161.392361111111	0
161.395833333333	0
161.399305555556	0
161.402777777778	0
161.40625	0
161.409722222222	0
161.413194444444	0
161.416666666667	0
161.420138888889	0
161.423611111111	0
161.427083333333	0
161.430555555556	0
161.434027777778	0
161.4375	0
161.440972222222	0
161.444444444444	0
161.447916666667	0
161.451388888889	0
161.454861111111	0
161.458333333333	0
161.461805555556	0
161.465277777778	0
161.46875	0
161.472222222222	0
161.475694444444	0
161.479166666667	0
161.482638888889	0
161.486111111111	0
161.489583333333	0
161.493055555556	0
161.496527777778	0
161.5	0
161.503472222222	0
161.506944444444	0
161.510416666667	0
161.513888888889	0
161.517361111111	0
161.520833333333	0
161.524305555556	0
161.527777777778	0
161.53125	0
161.534722222222	0
161.538194444444	0
161.541666666667	0
161.545138888889	0
161.548611111111	0
161.552083333333	0
161.555555555556	0
161.559027777778	0
161.5625	0
161.565972222222	0
161.569444444444	0
161.572916666667	0
161.576388888889	0
161.579861111111	0
161.583333333333	0
161.586805555556	0
161.590277777778	0
161.59375	0
161.597222222222	0
161.600694444444	0
161.604166666667	0
161.607638888889	0
161.611111111111	0
161.614583333333	0
161.618055555556	0
161.621527777778	0
161.625	0
161.628472222222	0
161.631944444444	0
161.635416666667	0
161.638888888889	0
161.642361111111	0
161.645833333333	0
161.649305555556	0
161.652777777778	0
161.65625	0
161.659722222222	0
161.663194444444	0
161.666666666667	0
161.670138888889	0
161.673611111111	0
161.677083333333	0
161.680555555556	0
161.684027777778	0
161.6875	0
161.690972222222	0
161.694444444444	0
161.697916666667	0
161.701388888889	0
161.704861111111	0
161.708333333333	0
161.711805555556	0
161.715277777778	0
161.71875	0
161.722222222222	0
161.725694444444	0
161.729166666667	0
161.732638888889	0
161.736111111111	0
161.739583333333	0
161.743055555556	0
161.746527777778	0
161.75	0
161.753472222222	0
161.756944444444	0
161.760416666667	0
161.763888888889	0
161.767361111111	0
161.770833333333	0
161.774305555556	0
161.777777777778	0
161.78125	0
161.784722222222	0
161.788194444444	0
161.791666666667	0
161.795138888889	0
161.798611111111	0
161.802083333333	0
161.805555555556	0
161.809027777778	0
161.8125	0
161.815972222222	0
161.819444444444	0
161.822916666667	0
161.826388888889	0
161.829861111111	0
161.833333333333	0
161.836805555556	0
161.840277777778	0
161.84375	0
161.847222222222	0
161.850694444444	0
161.854166666667	0
161.857638888889	0
161.861111111111	0
161.864583333333	0
161.868055555556	0
161.871527777778	0
161.875	0
161.878472222222	0
161.881944444444	0
161.885416666667	0
161.888888888889	0
161.892361111111	0
161.895833333333	0
161.899305555556	0
161.902777777778	0
161.90625	0
161.909722222222	0
161.913194444444	0
161.916666666667	0
161.920138888889	0
161.923611111111	0
161.927083333333	0
161.930555555556	0
161.934027777778	0
161.9375	0
161.940972222222	0
161.944444444444	0
161.947916666667	0
161.951388888889	0
161.954861111111	0
161.958333333333	0
161.961805555556	0
161.965277777778	0
161.96875	0
161.972222222222	0
161.975694444444	0
161.979166666667	0
161.982638888889	0
161.986111111111	0
161.989583333333	0
161.993055555556	0
161.996527777778	0
162	0
162.003472222222	0
162.006944444444	0
162.010416666667	0
162.013888888889	0
162.017361111111	0
162.020833333333	0
162.024305555556	0
162.027777777778	0
162.03125	0
162.034722222222	0
162.038194444444	0
162.041666666667	0
162.045138888889	0
162.048611111111	0
162.052083333333	0
162.055555555556	0
162.059027777778	0
162.0625	0
162.065972222222	0
162.069444444444	0
162.072916666667	0
162.076388888889	0
162.079861111111	0
162.083333333333	0
162.086805555556	0
162.090277777778	0
162.09375	0
162.097222222222	0
162.100694444444	0
162.104166666667	0
162.107638888889	0
162.111111111111	0
162.114583333333	0
162.118055555556	0
162.121527777778	0
162.125	0
162.128472222222	0
162.131944444444	0
162.135416666667	0
162.138888888889	0
162.142361111111	0
162.145833333333	0
162.149305555556	0
162.152777777778	0
162.15625	0
162.159722222222	0
162.163194444444	0
162.166666666667	0
162.170138888889	0
162.173611111111	0
162.177083333333	0
162.180555555556	0
162.184027777778	0
162.1875	0
162.190972222222	0
162.194444444444	0
162.197916666667	0
162.201388888889	0
162.204861111111	0
162.208333333333	0
162.211805555556	0
162.215277777778	0
162.21875	0
162.222222222222	0
162.225694444444	0
162.229166666667	0
162.232638888889	0
162.236111111111	0
162.239583333333	0
162.243055555556	0
162.246527777778	0
162.25	0
162.253472222222	0
162.256944444444	0
162.260416666667	0
162.263888888889	0
162.267361111111	0
162.270833333333	0
162.274305555556	0
162.277777777778	0
162.28125	0
162.284722222222	0
162.288194444444	0
162.291666666667	0
162.295138888889	0
162.298611111111	0
162.302083333333	0
162.305555555556	0
162.309027777778	0
162.3125	0
162.315972222222	0
162.319444444444	0
162.322916666667	0
162.326388888889	0
162.329861111111	0
162.333333333333	0
162.336805555556	0
162.340277777778	0
162.34375	0
162.347222222222	0
162.350694444444	0
162.354166666667	0
162.357638888889	0
162.361111111111	0
162.364583333333	0
162.368055555556	0
162.371527777778	0
162.375	0
162.378472222222	0
162.381944444444	0
162.385416666667	0
162.388888888889	0
162.392361111111	0
162.395833333333	0
162.399305555556	0
162.402777777778	0
162.40625	0
162.409722222222	0
162.413194444444	0
162.416666666667	0
162.420138888889	0
162.423611111111	0
162.427083333333	0
162.430555555556	0
162.434027777778	0
162.4375	0
162.440972222222	0
162.444444444444	0
162.447916666667	0
162.451388888889	0
162.454861111111	0
162.458333333333	0
162.461805555556	0
162.465277777778	0
162.46875	0
162.472222222222	0
162.475694444444	0
162.479166666667	0
162.482638888889	0
162.486111111111	0
162.489583333333	0
162.493055555556	0
162.496527777778	0
162.5	0
162.503472222222	0
162.506944444444	0
162.510416666667	0
162.513888888889	0
162.517361111111	0
162.520833333333	0
162.524305555556	0
162.527777777778	0
162.53125	0
162.534722222222	0
162.538194444444	0
162.541666666667	0
162.545138888889	0
162.548611111111	0
162.552083333333	0
162.555555555556	0
162.559027777778	0
162.5625	0
162.565972222222	0
162.569444444444	0
162.572916666667	0
162.576388888889	0
162.579861111111	0
162.583333333333	0
162.586805555556	0
162.590277777778	0
162.59375	0
162.597222222222	0
162.600694444444	0
162.604166666667	0
162.607638888889	0
162.611111111111	0
162.614583333333	0
162.618055555556	0
162.621527777778	0
162.625	0
162.628472222222	0
162.631944444444	0
162.635416666667	0
162.638888888889	0
162.642361111111	0
162.645833333333	0
162.649305555556	0
162.652777777778	0
162.65625	0
162.659722222222	0
162.663194444444	0
162.666666666667	0
162.670138888889	0
162.673611111111	0
162.677083333333	0
162.680555555556	0
162.684027777778	0
162.6875	0
162.690972222222	0
162.694444444444	0
162.697916666667	0
162.701388888889	0
162.704861111111	0
162.708333333333	0
162.711805555556	0
162.715277777778	0
162.71875	0
162.722222222222	0
162.725694444444	0
162.729166666667	0
162.732638888889	0
162.736111111111	0
162.739583333333	0
162.743055555556	0
162.746527777778	0
162.75	0
162.753472222222	0
162.756944444444	0
162.760416666667	0
162.763888888889	0
162.767361111111	0
162.770833333333	0
162.774305555556	0
162.777777777778	0
162.78125	0
162.784722222222	0
162.788194444444	0
162.791666666667	0
162.795138888889	0
162.798611111111	0
162.802083333333	0
162.805555555556	0
162.809027777778	0
162.8125	0
162.815972222222	0
162.819444444444	0
162.822916666667	0
162.826388888889	0
162.829861111111	0
162.833333333333	0
162.836805555556	0
162.840277777778	0
162.84375	0
162.847222222222	0
162.850694444444	0
162.854166666667	0
162.857638888889	0
162.861111111111	0
162.864583333333	0
162.868055555556	0
162.871527777778	0
162.875	0
162.878472222222	0
162.881944444444	0
162.885416666667	0
162.888888888889	0
162.892361111111	0
162.895833333333	0
162.899305555556	0
162.902777777778	0
162.90625	0
162.909722222222	0
162.913194444444	0
162.916666666667	0
162.920138888889	0
162.923611111111	0
162.927083333333	0
162.930555555556	0
162.934027777778	0
162.9375	0
162.940972222222	0
162.944444444444	0
162.947916666667	0
162.951388888889	0
162.954861111111	0
162.958333333333	0
162.961805555556	0
162.965277777778	0
162.96875	0
162.972222222222	0
162.975694444444	0
162.979166666667	0
162.982638888889	0
162.986111111111	0
162.989583333333	0
162.993055555556	0
162.996527777778	0
163	0
163.003472222222	0
163.006944444444	0
163.010416666667	0
163.013888888889	0
163.017361111111	0
163.020833333333	0
163.024305555556	0
163.027777777778	0
163.03125	0
163.034722222222	0
163.038194444444	0
163.041666666667	0
163.045138888889	0
163.048611111111	0
163.052083333333	0
163.055555555556	0
163.059027777778	0
163.0625	0
163.065972222222	0
163.069444444444	0
163.072916666667	0
163.076388888889	0
163.079861111111	0
163.083333333333	0
163.086805555556	0
163.090277777778	0
163.09375	0
163.097222222222	0
163.100694444444	0
163.104166666667	0
163.107638888889	0
163.111111111111	0
163.114583333333	0
163.118055555556	0
163.121527777778	0
163.125	0
163.128472222222	0
163.131944444444	0
163.135416666667	0
163.138888888889	0
163.142361111111	0
163.145833333333	0
163.149305555556	0
163.152777777778	0
163.15625	0
163.159722222222	0
163.163194444444	0
163.166666666667	0
163.170138888889	0
163.173611111111	0
163.177083333333	0
163.180555555556	0
163.184027777778	0
163.1875	0
163.190972222222	0
163.194444444444	0
163.197916666667	0
163.201388888889	0
163.204861111111	0
163.208333333333	0
163.211805555556	0
163.215277777778	0
163.21875	0
163.222222222222	0
163.225694444444	0
163.229166666667	0
163.232638888889	0
163.236111111111	0
163.239583333333	0
163.243055555556	0
163.246527777778	0
163.25	0
163.253472222222	0
163.256944444444	0
163.260416666667	0
163.263888888889	0
163.267361111111	0
163.270833333333	0
163.274305555556	0
163.277777777778	0
163.28125	0
163.284722222222	0
163.288194444444	0
163.291666666667	0
163.295138888889	0
163.298611111111	0
163.302083333333	0
163.305555555556	0
163.309027777778	0
163.3125	0
163.315972222222	0
163.319444444444	0
163.322916666667	0
163.326388888889	0
163.329861111111	0
163.333333333333	0
163.336805555556	0
163.340277777778	0
163.34375	0
163.347222222222	0
163.350694444444	0
163.354166666667	0
163.357638888889	0
163.361111111111	0
163.364583333333	0
163.368055555556	0
163.371527777778	0
163.375	0
163.378472222222	0
163.381944444444	0
163.385416666667	0
163.388888888889	0
163.392361111111	0
163.395833333333	0
163.399305555556	0
163.402777777778	0
163.40625	0
163.409722222222	0
163.413194444444	0
163.416666666667	0
163.420138888889	0
163.423611111111	0
163.427083333333	0
163.430555555556	0
163.434027777778	0
163.4375	0
163.440972222222	0
163.444444444444	0
163.447916666667	0
163.451388888889	0
163.454861111111	0
163.458333333333	0
163.461805555556	0
163.465277777778	0
163.46875	0
163.472222222222	0
163.475694444444	0
163.479166666667	0
163.482638888889	0
163.486111111111	0
163.489583333333	0
163.493055555556	0
163.496527777778	0
163.5	0
163.503472222222	0
163.506944444444	0
163.510416666667	0
163.513888888889	0
163.517361111111	0
163.520833333333	0
163.524305555556	0
163.527777777778	0
163.53125	0
163.534722222222	0
163.538194444444	0
163.541666666667	0
163.545138888889	0
163.548611111111	0
163.552083333333	0
163.555555555556	0
163.559027777778	0
163.5625	0
163.565972222222	0
163.569444444444	0
163.572916666667	0
163.576388888889	0
163.579861111111	0
163.583333333333	0
163.586805555556	0
163.590277777778	0
163.59375	0
163.597222222222	0
163.600694444444	0
163.604166666667	0
163.607638888889	0
163.611111111111	0
163.614583333333	0
163.618055555556	0
163.621527777778	0
163.625	0
163.628472222222	0
163.631944444444	0
163.635416666667	0
163.638888888889	0
163.642361111111	0
163.645833333333	0
163.649305555556	0
163.652777777778	0
163.65625	0
163.659722222222	0
163.663194444444	0
163.666666666667	0
163.670138888889	0
163.673611111111	0
163.677083333333	0
163.680555555556	0
163.684027777778	0
163.6875	0
163.690972222222	0
163.694444444444	0
163.697916666667	0
163.701388888889	0
163.704861111111	0
163.708333333333	0
163.711805555556	0
163.715277777778	0
163.71875	0
163.722222222222	0
163.725694444444	0
163.729166666667	0
163.732638888889	0
163.736111111111	0
163.739583333333	0
163.743055555556	0
163.746527777778	0
163.75	0
163.753472222222	0
163.756944444444	0
163.760416666667	0
163.763888888889	0
163.767361111111	0
163.770833333333	0
163.774305555556	0
163.777777777778	0
163.78125	0
163.784722222222	0
163.788194444444	0
163.791666666667	0
163.795138888889	0
163.798611111111	0
163.802083333333	0
163.805555555556	0
163.809027777778	0
163.8125	0
163.815972222222	0
163.819444444444	0
163.822916666667	0
163.826388888889	0
163.829861111111	0
163.833333333333	0
163.836805555556	0
163.840277777778	0
163.84375	0
163.847222222222	0
163.850694444444	0
163.854166666667	0
163.857638888889	0
163.861111111111	0
163.864583333333	0
163.868055555556	0
163.871527777778	0
163.875	0
163.878472222222	0
163.881944444444	0
163.885416666667	0
163.888888888889	0
163.892361111111	0
163.895833333333	0
163.899305555556	0
163.902777777778	0
163.90625	0
163.909722222222	0
163.913194444444	0
163.916666666667	0
163.920138888889	0
163.923611111111	0
163.927083333333	0
163.930555555556	0
163.934027777778	0
163.9375	0
163.940972222222	0
163.944444444444	0
163.947916666667	0
163.951388888889	0
163.954861111111	0
163.958333333333	0
163.961805555556	0
163.965277777778	0
163.96875	0
163.972222222222	0
163.975694444444	0
163.979166666667	0
163.982638888889	0
163.986111111111	0
163.989583333333	0
163.993055555556	0
163.996527777778	0
164	0
164.003472222222	0
164.006944444444	0
164.010416666667	0
164.013888888889	0
164.017361111111	0
164.020833333333	0
164.024305555556	0
164.027777777778	0
164.03125	0
164.034722222222	0
164.038194444444	0
164.041666666667	0
164.045138888889	0
164.048611111111	0
164.052083333333	0
164.055555555556	0
164.059027777778	0
164.0625	0
164.065972222222	0
164.069444444444	0
164.072916666667	0
164.076388888889	0
164.079861111111	0
164.083333333333	0
164.086805555556	0
164.090277777778	0
164.09375	0
164.097222222222	0
164.100694444444	0
164.104166666667	0
164.107638888889	0
164.111111111111	0
164.114583333333	0
164.118055555556	0
164.121527777778	0
164.125	0
164.128472222222	0
164.131944444444	0
164.135416666667	0
164.138888888889	0
164.142361111111	0
164.145833333333	0
164.149305555556	0
164.152777777778	0
164.15625	0
164.159722222222	0
164.163194444444	0
164.166666666667	0
164.170138888889	0
164.173611111111	0
164.177083333333	0
164.180555555556	0
164.184027777778	0
164.1875	0
164.190972222222	0
164.194444444444	0
164.197916666667	0
164.201388888889	0
164.204861111111	0
164.208333333333	0
164.211805555556	0
164.215277777778	0
164.21875	0
164.222222222222	0
164.225694444444	0
164.229166666667	0
164.232638888889	0
164.236111111111	0
164.239583333333	0
164.243055555556	0
164.246527777778	0
164.25	0
164.253472222222	0
164.256944444444	0
164.260416666667	0
164.263888888889	0
164.267361111111	0
164.270833333333	0
164.274305555556	0
164.277777777778	0
164.28125	0
164.284722222222	0
164.288194444444	0
164.291666666667	0
164.295138888889	0
164.298611111111	0
164.302083333333	0
164.305555555556	0
164.309027777778	0
164.3125	0
164.315972222222	0
164.319444444444	0
164.322916666667	0
164.326388888889	0
164.329861111111	0
164.333333333333	0
164.336805555556	0
164.340277777778	0
164.34375	0
164.347222222222	0
164.350694444444	0
164.354166666667	0
164.357638888889	0
164.361111111111	0
164.364583333333	0
164.368055555556	0
164.371527777778	0
164.375	0
164.378472222222	0
164.381944444444	0
164.385416666667	0
164.388888888889	0
164.392361111111	0
164.395833333333	0
164.399305555556	0
164.402777777778	0
164.40625	0
164.409722222222	0
164.413194444444	0
164.416666666667	0
164.420138888889	0
164.423611111111	0
164.427083333333	0
164.430555555556	0
164.434027777778	0
164.4375	0
164.440972222222	0
164.444444444444	0
164.447916666667	0
164.451388888889	0
164.454861111111	0
164.458333333333	0
164.461805555556	0
164.465277777778	0
164.46875	0
164.472222222222	0
164.475694444444	0
164.479166666667	0
164.482638888889	0
164.486111111111	0
164.489583333333	0
164.493055555556	0
164.496527777778	0
164.5	0
164.503472222222	0
164.506944444444	0
164.510416666667	0
164.513888888889	0
164.517361111111	0
164.520833333333	0
164.524305555556	0
164.527777777778	0
164.53125	0
164.534722222222	0
164.538194444444	0
164.541666666667	0
164.545138888889	0
164.548611111111	0
164.552083333333	0
164.555555555556	0
164.559027777778	0
164.5625	0
164.565972222222	0
164.569444444444	0
164.572916666667	0
164.576388888889	0
164.579861111111	0
164.583333333333	0
164.586805555556	0
164.590277777778	0
164.59375	0
164.597222222222	0
164.600694444444	0
164.604166666667	0
164.607638888889	0
164.611111111111	0
164.614583333333	0
164.618055555556	0
164.621527777778	0
164.625	0
164.628472222222	0
164.631944444444	0
164.635416666667	0
164.638888888889	0
164.642361111111	0
164.645833333333	0
164.649305555556	0
164.652777777778	0
164.65625	0
164.659722222222	0
164.663194444444	0
164.666666666667	0
164.670138888889	0
164.673611111111	0
164.677083333333	0
164.680555555556	0
164.684027777778	0
164.6875	0
164.690972222222	0
164.694444444444	0
164.697916666667	0
164.701388888889	0
164.704861111111	0
164.708333333333	0
164.711805555556	0
164.715277777778	0
164.71875	0
164.722222222222	0
164.725694444444	0
164.729166666667	0
164.732638888889	0
164.736111111111	0
164.739583333333	0
164.743055555556	0
164.746527777778	0
164.75	0
164.753472222222	0
164.756944444444	0
164.760416666667	0
164.763888888889	0
164.767361111111	0
164.770833333333	0
164.774305555556	0
164.777777777778	0
164.78125	0
164.784722222222	0
164.788194444444	0
164.791666666667	0
164.795138888889	0
164.798611111111	0
164.802083333333	0
164.805555555556	0
164.809027777778	0
164.8125	0
164.815972222222	0
164.819444444444	0
164.822916666667	0
164.826388888889	0
164.829861111111	0
164.833333333333	0
164.836805555556	0
164.840277777778	0
164.84375	0
164.847222222222	0
164.850694444444	0
164.854166666667	0
164.857638888889	0
164.861111111111	0
164.864583333333	0
164.868055555556	0
164.871527777778	0
164.875	0
164.878472222222	0
164.881944444444	0
164.885416666667	0
164.888888888889	0
164.892361111111	0
164.895833333333	0
164.899305555556	0
164.902777777778	0
164.90625	0
164.909722222222	0
164.913194444444	0
164.916666666667	0
164.920138888889	0
164.923611111111	0
164.927083333333	0
164.930555555556	0
164.934027777778	0
164.9375	0
164.940972222222	0
164.944444444444	0
164.947916666667	0
164.951388888889	0
164.954861111111	0
164.958333333333	0
164.961805555556	0
164.965277777778	0
164.96875	0
164.972222222222	0
164.975694444444	0
164.979166666667	0
164.982638888889	0
164.986111111111	0
164.989583333333	0
164.993055555556	0
164.996527777778	0
165	0
165.003472222222	0
165.006944444444	0
165.010416666667	0
165.013888888889	0
165.017361111111	0
165.020833333333	0
165.024305555556	0
165.027777777778	0
165.03125	0
165.034722222222	0
165.038194444444	0
165.041666666667	0
165.045138888889	0
165.048611111111	0
165.052083333333	0
165.055555555556	0
165.059027777778	0
165.0625	0
165.065972222222	0
165.069444444444	0
165.072916666667	0
165.076388888889	0
165.079861111111	0
165.083333333333	0
165.086805555556	0
165.090277777778	0
165.09375	0
165.097222222222	0
165.100694444444	0
165.104166666667	0
165.107638888889	0
165.111111111111	0
165.114583333333	0
165.118055555556	0
165.121527777778	0
165.125	0
165.128472222222	0
165.131944444444	0
165.135416666667	0
165.138888888889	0
165.142361111111	0
165.145833333333	0
165.149305555556	0
165.152777777778	0
165.15625	0
165.159722222222	0
165.163194444444	0
165.166666666667	0
165.170138888889	0
165.173611111111	0
165.177083333333	0
165.180555555556	0
165.184027777778	0
165.1875	0
165.190972222222	0
165.194444444444	0
165.197916666667	0
165.201388888889	0
165.204861111111	0
165.208333333333	0
165.211805555556	0
165.215277777778	0
165.21875	0
165.222222222222	0
165.225694444444	0
165.229166666667	0
165.232638888889	0
165.236111111111	0
165.239583333333	0
165.243055555556	0
165.246527777778	0
165.25	0
165.253472222222	0
165.256944444444	0
165.260416666667	0
165.263888888889	0
165.267361111111	0
165.270833333333	0
165.274305555556	0
165.277777777778	0
165.28125	0
165.284722222222	0
165.288194444444	0
165.291666666667	0
165.295138888889	0
165.298611111111	0
165.302083333333	0
165.305555555556	0
165.309027777778	0
165.3125	0
165.315972222222	0
165.319444444444	0
165.322916666667	0
165.326388888889	0
165.329861111111	0
165.333333333333	0
165.336805555556	0
165.340277777778	0
165.34375	0
165.347222222222	0
165.350694444444	0
165.354166666667	0
165.357638888889	0
165.361111111111	0
165.364583333333	0
165.368055555556	0
165.371527777778	0
165.375	0
165.378472222222	0
165.381944444444	0
165.385416666667	0
165.388888888889	0
165.392361111111	0
165.395833333333	0
165.399305555556	0
165.402777777778	0
165.40625	0
165.409722222222	0
165.413194444444	0
165.416666666667	0
165.420138888889	0
165.423611111111	0
165.427083333333	0
165.430555555556	0
165.434027777778	0
165.4375	0
165.440972222222	0
165.444444444444	0
165.447916666667	0
165.451388888889	0
165.454861111111	0
165.458333333333	0
165.461805555556	0
165.465277777778	0
165.46875	0
165.472222222222	0
165.475694444444	0
165.479166666667	0
165.482638888889	0
165.486111111111	0
165.489583333333	0
165.493055555556	0
165.496527777778	0
165.5	0
165.503472222222	0
165.506944444444	0
165.510416666667	0
165.513888888889	0
165.517361111111	0
165.520833333333	0
165.524305555556	0
165.527777777778	0
165.53125	0
165.534722222222	0
165.538194444444	0
165.541666666667	0
165.545138888889	0
165.548611111111	0
165.552083333333	0
165.555555555556	0
165.559027777778	0
165.5625	0
165.565972222222	0
165.569444444444	0
165.572916666667	0
165.576388888889	0
165.579861111111	0
165.583333333333	0
165.586805555556	0
165.590277777778	0
165.59375	0
165.597222222222	0
165.600694444444	0
165.604166666667	0
165.607638888889	0
165.611111111111	0
165.614583333333	0
165.618055555556	0
165.621527777778	0
165.625	0
165.628472222222	0
165.631944444444	0
165.635416666667	0
165.638888888889	0
165.642361111111	0
165.645833333333	0
165.649305555556	0
165.652777777778	0
165.65625	0
165.659722222222	0
165.663194444444	0
165.666666666667	0
165.670138888889	0
165.673611111111	0
165.677083333333	0
165.680555555556	0
165.684027777778	0
165.6875	0
165.690972222222	0
165.694444444444	0
165.697916666667	0
165.701388888889	0
165.704861111111	0
165.708333333333	0
165.711805555556	0
165.715277777778	0
165.71875	0
165.722222222222	0
165.725694444444	0
165.729166666667	0
165.732638888889	0
165.736111111111	0
165.739583333333	0
165.743055555556	0
165.746527777778	0
165.75	0
165.753472222222	0
165.756944444444	0
165.760416666667	0
165.763888888889	0
165.767361111111	0
165.770833333333	0
165.774305555556	0
165.777777777778	0
165.78125	0
165.784722222222	0
165.788194444444	0
165.791666666667	0
165.795138888889	0
165.798611111111	0
165.802083333333	0
165.805555555556	0
165.809027777778	0
165.8125	0
165.815972222222	0
165.819444444444	0
165.822916666667	0
165.826388888889	0
165.829861111111	0
165.833333333333	0
165.836805555556	0
165.840277777778	0
165.84375	0
165.847222222222	0
165.850694444444	0
165.854166666667	0
165.857638888889	0
165.861111111111	0
165.864583333333	0
165.868055555556	0
165.871527777778	0
165.875	0
165.878472222222	0
165.881944444444	0
165.885416666667	0
165.888888888889	0
165.892361111111	0
165.895833333333	0
165.899305555556	0
165.902777777778	0
165.90625	0
165.909722222222	0
165.913194444444	0
165.916666666667	0
165.920138888889	0
165.923611111111	0
165.927083333333	0
165.930555555556	0
165.934027777778	0
165.9375	0
165.940972222222	0
165.944444444444	0
165.947916666667	0
165.951388888889	0
165.954861111111	0
165.958333333333	0
165.961805555556	0
165.965277777778	0
165.96875	0
165.972222222222	0
165.975694444444	0
165.979166666667	0
165.982638888889	0
165.986111111111	0
165.989583333333	0
165.993055555556	0
165.996527777778	0
166	0
166.003472222222	0
166.006944444444	0
166.010416666667	0
166.013888888889	0
166.017361111111	0
166.020833333333	0
166.024305555556	0
166.027777777778	0
166.03125	0
166.034722222222	0
166.038194444444	0
166.041666666667	0
166.045138888889	0
166.048611111111	0
166.052083333333	0
166.055555555556	0
166.059027777778	0
166.0625	0
166.065972222222	0
166.069444444444	0
166.072916666667	0
166.076388888889	0
166.079861111111	0
166.083333333333	0
166.086805555556	0
166.090277777778	0
166.09375	0
166.097222222222	0
166.100694444444	0
166.104166666667	0
166.107638888889	0
166.111111111111	0
166.114583333333	0
166.118055555556	0
166.121527777778	0
166.125	0
166.128472222222	0
166.131944444444	0
166.135416666667	0
166.138888888889	0
166.142361111111	0
166.145833333333	0
166.149305555556	0
166.152777777778	0
166.15625	0
166.159722222222	0
166.163194444444	0
166.166666666667	0
166.170138888889	0
166.173611111111	0
166.177083333333	0
166.180555555556	0
166.184027777778	0
166.1875	0
166.190972222222	0
166.194444444444	0
166.197916666667	0
166.201388888889	0
166.204861111111	0
166.208333333333	0
166.211805555556	0
166.215277777778	0
166.21875	0
166.222222222222	0
166.225694444444	0
166.229166666667	0
166.232638888889	0
166.236111111111	0
166.239583333333	0
166.243055555556	0
166.246527777778	0
166.25	0
166.253472222222	0
166.256944444444	0
166.260416666667	0
166.263888888889	0
166.267361111111	0
166.270833333333	0
166.274305555556	0
166.277777777778	0
166.28125	0
166.284722222222	0
166.288194444444	0
166.291666666667	0
166.295138888889	0
166.298611111111	0
166.302083333333	0
166.305555555556	0
166.309027777778	0
166.3125	0
166.315972222222	0
166.319444444444	0
166.322916666667	0
166.326388888889	0
166.329861111111	0
166.333333333333	0
166.336805555556	0
166.340277777778	0
166.34375	0
166.347222222222	0.2
166.350694444444	0
166.354166666667	0
166.357638888889	0
166.361111111111	0
166.364583333333	0
166.368055555556	0
166.371527777778	0
166.375	0
166.378472222222	0
166.381944444444	0
166.385416666667	0
166.388888888889	0
166.392361111111	0
166.395833333333	0
166.399305555556	0
166.402777777778	0
166.40625	0.2
166.409722222222	0
166.413194444444	0.2
166.416666666667	0.2
166.420138888889	0
166.423611111111	0
166.427083333333	0
166.430555555556	0
166.434027777778	0
166.4375	0
166.440972222222	0
166.444444444444	0
166.447916666667	0
166.451388888889	0
166.454861111111	0
166.458333333333	0
166.461805555556	0
166.465277777778	0
166.46875	0
166.472222222222	0
166.475694444444	0
166.479166666667	0
166.482638888889	0
166.486111111111	0
166.489583333333	0
166.493055555556	0
166.496527777778	0
166.5	0
166.503472222222	0
166.506944444444	0
166.510416666667	0
166.513888888889	0
166.517361111111	0
166.520833333333	0
166.524305555556	0
166.527777777778	0
166.53125	0
166.534722222222	0
166.538194444444	0
166.541666666667	0
166.545138888889	0
166.548611111111	0
166.552083333333	0
166.555555555556	0
166.559027777778	0
166.5625	0
166.565972222222	0
166.569444444444	0
166.572916666667	0
166.576388888889	0
166.579861111111	0
166.583333333333	0
166.586805555556	0
166.590277777778	0
166.59375	0
166.597222222222	0
166.600694444444	0
166.604166666667	0
166.607638888889	0
166.611111111111	0
166.614583333333	0
166.618055555556	0
166.621527777778	0
166.625	0
166.628472222222	0
166.631944444444	0
166.635416666667	0
166.638888888889	0
166.642361111111	0
166.645833333333	0
166.649305555556	0
166.652777777778	0
166.65625	0
166.659722222222	0
166.663194444444	0.2
166.666666666667	0
166.670138888889	0
166.673611111111	0
166.677083333333	0
166.680555555556	0
166.684027777778	0
166.6875	0
166.690972222222	0
166.694444444444	0
166.697916666667	0
166.701388888889	0
166.704861111111	0
166.708333333333	0
166.711805555556	0
166.715277777778	0
166.71875	0
166.722222222222	0
166.725694444444	0
166.729166666667	0
166.732638888889	0
166.736111111111	0
166.739583333333	0
166.743055555556	0
166.746527777778	0
166.75	0
166.753472222222	0
166.756944444444	0
166.760416666667	0
166.763888888889	0
166.767361111111	0
166.770833333333	0
166.774305555556	0
166.777777777778	0
166.78125	0
166.784722222222	0
166.788194444444	0
166.791666666667	0
166.795138888889	0
166.798611111111	0
166.802083333333	0
166.805555555556	0
166.809027777778	0
166.8125	0
166.815972222222	0
166.819444444444	0
166.822916666667	0
166.826388888889	0
166.829861111111	0
166.833333333333	0
166.836805555556	0
166.840277777778	0
166.84375	0
166.847222222222	0
166.850694444444	0
166.854166666667	0
166.857638888889	0
166.861111111111	0
166.864583333333	0
166.868055555556	0
166.871527777778	0
166.875	0
166.878472222222	0
166.881944444444	0
166.885416666667	0
166.888888888889	0
166.892361111111	0
166.895833333333	0
166.899305555556	0
166.902777777778	0
166.90625	0
166.909722222222	0
166.913194444444	0
166.916666666667	0
166.920138888889	0
166.923611111111	0
166.927083333333	0
166.930555555556	0
166.934027777778	0
166.9375	0
166.940972222222	0
166.944444444444	0
166.947916666667	0
166.951388888889	0
166.954861111111	0
166.958333333333	0
166.961805555556	0
166.965277777778	0
166.96875	0
166.972222222222	0
166.975694444444	0
166.979166666667	0
166.982638888889	0
166.986111111111	0
166.989583333333	0
166.993055555556	0
166.996527777778	0
167	0
167.003472222222	0
167.006944444444	0
167.010416666667	0
167.013888888889	0
167.017361111111	0
167.020833333333	0
167.024305555556	0
167.027777777778	0
167.03125	0
167.034722222222	0
167.038194444444	0
167.041666666667	0
167.045138888889	0
167.048611111111	0
167.052083333333	0
167.055555555556	0
167.059027777778	0
167.0625	0
167.065972222222	0
167.069444444444	0
167.072916666667	0
167.076388888889	0
167.079861111111	0
167.083333333333	0
167.086805555556	0
167.090277777778	0
167.09375	0
167.097222222222	0
167.100694444444	0
167.104166666667	0
167.107638888889	0
167.111111111111	0
167.114583333333	0
167.118055555556	0
167.121527777778	0
167.125	0
167.128472222222	0
167.131944444444	0.2
167.135416666667	0
167.138888888889	0
167.142361111111	0
167.145833333333	0
167.149305555556	0
167.152777777778	0
167.15625	0
167.159722222222	0
167.163194444444	0
167.166666666667	0
167.170138888889	0
167.173611111111	0
167.177083333333	0
167.180555555556	0
167.184027777778	0
167.1875	0
167.190972222222	0
167.194444444444	0
167.197916666667	0
167.201388888889	0
167.204861111111	0
167.208333333333	0
167.211805555556	0
167.215277777778	0
167.21875	0
167.222222222222	0
167.225694444444	0
167.229166666667	0
167.232638888889	0
167.236111111111	0
167.239583333333	0
167.243055555556	0
167.246527777778	0
167.25	0
167.253472222222	0
167.256944444444	0
167.260416666667	0
167.263888888889	0
167.267361111111	0
167.270833333333	0
167.274305555556	0
167.277777777778	0
167.28125	0
167.284722222222	0.2
167.288194444444	0
167.291666666667	0
167.295138888889	0
167.298611111111	0
167.302083333333	0
167.305555555556	0
167.309027777778	0
167.3125	0
167.315972222222	0
167.319444444444	0
167.322916666667	0
167.326388888889	0
167.329861111111	0.2
167.333333333333	0
167.336805555556	0
167.340277777778	0
167.34375	0
167.347222222222	0
167.350694444444	0
167.354166666667	0
167.357638888889	0
167.361111111111	0
167.364583333333	0
167.368055555556	0.2
167.371527777778	0
167.375	0
167.378472222222	0
167.381944444444	0
167.385416666667	0
167.388888888889	0
167.392361111111	0
167.395833333333	0
167.399305555556	0
167.402777777778	0
167.40625	0
167.409722222222	0
167.413194444444	0
167.416666666667	0
167.420138888889	0
167.423611111111	0
167.427083333333	0
167.430555555556	0
167.434027777778	0
167.4375	0
167.440972222222	0
167.444444444444	0
167.447916666667	0
167.451388888889	0
167.454861111111	0
167.458333333333	0
167.461805555556	0
167.465277777778	0
167.46875	0
167.472222222222	0
167.475694444444	0
167.479166666667	0
167.482638888889	0
167.486111111111	0
167.489583333333	0
167.493055555556	0
167.496527777778	0
167.5	0
167.503472222222	0
167.506944444444	0
167.510416666667	0
167.513888888889	0
167.517361111111	0
167.520833333333	0
167.524305555556	0
167.527777777778	0
167.53125	0
167.534722222222	0
167.538194444444	0
167.541666666667	0
167.545138888889	0
167.548611111111	0
167.552083333333	0
167.555555555556	0
167.559027777778	0
167.5625	0
167.565972222222	0
167.569444444444	0
167.572916666667	0
167.576388888889	0
167.579861111111	0
167.583333333333	0
167.586805555556	0
167.590277777778	0
167.59375	0
167.597222222222	0
167.600694444444	0
167.604166666667	0
167.607638888889	0
167.611111111111	0
167.614583333333	0
167.618055555556	0
167.621527777778	0
167.625	0
167.628472222222	0
167.631944444444	0
167.635416666667	0
167.638888888889	0
167.642361111111	0
167.645833333333	0
167.649305555556	0
167.652777777778	0
167.65625	0
167.659722222222	0
167.663194444444	0
167.666666666667	0
167.670138888889	0.2
167.673611111111	0
167.677083333333	0
167.680555555556	0
167.684027777778	0
167.6875	0
167.690972222222	0
167.694444444444	0
167.697916666667	0
167.701388888889	0
167.704861111111	0
167.708333333333	0
167.711805555556	0
167.715277777778	0
167.71875	0
167.722222222222	0
167.725694444444	0
167.729166666667	0
167.732638888889	0
167.736111111111	0
167.739583333333	0
167.743055555556	0
167.746527777778	0
167.75	0
167.753472222222	0
167.756944444444	0
167.760416666667	0
167.763888888889	0
167.767361111111	0
167.770833333333	0
167.774305555556	0
167.777777777778	0
167.78125	0
167.784722222222	0
167.788194444444	0
167.791666666667	0
167.795138888889	0
167.798611111111	0
167.802083333333	0
167.805555555556	0
167.809027777778	0
167.8125	0
167.815972222222	0
167.819444444444	0
167.822916666667	0
167.826388888889	0
167.829861111111	0
167.833333333333	0
167.836805555556	0
167.840277777778	0
167.84375	0
167.847222222222	0
167.850694444444	0
167.854166666667	0
167.857638888889	0
167.861111111111	0
167.864583333333	0
167.868055555556	0
167.871527777778	0
167.875	0
167.878472222222	0
167.881944444444	0
167.885416666667	0
167.888888888889	0
167.892361111111	0
167.895833333333	0
167.899305555556	0
167.902777777778	0
167.90625	0
167.909722222222	0
167.913194444444	0
167.916666666667	0
167.920138888889	0
167.923611111111	0
167.927083333333	0
167.930555555556	0
167.934027777778	0
167.9375	0
167.940972222222	0
167.944444444444	0
167.947916666667	0
167.951388888889	0
167.954861111111	0
167.958333333333	0
167.961805555556	0
167.965277777778	0
167.96875	0
167.972222222222	0
167.975694444444	0
167.979166666667	0
167.982638888889	0
167.986111111111	0
167.989583333333	0
167.993055555556	0
167.996527777778	0
168	0
168.003472222222	0
168.006944444444	0
168.010416666667	0
168.013888888889	0
168.017361111111	0
168.020833333333	0
168.024305555556	0
168.027777777778	0
168.03125	0
168.034722222222	0
168.038194444444	0
168.041666666667	0
168.045138888889	0
168.048611111111	0
168.052083333333	0
168.055555555556	0
168.059027777778	0
168.0625	0
168.065972222222	0
168.069444444444	0
168.072916666667	0
168.076388888889	0
168.079861111111	0
168.083333333333	0
168.086805555556	0
168.090277777778	0
168.09375	0
168.097222222222	0
168.100694444444	0
168.104166666667	0
168.107638888889	0
168.111111111111	0
168.114583333333	0
168.118055555556	0
168.121527777778	0
168.125	0
168.128472222222	0
168.131944444444	0
168.135416666667	0
168.138888888889	0
168.142361111111	0
168.145833333333	0
168.149305555556	0
168.152777777778	0
168.15625	0
168.159722222222	0
168.163194444444	0
168.166666666667	0
168.170138888889	0
168.173611111111	0
168.177083333333	0
168.180555555556	0
168.184027777778	0
168.1875	0
168.190972222222	0
168.194444444444	0
168.197916666667	0
168.201388888889	0
168.204861111111	0
168.208333333333	0
168.211805555556	0
168.215277777778	0
168.21875	0
168.222222222222	0
168.225694444444	0
168.229166666667	0
168.232638888889	0
168.236111111111	0
168.239583333333	0
168.243055555556	0
168.246527777778	0
168.25	0
168.253472222222	0
168.256944444444	0
168.260416666667	0
168.263888888889	0
168.267361111111	0
168.270833333333	0
168.274305555556	0
168.277777777778	0
168.28125	0
168.284722222222	0
168.288194444444	0
168.291666666667	0
168.295138888889	0
168.298611111111	0
168.302083333333	0
168.305555555556	0
168.309027777778	0
168.3125	0
168.315972222222	0
168.319444444444	0
168.322916666667	0
168.326388888889	0
168.329861111111	0
168.333333333333	0
168.336805555556	0
168.340277777778	0
168.34375	0
168.347222222222	0
168.350694444444	0
168.354166666667	0
168.357638888889	0
168.361111111111	0
168.364583333333	0
168.368055555556	0
168.371527777778	0
168.375	0
168.378472222222	0
168.381944444444	0
168.385416666667	0
168.430555555556	0
168.434027777778	0
168.4375	0
168.440972222222	0
168.444444444444	0
168.447916666667	0
168.451388888889	0
168.454861111111	0
168.458333333333	0
168.461805555556	0
168.465277777778	0
168.46875	0
168.472222222222	0
168.475694444444	0
168.479166666667	0
168.482638888889	0
168.486111111111	0
168.489583333333	0
168.493055555556	0
168.496527777778	0
168.5	0
168.503472222222	0
168.506944444444	0
168.510416666667	0
168.513888888889	0
168.517361111111	0
168.520833333333	0
168.524305555556	0
168.527777777778	0
168.53125	0
168.534722222222	0
168.538194444444	0
168.541666666667	0
168.545138888889	0
168.548611111111	0
168.552083333333	0
168.555555555556	0
168.559027777778	0
168.5625	0
168.565972222222	0
168.569444444444	0
168.572916666667	0
168.576388888889	0
168.579861111111	0
168.583333333333	0
168.586805555556	0
168.590277777778	0
168.59375	0
168.597222222222	0
168.600694444444	0
168.604166666667	0
168.607638888889	0
168.611111111111	0
168.614583333333	0
168.618055555556	0
168.621527777778	0
168.625	0
168.628472222222	0
168.631944444444	0
168.635416666667	0
168.638888888889	0
168.642361111111	0
168.645833333333	0
168.649305555556	0
168.652777777778	0
168.65625	0
168.659722222222	0
168.663194444444	0
168.666666666667	0
168.670138888889	0
168.673611111111	0
168.677083333333	0
168.680555555556	0
168.684027777778	0
168.6875	0
168.690972222222	0
168.694444444444	0
168.697916666667	0
168.701388888889	0
168.704861111111	0
168.708333333333	0
168.711805555556	0
168.715277777778	0
168.71875	0
168.722222222222	0
168.725694444444	0
168.729166666667	0
168.732638888889	0
168.736111111111	0
168.739583333333	0
168.743055555556	0
168.746527777778	0
168.75	0
168.753472222222	0
168.756944444444	0
168.760416666667	0
168.763888888889	0
168.767361111111	0
168.770833333333	0
168.774305555556	0
168.777777777778	0
168.78125	0
168.784722222222	0
168.788194444444	0
168.791666666667	0
168.795138888889	0
168.798611111111	0
168.802083333333	0
168.805555555556	0
168.809027777778	0
168.8125	0
168.815972222222	0
168.819444444444	0
168.822916666667	0
168.826388888889	0
168.829861111111	0
168.833333333333	0
168.836805555556	0
168.840277777778	0
168.84375	0
168.847222222222	0
168.850694444444	0
168.854166666667	0
168.857638888889	0
168.861111111111	0
168.864583333333	0
168.868055555556	0
168.871527777778	0
168.875	0
168.878472222222	0
168.881944444444	0
168.885416666667	0
168.888888888889	0
168.892361111111	0
168.895833333333	0
168.899305555556	0
168.902777777778	0
168.90625	0
168.909722222222	0
168.913194444444	0
168.916666666667	0
168.920138888889	0
168.923611111111	0
168.927083333333	0
168.930555555556	0
168.934027777778	0
168.9375	0
168.940972222222	0
168.944444444444	0
168.947916666667	0
168.951388888889	0
168.954861111111	0
168.958333333333	0
168.961805555556	0
168.965277777778	0
168.96875	0
168.972222222222	0
168.975694444444	0
168.979166666667	0
168.982638888889	0
168.986111111111	0
168.989583333333	0
168.993055555556	0
168.996527777778	0
169	0
169.003472222222	0
169.006944444444	0
169.010416666667	0
169.013888888889	0
169.017361111111	0
169.020833333333	0
169.024305555556	0
169.027777777778	0
169.03125	0
169.034722222222	0
169.038194444444	0
169.041666666667	0
169.045138888889	0
169.048611111111	0
169.052083333333	0
169.055555555556	0
169.059027777778	0
169.0625	0
169.065972222222	0
169.069444444444	0
169.072916666667	0
169.076388888889	0
169.079861111111	0
169.083333333333	0
169.086805555556	0
169.090277777778	0
169.09375	0
169.097222222222	0
169.100694444444	0
169.104166666667	0
169.107638888889	0
169.111111111111	0
169.114583333333	0
169.118055555556	0
169.121527777778	0
169.125	0
169.128472222222	0
169.131944444444	0
169.135416666667	0
169.138888888889	0
169.142361111111	0
169.145833333333	0
169.149305555556	0
169.152777777778	0
169.15625	0
169.159722222222	0
169.163194444444	0
169.166666666667	0
169.170138888889	0
169.173611111111	0
169.177083333333	0
169.180555555556	0
169.184027777778	0
169.1875	0
169.190972222222	0
169.194444444444	0
169.197916666667	0
169.201388888889	0
169.204861111111	0
169.208333333333	0
169.211805555556	0
169.215277777778	0
169.21875	0
169.222222222222	0
169.225694444444	0
169.229166666667	0
169.232638888889	0
169.236111111111	0
169.239583333333	0
169.243055555556	0
169.246527777778	0
169.25	0
169.253472222222	0
169.256944444444	0
169.260416666667	0
169.263888888889	0
169.267361111111	0
169.270833333333	0
169.274305555556	0
169.277777777778	0
169.28125	0
169.284722222222	0
169.288194444444	0
169.291666666667	0
169.295138888889	0
169.298611111111	0
169.302083333333	0
169.305555555556	0
169.309027777778	0
169.3125	0
169.315972222222	0
169.319444444444	0
169.322916666667	0
169.326388888889	0
169.329861111111	0
169.333333333333	0
169.336805555556	0
169.340277777778	0
169.34375	0
169.347222222222	0
169.350694444444	0
169.354166666667	0
169.357638888889	0
169.361111111111	0
169.364583333333	0
169.368055555556	0
169.371527777778	0
169.375	0
169.378472222222	0
169.381944444444	0
169.385416666667	0
169.388888888889	0
169.392361111111	0
169.395833333333	0
169.399305555556	0
169.402777777778	0
169.40625	0
169.409722222222	0
169.413194444444	0
169.416666666667	0
169.420138888889	0
169.423611111111	0
169.427083333333	0
169.430555555556	0
169.434027777778	0
169.4375	0
169.440972222222	0
169.444444444444	0
169.447916666667	0
169.451388888889	0
169.454861111111	0
169.458333333333	0
169.461805555556	0
169.465277777778	0
169.46875	0
169.472222222222	0
169.475694444444	0
169.479166666667	0
169.482638888889	0
169.486111111111	0
169.489583333333	0
169.493055555556	0
169.496527777778	0
169.5	0
169.503472222222	0
169.506944444444	0
169.510416666667	0
169.513888888889	0
169.517361111111	0
169.520833333333	0
169.524305555556	0
169.527777777778	0
169.53125	0
169.534722222222	0
169.538194444444	0
169.541666666667	0
169.545138888889	0
169.548611111111	0
169.552083333333	0
169.555555555556	0
169.559027777778	0
169.5625	0
169.565972222222	0
169.569444444444	0
169.572916666667	0
169.576388888889	0
169.579861111111	0
169.583333333333	0
169.586805555556	0
169.590277777778	0
169.59375	0
169.597222222222	0
169.600694444444	0
169.604166666667	0
169.607638888889	0
169.611111111111	0
169.614583333333	0
169.618055555556	0
169.621527777778	0
169.625	0
169.628472222222	0
169.631944444444	0
169.635416666667	0
169.638888888889	0
169.642361111111	0
169.645833333333	0
169.649305555556	0
169.652777777778	0
169.65625	0
169.659722222222	0
169.663194444444	0
169.666666666667	0
169.670138888889	0
169.673611111111	0
169.677083333333	0
169.680555555556	0
169.684027777778	0
169.6875	0
169.690972222222	0
169.694444444444	0
169.697916666667	0
169.701388888889	0
169.704861111111	0
169.708333333333	0
169.711805555556	0
169.715277777778	0
169.71875	0
169.722222222222	0
169.725694444444	0
169.729166666667	0
169.732638888889	0
169.736111111111	0
169.739583333333	0
169.743055555556	0
169.746527777778	0
169.75	0
169.753472222222	0
169.756944444444	0
169.760416666667	0
169.763888888889	0
169.767361111111	0
169.770833333333	0
169.774305555556	0
169.777777777778	0
169.78125	0
169.784722222222	0
169.788194444444	0
169.791666666667	0
169.795138888889	0
169.798611111111	0
169.802083333333	0
169.805555555556	0
169.809027777778	0
169.8125	0
169.815972222222	0
169.819444444444	0
169.822916666667	0
169.826388888889	0
169.829861111111	0
169.833333333333	0
169.836805555556	0
169.840277777778	0
169.84375	0
169.847222222222	0
169.850694444444	0
169.854166666667	0
169.857638888889	0
169.861111111111	0
169.864583333333	0
169.868055555556	0
169.871527777778	0
169.875	0
169.878472222222	0
169.881944444444	0
169.885416666667	0
169.888888888889	0
169.892361111111	0
169.895833333333	0
169.899305555556	0
169.902777777778	0
169.90625	0
169.909722222222	0
169.913194444444	0
169.916666666667	0
169.920138888889	0
169.923611111111	0
169.927083333333	0
169.930555555556	0
169.934027777778	0
169.9375	0
169.940972222222	0
169.944444444444	0
169.947916666667	0
169.951388888889	0
169.954861111111	0
169.958333333333	0
169.961805555556	0
169.965277777778	0
169.96875	0
169.972222222222	0
169.975694444444	0
169.979166666667	0
169.982638888889	0
169.986111111111	0
169.989583333333	0
169.993055555556	0
169.996527777778	0
170	0
170.003472222222	0
170.006944444444	0
170.010416666667	0
170.013888888889	0
170.017361111111	0
170.020833333333	0
170.024305555556	0
170.027777777778	0
170.03125	0
170.034722222222	0.2
170.038194444444	0
170.041666666667	0
170.045138888889	0
170.048611111111	0
170.052083333333	0
170.055555555556	0
170.059027777778	0
170.0625	0
170.065972222222	0
170.069444444444	0
170.072916666667	0.2
170.076388888889	0
170.079861111111	0
170.083333333333	0
170.086805555556	0
170.090277777778	0
170.09375	0
170.097222222222	0
170.100694444444	0
170.104166666667	0
170.107638888889	0
170.111111111111	0
170.114583333333	0
170.118055555556	0
170.121527777778	0
170.125	0
170.128472222222	0
170.131944444444	0
170.135416666667	0
170.138888888889	0
170.142361111111	0
170.145833333333	0
170.149305555556	0
170.152777777778	0
170.15625	0
170.159722222222	0
170.163194444444	0
170.166666666667	0
170.170138888889	0
170.173611111111	0
170.177083333333	0
170.180555555556	0
170.184027777778	0
170.1875	0
170.190972222222	0
170.194444444444	0
170.197916666667	0
170.201388888889	0
170.204861111111	0
170.208333333333	0
170.211805555556	0
170.215277777778	0
170.21875	0
170.222222222222	0
170.225694444444	0
170.229166666667	0
170.232638888889	0
170.236111111111	0
170.239583333333	0
170.243055555556	0
170.246527777778	0
170.25	0
170.253472222222	0
170.256944444444	0
170.260416666667	0
170.263888888889	0
170.267361111111	0
170.270833333333	0
170.274305555556	0
170.277777777778	0
170.28125	0
170.284722222222	0
170.288194444444	0
170.291666666667	0
170.295138888889	0
170.298611111111	0
170.302083333333	0
170.305555555556	0
170.309027777778	0
170.3125	0
170.315972222222	0
170.319444444444	0
170.322916666667	0
170.326388888889	0
170.329861111111	0
170.333333333333	0
170.336805555556	0
170.340277777778	0
170.34375	0
170.347222222222	0
170.350694444444	0
170.354166666667	0
170.357638888889	0
170.361111111111	0
170.364583333333	0
170.368055555556	0
170.371527777778	0
170.375	0
170.378472222222	0
170.381944444444	0
170.385416666667	0
170.388888888889	0
170.392361111111	0
170.395833333333	0
170.399305555556	0
170.402777777778	0
170.40625	0
170.409722222222	0
170.413194444444	0
170.416666666667	0
170.420138888889	0
170.423611111111	0
170.427083333333	0
170.430555555556	0
170.434027777778	0
170.4375	0
170.440972222222	0
170.444444444444	0
170.447916666667	0.2
170.451388888889	0
170.454861111111	0
170.458333333333	0
170.461805555556	0
170.465277777778	0
170.46875	0
170.472222222222	0
170.475694444444	0
170.479166666667	0
170.482638888889	0
170.486111111111	0
170.489583333333	0
170.493055555556	0.2
170.496527777778	0
170.5	0
170.503472222222	0
170.506944444444	0
170.510416666667	0
170.513888888889	0
170.517361111111	0
170.520833333333	0.2
170.524305555556	0.2
170.527777777778	0
170.53125	0
170.534722222222	0.2
170.538194444444	0.2
170.541666666667	0
170.545138888889	0.2
170.548611111111	0.2
170.552083333333	0
170.555555555556	0.2
170.559027777778	0.2
170.5625	0
170.565972222222	0
170.569444444444	0.2
170.572916666667	0.2
170.576388888889	0
170.579861111111	0
170.583333333333	0
170.586805555556	0
170.590277777778	0
170.59375	0
170.597222222222	0
170.600694444444	0
170.604166666667	0
170.607638888889	0
170.611111111111	0.2
170.614583333333	0
170.618055555556	0
170.621527777778	0
170.625	0
170.628472222222	0
170.631944444444	0
170.635416666667	0
170.638888888889	0
170.642361111111	0
170.645833333333	0
170.649305555556	0
170.652777777778	0
170.65625	0
170.659722222222	0
170.663194444444	0
170.666666666667	0.2
170.670138888889	0
170.673611111111	0
170.677083333333	0
170.680555555556	0
170.684027777778	0
170.6875	0
170.690972222222	0
170.694444444444	0
170.697916666667	0
170.701388888889	0
170.704861111111	0
170.708333333333	0
170.711805555556	0
170.715277777778	0
170.71875	0
170.722222222222	0
170.725694444444	0
170.729166666667	0
170.732638888889	0
170.736111111111	0
170.739583333333	0
170.743055555556	0
170.746527777778	0
170.75	0
170.753472222222	0
170.756944444444	0
170.760416666667	0
170.763888888889	0
170.767361111111	0
170.770833333333	0
170.774305555556	0
170.777777777778	0
170.78125	0
170.784722222222	0
170.788194444444	0
170.791666666667	0
170.795138888889	0
170.798611111111	0
170.802083333333	0
170.805555555556	0
170.809027777778	0
170.8125	0
170.815972222222	0
170.819444444444	0
170.822916666667	0
170.826388888889	0
170.829861111111	0
170.833333333333	0
170.836805555556	0
170.840277777778	0
170.84375	0
170.847222222222	0
170.850694444444	0
170.854166666667	0
170.857638888889	0
170.861111111111	0
170.864583333333	0
170.868055555556	0
170.871527777778	0
170.875	0
170.878472222222	0
170.881944444444	0
170.885416666667	0
170.888888888889	0
170.892361111111	0
170.895833333333	0
170.899305555556	0
170.902777777778	0
170.90625	0
170.909722222222	0
170.913194444444	0
170.916666666667	0
170.920138888889	0
170.923611111111	0
170.927083333333	0
170.930555555556	0
170.934027777778	0
170.9375	0
170.940972222222	0
170.944444444444	0
170.947916666667	0
170.951388888889	0
170.954861111111	0
170.958333333333	0
170.961805555556	0
170.965277777778	0
170.96875	0
170.972222222222	0
170.975694444444	0
170.979166666667	0
170.982638888889	0
170.986111111111	0
170.989583333333	0
170.993055555556	0
170.996527777778	0
171	0
171.003472222222	0
171.006944444444	0.2
171.010416666667	0
171.013888888889	0.2
171.017361111111	0
171.020833333333	0
171.024305555556	0
171.027777777778	0
171.03125	0
171.034722222222	0
171.038194444444	0
171.041666666667	0
171.045138888889	0
171.048611111111	0
171.052083333333	0
171.055555555556	0
171.059027777778	0
171.0625	0
171.065972222222	0
171.069444444444	0
171.072916666667	0
171.076388888889	0
171.079861111111	0
171.083333333333	0
171.086805555556	0
171.090277777778	0
171.09375	0
171.097222222222	0
171.100694444444	0
171.104166666667	0
171.107638888889	0
171.111111111111	0
171.114583333333	0
171.118055555556	0
171.121527777778	0
171.125	0
171.128472222222	0
171.131944444444	0
171.135416666667	0
171.138888888889	0
171.142361111111	0
171.145833333333	0
171.149305555556	0
171.152777777778	0
171.15625	0
171.159722222222	0
171.163194444444	0
171.166666666667	0
171.170138888889	0
171.173611111111	0
171.177083333333	0
171.180555555556	0
171.184027777778	0
171.1875	0
171.190972222222	0
171.194444444444	0
171.197916666667	0
171.201388888889	0
171.204861111111	0
171.208333333333	0
171.211805555556	0
171.215277777778	0
171.21875	0
171.222222222222	0
171.225694444444	0
171.229166666667	0
171.232638888889	0
171.236111111111	0
171.239583333333	0
171.243055555556	0
171.246527777778	0
171.25	0
171.253472222222	0
171.256944444444	0
171.260416666667	0
171.263888888889	0
171.267361111111	0
171.270833333333	0
171.274305555556	0
171.277777777778	0
171.28125	0
171.284722222222	0
171.288194444444	0
171.291666666667	0
171.295138888889	0
171.298611111111	0
171.302083333333	0
171.305555555556	0
171.309027777778	0
171.3125	0
171.315972222222	0
171.319444444444	0
171.322916666667	0
171.326388888889	0
171.329861111111	0
171.333333333333	0
171.336805555556	0
171.340277777778	0
171.34375	0
171.347222222222	0
171.350694444444	0
171.354166666667	0
171.357638888889	0
171.361111111111	0
171.364583333333	0
171.368055555556	0
171.371527777778	0
171.375	0
171.378472222222	0
171.381944444444	0
171.385416666667	0
171.388888888889	0
171.392361111111	0
171.395833333333	0
171.399305555556	0
171.402777777778	0
171.40625	0
171.409722222222	0
171.413194444444	0
171.416666666667	0
171.420138888889	0
171.423611111111	0
171.427083333333	0
171.430555555556	0
171.434027777778	0
171.4375	0
171.440972222222	0
171.444444444444	0
171.447916666667	0
171.451388888889	0
171.454861111111	0
171.458333333333	0
171.461805555556	0
171.465277777778	0
171.46875	0
171.472222222222	0
171.475694444444	0
171.479166666667	0
171.482638888889	0
171.486111111111	0
171.489583333333	0
171.493055555556	0
171.496527777778	0
171.5	0
171.503472222222	0
171.506944444444	0
171.510416666667	0
171.513888888889	0
171.517361111111	0
171.520833333333	0
171.524305555556	0
171.527777777778	0
171.53125	0
171.534722222222	0
171.538194444444	0
171.541666666667	0
171.545138888889	0
171.548611111111	0
171.552083333333	0
171.555555555556	0
171.559027777778	0
171.5625	0
171.565972222222	0
171.569444444444	0
171.572916666667	0
171.576388888889	0
171.579861111111	0
171.583333333333	0
171.586805555556	0
171.590277777778	0
171.59375	0
171.597222222222	0
171.600694444444	0
171.604166666667	0
171.607638888889	0
171.611111111111	0
171.614583333333	0
171.618055555556	0
171.621527777778	0
171.625	0
171.628472222222	0
171.631944444444	0
171.635416666667	0
171.638888888889	0
171.642361111111	0
171.645833333333	0
171.649305555556	0
171.652777777778	0
171.65625	0
171.659722222222	0
171.663194444444	0
171.666666666667	0
171.670138888889	0
171.673611111111	0
171.677083333333	0
171.680555555556	0
171.684027777778	0
171.6875	0
171.690972222222	0
171.694444444444	0
171.697916666667	0
171.701388888889	0
171.704861111111	0
171.708333333333	0
171.711805555556	0
171.715277777778	0
171.71875	0
171.722222222222	0
171.725694444444	0
171.729166666667	0
171.732638888889	0
171.736111111111	0
171.739583333333	0
171.743055555556	0
171.746527777778	0
171.75	0
171.753472222222	0
171.756944444444	0
171.760416666667	0
171.763888888889	0
171.767361111111	0
171.770833333333	0
171.774305555556	0
171.777777777778	0
171.78125	0
171.784722222222	0
171.788194444444	0
171.791666666667	0
171.795138888889	0
171.798611111111	0
171.802083333333	0
171.805555555556	0
171.809027777778	0
171.8125	0
171.815972222222	0
171.819444444444	0
171.822916666667	0
171.826388888889	0
171.829861111111	0
171.833333333333	0
171.836805555556	0
171.840277777778	0
171.84375	0
171.847222222222	0
171.850694444444	0
171.854166666667	0
171.857638888889	0
171.861111111111	0
171.864583333333	0
171.868055555556	0
171.871527777778	0
171.875	0
171.878472222222	0
171.881944444444	0
171.885416666667	0
171.888888888889	0
171.892361111111	0
171.895833333333	0
171.899305555556	0
171.902777777778	0
171.90625	0
171.909722222222	0
171.913194444444	0
171.916666666667	0
171.920138888889	0
171.923611111111	0
171.927083333333	0
171.930555555556	0
171.934027777778	0
171.9375	0
171.940972222222	0
171.944444444444	0
171.947916666667	0
171.951388888889	0
171.954861111111	0
171.958333333333	0
171.961805555556	0
171.965277777778	0
171.96875	0
171.972222222222	0
171.975694444444	0
171.979166666667	0
171.982638888889	0
171.986111111111	0
171.989583333333	0
171.993055555556	0
171.996527777778	0
172	0
172.003472222222	0
172.006944444444	0
172.010416666667	0
172.013888888889	0
172.017361111111	0
172.020833333333	0
172.024305555556	0
172.027777777778	0
172.03125	0
172.034722222222	0
172.038194444444	0
172.041666666667	0
172.045138888889	0
172.048611111111	0
172.052083333333	0
172.055555555556	0
172.059027777778	0
172.0625	0
172.065972222222	0
172.069444444444	0
172.072916666667	0
172.076388888889	0
172.079861111111	0
172.083333333333	0
172.086805555556	0
172.090277777778	0
172.09375	0
172.097222222222	0
172.100694444444	0
172.104166666667	0
172.107638888889	0
172.111111111111	0
172.114583333333	0
172.118055555556	0
172.121527777778	0
172.125	0
172.128472222222	0
172.131944444444	0
172.135416666667	0
172.138888888889	0
172.142361111111	0
172.145833333333	0
172.149305555556	0
172.152777777778	0
172.15625	0
172.159722222222	0
172.163194444444	0
172.166666666667	0
172.170138888889	0
172.173611111111	0
172.177083333333	0
172.180555555556	0
172.184027777778	0
172.1875	0
172.190972222222	0
172.194444444444	0
172.197916666667	0
172.201388888889	0
172.204861111111	0
172.208333333333	0
172.211805555556	0
172.215277777778	0
172.21875	0
172.222222222222	0
172.225694444444	0
172.229166666667	0
172.232638888889	0
172.236111111111	0
172.239583333333	0
172.243055555556	0
172.246527777778	0
172.25	0
172.253472222222	0
172.256944444444	0
172.260416666667	0
172.263888888889	0
172.267361111111	0
172.270833333333	0
172.274305555556	0
172.277777777778	0
172.28125	0
172.284722222222	0
172.288194444444	0
172.291666666667	0
172.295138888889	0
172.298611111111	0
172.302083333333	0
172.305555555556	0
172.309027777778	0
172.3125	0
172.315972222222	0
172.319444444444	0
172.322916666667	0
172.326388888889	0
172.329861111111	0
172.333333333333	0
172.336805555556	0
172.340277777778	0
172.34375	0
172.347222222222	0
172.350694444444	0
172.354166666667	0
172.357638888889	0
172.361111111111	0
172.364583333333	0
172.368055555556	0
172.371527777778	0
172.375	0
172.378472222222	0
172.381944444444	0
172.385416666667	0
172.388888888889	0
172.392361111111	0
172.395833333333	0
172.399305555556	0
172.402777777778	0
172.40625	0
172.409722222222	0
172.413194444444	0
172.416666666667	0
172.420138888889	0
172.423611111111	0
172.427083333333	0
172.430555555556	0
172.434027777778	0
172.4375	0
172.440972222222	0
172.444444444444	0
172.447916666667	0
172.451388888889	0
172.454861111111	0
172.458333333333	0
172.461805555556	0
172.465277777778	0
172.46875	0
172.472222222222	0
172.475694444444	0
172.479166666667	0
172.482638888889	0
172.486111111111	0
172.489583333333	0
172.493055555556	0
172.496527777778	0
172.5	0
172.503472222222	0
172.506944444444	0
172.510416666667	0
172.513888888889	0
172.517361111111	0
172.520833333333	0
172.524305555556	0
172.527777777778	0
172.53125	0
172.534722222222	0
172.538194444444	0
172.541666666667	0
172.545138888889	0
172.548611111111	0
172.552083333333	0
172.555555555556	0
172.559027777778	0
172.5625	0
172.565972222222	0
172.569444444444	0
172.572916666667	0
172.576388888889	0
172.579861111111	0
172.583333333333	0
172.586805555556	0
172.590277777778	0
172.59375	0
172.597222222222	0
172.600694444444	0
172.604166666667	0
172.607638888889	0
172.611111111111	0
172.614583333333	0
172.618055555556	0
172.621527777778	0
172.625	0
172.628472222222	0
172.631944444444	0
172.635416666667	0
172.638888888889	0
172.642361111111	0
172.645833333333	0
172.649305555556	0
172.652777777778	0
172.65625	0
172.659722222222	0
172.663194444444	0
172.666666666667	0
172.670138888889	0
172.673611111111	0
172.677083333333	0
172.680555555556	0
172.684027777778	0
172.6875	0
172.690972222222	0
172.694444444444	0
172.697916666667	0
172.701388888889	0
172.704861111111	0
172.708333333333	0
172.711805555556	0
172.715277777778	0
172.71875	0
172.722222222222	0.2
172.725694444444	0
172.729166666667	0
172.732638888889	0.2
172.736111111111	0
172.739583333333	0.2
172.743055555556	0
172.746527777778	0.2
172.75	0.2
172.753472222222	0.2
172.756944444444	0.2
172.760416666667	0
172.763888888889	0.2
172.767361111111	0
172.770833333333	0
172.774305555556	0
172.777777777778	0
172.78125	0.2
172.784722222222	0.2
172.788194444444	0.2
172.791666666667	0.2
172.795138888889	0.2
172.798611111111	0.2
172.802083333333	0
172.805555555556	0.4
172.809027777778	0
172.8125	0.4
172.815972222222	0
172.819444444444	0.4
172.822916666667	0
172.826388888889	0.2
172.829861111111	0.2
172.833333333333	0.2
172.836805555556	0.2
172.840277777778	0.2
172.84375	0.2
172.847222222222	0.2
172.850694444444	0.4
172.854166666667	0.2
172.857638888889	0.4
172.861111111111	0.4
172.864583333333	0.2
172.868055555556	0.2
172.871527777778	0.2
172.875	0.2
172.878472222222	0.2
172.881944444444	0.2
172.885416666667	0.2
172.888888888889	0.2
172.892361111111	0
172.895833333333	0
172.899305555556	0.2
172.902777777778	0.2
172.90625	0.4
172.909722222222	0.4
172.913194444444	0.2
172.916666666667	0.2
172.920138888889	0
172.923611111111	0
172.927083333333	0
172.930555555556	0
172.934027777778	0
172.9375	0
172.940972222222	0
172.944444444444	0
172.947916666667	0
172.951388888889	0
172.954861111111	0
172.958333333333	0
172.961805555556	0
172.965277777778	0
172.96875	0
172.972222222222	0
172.975694444444	0
172.979166666667	0
172.982638888889	0
172.986111111111	0
172.989583333333	0
172.993055555556	0
172.996527777778	0
173	0
173.003472222222	0
173.006944444444	0
173.010416666667	0
173.013888888889	0
173.017361111111	0.2
173.020833333333	0.8
173.024305555556	0.6
173.027777777778	0.2
173.03125	0.2
173.034722222222	0.2
173.038194444444	0
173.041666666667	0
173.045138888889	0.2
173.048611111111	0
173.052083333333	0
173.055555555556	0.2
173.059027777778	0
173.0625	0
173.065972222222	0
173.069444444444	0
173.072916666667	0
173.076388888889	0
173.079861111111	0
173.083333333333	0
173.086805555556	0
173.090277777778	0
173.09375	0
173.097222222222	0
173.100694444444	0
173.104166666667	0
173.107638888889	0
173.111111111111	0
173.114583333333	0
173.118055555556	0
173.121527777778	0
173.125	0
173.128472222222	0
173.131944444444	0
173.135416666667	0
173.138888888889	0
173.142361111111	0
173.145833333333	0
173.149305555556	0
173.152777777778	0
173.15625	0
173.159722222222	0
173.163194444444	0
173.166666666667	0
173.170138888889	0
173.173611111111	0
173.177083333333	0
173.180555555556	0
173.184027777778	0
173.1875	0
173.190972222222	0
173.194444444444	0
173.197916666667	0
173.201388888889	0
173.204861111111	0
173.208333333333	0
173.211805555556	0
173.215277777778	0
173.21875	0
173.222222222222	0
173.225694444444	0
173.229166666667	0
173.232638888889	0
173.236111111111	0
173.239583333333	0
173.243055555556	0
173.246527777778	0
173.25	0
173.253472222222	0
173.256944444444	0
173.260416666667	0.2
173.263888888889	0
173.267361111111	0
173.270833333333	0
173.274305555556	0
173.277777777778	0
173.28125	0
173.284722222222	0
173.288194444444	0
173.291666666667	0
173.295138888889	0
173.298611111111	0
173.302083333333	0
173.305555555556	0
173.309027777778	0.2
173.3125	0
173.315972222222	0.2
173.319444444444	0
173.322916666667	0
173.326388888889	0
173.329861111111	0
173.333333333333	0
173.336805555556	0
173.340277777778	0
173.34375	0
173.347222222222	0
173.350694444444	0
173.354166666667	0
173.357638888889	0
173.361111111111	0
173.364583333333	0
173.368055555556	0
173.371527777778	0
173.375	0
173.378472222222	0
173.381944444444	0
173.385416666667	0
173.388888888889	0
173.392361111111	0
173.395833333333	0
173.399305555556	0
173.402777777778	0
173.40625	0
173.409722222222	0
173.413194444444	0
173.416666666667	0
173.420138888889	0
173.423611111111	0
173.427083333333	0
173.430555555556	0
173.434027777778	0
173.4375	0
173.440972222222	0
173.444444444444	0
173.447916666667	0
173.451388888889	0
173.454861111111	0
173.458333333333	0
173.461805555556	0
173.465277777778	0
173.46875	0
173.472222222222	0
173.475694444444	0
173.479166666667	0
173.482638888889	0
173.486111111111	0
173.489583333333	0
173.493055555556	0
173.496527777778	0
173.5	0
173.503472222222	0
173.506944444444	0
173.510416666667	0
173.513888888889	0
173.517361111111	0
173.520833333333	0
173.524305555556	0
173.527777777778	0
173.53125	0
173.534722222222	0
173.538194444444	0
173.541666666667	0
173.545138888889	0
173.548611111111	0
173.552083333333	0
173.555555555556	0
173.559027777778	0
173.5625	0
173.565972222222	0
173.569444444444	0
173.572916666667	0
173.576388888889	0
173.579861111111	0
173.583333333333	0
173.586805555556	0
173.590277777778	0
173.59375	0
173.597222222222	0
173.600694444444	0
173.604166666667	0
173.607638888889	0
173.611111111111	0
173.614583333333	0
173.618055555556	0
173.621527777778	0
173.625	0
173.628472222222	0
173.631944444444	0
173.635416666667	0
173.638888888889	0
173.642361111111	0
173.645833333333	0
173.649305555556	0
173.652777777778	0
173.65625	0
173.659722222222	0
173.663194444444	0
173.666666666667	0
173.670138888889	0
173.673611111111	0
173.677083333333	0
173.680555555556	0
173.684027777778	0
173.6875	0
173.690972222222	0
173.694444444444	0
173.697916666667	0
173.701388888889	0
173.704861111111	0
173.708333333333	0
173.711805555556	0
173.715277777778	0
173.71875	0
173.722222222222	0
173.725694444444	0
173.729166666667	0
173.732638888889	0
173.736111111111	0
173.739583333333	0
173.743055555556	0
173.746527777778	0
173.75	0
173.753472222222	0
173.756944444444	0
173.760416666667	0
173.763888888889	0
173.767361111111	0
173.770833333333	0
173.774305555556	0
173.777777777778	0
173.78125	0
173.784722222222	0
173.788194444444	0
173.791666666667	0
173.795138888889	0
173.798611111111	0
173.802083333333	0
173.805555555556	0
173.809027777778	0
173.8125	0
173.815972222222	0
173.819444444444	0
173.822916666667	0
173.826388888889	0
173.829861111111	0
173.833333333333	0
173.836805555556	0
173.840277777778	0
173.84375	0
173.847222222222	0
173.850694444444	0
173.854166666667	0
173.857638888889	0
173.861111111111	0.2
173.864583333333	0
173.868055555556	0
173.871527777778	0.2
173.875	0
173.878472222222	0
173.881944444444	0
173.885416666667	0
173.888888888889	0
173.892361111111	0.2
173.895833333333	0
173.899305555556	0.2
173.902777777778	0
173.90625	0
173.909722222222	0.2
173.913194444444	0.2
173.916666666667	0
173.920138888889	0
173.923611111111	0.2
173.927083333333	0.2
173.930555555556	0
173.934027777778	0.2
173.9375	0.2
173.940972222222	0
173.944444444444	0.2
173.947916666667	0.2
173.951388888889	0.4
173.954861111111	0.4
173.958333333333	0.2
173.961805555556	0.2
173.965277777778	0.2
173.96875	0.2
173.972222222222	0
173.975694444444	0.2
173.979166666667	0.2
173.982638888889	0.2
173.986111111111	0.2
173.989583333333	0
173.993055555556	0.2
173.996527777778	0.2
174	0.4
174.003472222222	0.4
174.006944444444	0.6
174.010416666667	0.2
174.013888888889	0
174.017361111111	0
174.020833333333	0.2
174.024305555556	0.2
174.027777777778	0
174.03125	0
174.034722222222	0
174.038194444444	0
174.041666666667	0
174.045138888889	0
174.048611111111	0.2
174.052083333333	0.2
174.055555555556	0
174.059027777778	0
174.0625	0
174.065972222222	0
174.069444444444	0
174.072916666667	0
174.076388888889	0.2
174.079861111111	0
174.083333333333	0
174.086805555556	0
174.090277777778	0
174.09375	0
174.097222222222	0.2
174.100694444444	0.8
174.104166666667	0.4
174.107638888889	0.2
174.111111111111	0
174.114583333333	0.2
174.118055555556	0.2
174.121527777778	0
174.125	0
174.128472222222	0
174.131944444444	0
174.135416666667	0.2
174.138888888889	0
174.142361111111	0
174.145833333333	0
174.149305555556	0
174.152777777778	0
174.15625	0
174.159722222222	0
174.163194444444	0
174.166666666667	0
174.170138888889	0
174.173611111111	0
174.177083333333	0
174.180555555556	0
174.184027777778	0
174.1875	0
174.190972222222	0
174.194444444444	0
174.197916666667	0
174.201388888889	0
174.204861111111	0
174.208333333333	0
174.211805555556	0
174.215277777778	0
174.21875	0
174.222222222222	0
174.225694444444	0
174.229166666667	0
174.232638888889	0
174.236111111111	0
174.239583333333	0
174.243055555556	0
174.246527777778	0
174.25	0
174.253472222222	0
174.256944444444	0
174.260416666667	0
174.263888888889	0
174.267361111111	0
174.270833333333	0
174.274305555556	0
174.277777777778	0
174.28125	0
174.284722222222	0
174.288194444444	0
174.291666666667	0
174.295138888889	0
174.298611111111	0
174.302083333333	0
174.305555555556	0
174.309027777778	0
174.3125	0
174.315972222222	0
174.319444444444	0
174.322916666667	0
174.326388888889	0
174.329861111111	0
174.333333333333	0
174.336805555556	0
174.340277777778	0
174.34375	0
174.347222222222	0
174.350694444444	0
174.354166666667	0
174.357638888889	0
174.361111111111	0
174.364583333333	0
174.368055555556	0
174.371527777778	0
174.375	0
174.378472222222	0
174.381944444444	0
174.385416666667	0
174.388888888889	0
174.392361111111	0
174.395833333333	0
174.399305555556	0
174.402777777778	0
174.40625	0
174.409722222222	0
174.413194444444	0
174.416666666667	0
174.420138888889	0
174.423611111111	0
174.427083333333	0
174.430555555556	0
174.434027777778	0
174.4375	0
174.440972222222	0
174.444444444444	0
174.447916666667	0
174.451388888889	0
174.454861111111	0
174.458333333333	0
174.461805555556	0
174.465277777778	0
174.46875	0
174.472222222222	0
174.475694444444	0
174.479166666667	0
174.482638888889	0
174.486111111111	0
174.489583333333	0
174.493055555556	0
174.496527777778	0
174.5	0
174.503472222222	0
174.506944444444	0
174.510416666667	0
174.513888888889	0
174.517361111111	0
174.520833333333	0
174.524305555556	0
174.527777777778	0
174.53125	0.2
174.534722222222	0
174.538194444444	0
174.541666666667	0
174.545138888889	0
174.548611111111	0
174.552083333333	0
174.555555555556	0
174.559027777778	0
174.5625	0
174.565972222222	0.2
174.569444444444	0
174.572916666667	0
174.576388888889	0
174.579861111111	0
174.583333333333	0.2
174.586805555556	0
174.590277777778	0.2
174.59375	0
174.597222222222	0
174.600694444444	0.2
174.604166666667	0
174.607638888889	0
174.611111111111	0.2
174.614583333333	0
174.618055555556	0
174.621527777778	0.2
174.625	0
174.628472222222	0.2
174.631944444444	0
174.635416666667	0.2
174.638888888889	0
174.642361111111	0.2
174.645833333333	0
174.649305555556	0.2
174.652777777778	0
174.65625	0.2
174.659722222222	0
174.663194444444	0
174.666666666667	0
174.670138888889	0.2
174.673611111111	0
174.677083333333	0.2
174.680555555556	0
174.684027777778	0.2
174.6875	0
174.690972222222	0
174.694444444444	0
174.697916666667	0.2
174.701388888889	0.4
174.704861111111	0.4
174.708333333333	0.2
174.711805555556	0.2
174.715277777778	0.4
174.71875	0.4
174.722222222222	0.6
174.725694444444	0.4
174.729166666667	0.2
174.732638888889	0.2
174.736111111111	0.2
174.739583333333	0
174.743055555556	0
174.746527777778	0
174.75	0
174.753472222222	0
174.756944444444	0.2
174.760416666667	0.2
174.763888888889	0.2
174.767361111111	0
174.770833333333	0.2
174.774305555556	0.4
174.777777777778	0.2
174.78125	0.4
174.784722222222	0.4
174.788194444444	0.2
174.791666666667	0.2
174.795138888889	0
174.798611111111	0.2
174.802083333333	0
174.805555555556	0
174.809027777778	0.2
174.8125	0.4
174.815972222222	0.4
174.819444444444	0.6
174.822916666667	0.4
174.826388888889	0.2
174.829861111111	0
174.833333333333	0.2
174.836805555556	0.2
174.840277777778	0.2
174.84375	0
174.847222222222	0
174.850694444444	0
174.854166666667	0
174.857638888889	0.2
174.861111111111	0
174.864583333333	0
174.868055555556	0
174.871527777778	0
174.875	0
174.878472222222	0
174.881944444444	0
174.885416666667	0.2
174.888888888889	0
174.892361111111	0.2
174.895833333333	0
174.899305555556	0
174.902777777778	0
174.90625	0
174.909722222222	0
174.913194444444	0
174.916666666667	0
174.920138888889	0
174.923611111111	0
174.927083333333	0
174.930555555556	0
174.934027777778	0
174.9375	0
174.940972222222	0
174.944444444444	0
174.947916666667	0
174.951388888889	0
174.954861111111	0
174.958333333333	0
174.961805555556	0
174.965277777778	0
174.96875	0
174.972222222222	0
174.975694444444	0
174.979166666667	0
174.982638888889	0
174.986111111111	0
174.989583333333	0
174.993055555556	0
174.996527777778	0
175	0
175.003472222222	0
175.006944444444	0
175.010416666667	0
175.013888888889	0
175.017361111111	0
175.020833333333	0
175.024305555556	0
175.027777777778	0
175.03125	0
175.034722222222	0
175.038194444444	0
175.041666666667	0
175.045138888889	0
175.048611111111	0
175.052083333333	0
175.055555555556	0
175.059027777778	0
175.0625	0
175.065972222222	0
175.069444444444	0
175.072916666667	0
175.076388888889	0
175.079861111111	0
175.083333333333	0
175.086805555556	0
175.090277777778	0
175.09375	0
175.097222222222	0
175.100694444444	0
175.104166666667	0
175.107638888889	0
175.111111111111	0
175.114583333333	0
175.118055555556	0
175.121527777778	0
175.125	0
175.128472222222	0
175.131944444444	0
175.135416666667	0
175.138888888889	0
175.142361111111	0
175.145833333333	0
175.149305555556	0
175.152777777778	0
175.15625	0
175.159722222222	0
175.163194444444	0
175.166666666667	0
175.170138888889	0
175.173611111111	0
175.177083333333	0
175.180555555556	0
175.184027777778	0
175.1875	0
175.190972222222	0
175.194444444444	0
175.197916666667	0
175.201388888889	0
175.204861111111	0
175.208333333333	0
175.211805555556	0
175.215277777778	0
175.21875	0
175.222222222222	0
175.225694444444	0
175.229166666667	0
175.232638888889	0
175.236111111111	0
175.239583333333	0
175.243055555556	0
175.246527777778	0
175.25	0
175.253472222222	0
175.256944444444	0
175.260416666667	0
175.263888888889	0
175.267361111111	0
175.270833333333	0
175.274305555556	0
175.277777777778	0
175.28125	0
175.284722222222	0
175.288194444444	0
175.291666666667	0
175.295138888889	0
175.298611111111	0
175.302083333333	0
175.305555555556	0
175.309027777778	0
175.3125	0
175.315972222222	0
175.319444444444	0
175.322916666667	0
175.326388888889	0
175.329861111111	0
175.333333333333	0
175.336805555556	0
175.340277777778	0
175.34375	0
175.347222222222	0
175.350694444444	0
175.354166666667	0
175.357638888889	0
175.361111111111	0
175.364583333333	0
175.368055555556	0
175.371527777778	0
175.375	0
175.378472222222	0
175.381944444444	0
175.385416666667	0
175.388888888889	0
175.392361111111	0
175.395833333333	0
175.399305555556	0
175.402777777778	0
175.40625	0
175.409722222222	0
175.413194444444	0
175.416666666667	0
175.420138888889	0
175.423611111111	0
175.427083333333	0
175.430555555556	0
175.434027777778	0
175.4375	0
175.440972222222	0
175.444444444444	0
175.447916666667	0
175.451388888889	0
175.454861111111	0
175.458333333333	0
175.461805555556	0
175.465277777778	0
175.46875	0
175.472222222222	0
175.475694444444	0
175.479166666667	0
175.482638888889	0
175.486111111111	0
175.489583333333	0
175.493055555556	0
175.496527777778	0
175.5	0
175.503472222222	0
175.506944444444	0
175.510416666667	0
175.513888888889	0
175.517361111111	0
175.520833333333	0
175.524305555556	0
175.527777777778	0
175.53125	0
175.534722222222	0
175.538194444444	0
175.541666666667	0
175.545138888889	0
175.548611111111	0
175.552083333333	0
175.555555555556	0
175.559027777778	0
175.5625	0
175.565972222222	0
175.569444444444	0
175.572916666667	0
175.576388888889	0
175.579861111111	0
175.583333333333	0
175.586805555556	0
175.590277777778	0
175.59375	0
175.597222222222	0
175.600694444444	0
175.604166666667	0
175.607638888889	0
175.611111111111	0
175.614583333333	0
175.618055555556	0
175.621527777778	0
175.625	0
175.628472222222	0
175.631944444444	0
175.635416666667	0
175.638888888889	0.2
175.642361111111	0
175.645833333333	0
175.649305555556	0
175.652777777778	0
175.65625	0
175.659722222222	0
175.663194444444	0
175.666666666667	0
175.670138888889	0
175.673611111111	0
175.677083333333	0
175.680555555556	0
175.684027777778	0
175.6875	0
175.690972222222	0
175.694444444444	0
175.697916666667	0
175.701388888889	0
175.704861111111	0
175.708333333333	0
175.711805555556	0
175.715277777778	0
175.71875	0
175.722222222222	0
175.725694444444	0
175.729166666667	0
175.732638888889	0
175.736111111111	0
175.739583333333	0
175.743055555556	0
175.746527777778	0
175.75	0
175.753472222222	0
175.756944444444	0
175.760416666667	0
175.763888888889	0
175.767361111111	0
175.770833333333	0
175.774305555556	0
175.777777777778	0
175.78125	0
175.784722222222	0
175.788194444444	0
175.791666666667	0
175.795138888889	0
175.798611111111	0
175.802083333333	0
175.805555555556	0
175.809027777778	0
175.8125	0
175.815972222222	0
175.819444444444	0
175.822916666667	0
175.826388888889	0
175.829861111111	0
175.833333333333	0
175.836805555556	0
175.840277777778	0
175.84375	0
175.847222222222	0
175.850694444444	0
175.854166666667	0
175.857638888889	0
175.861111111111	0
175.864583333333	0
175.868055555556	0
175.871527777778	0
175.875	0
175.878472222222	0
175.881944444444	0
175.885416666667	0
175.888888888889	0
175.892361111111	0
175.895833333333	0
175.899305555556	0
175.902777777778	0
175.90625	0
175.909722222222	0
175.913194444444	0
175.916666666667	0
175.920138888889	0
175.923611111111	0.2
175.927083333333	0.4
175.930555555556	0.6
175.934027777778	0.4
175.9375	0
175.940972222222	0
175.944444444444	0
175.947916666667	0
175.951388888889	0
175.954861111111	0
175.958333333333	0
175.961805555556	0
175.965277777778	0
175.96875	0
175.972222222222	0
175.975694444444	0
175.979166666667	0
175.982638888889	0
175.986111111111	0
175.989583333333	0
175.993055555556	0
175.996527777778	0.2
176	0
176.003472222222	0
176.006944444444	0
176.010416666667	0
176.013888888889	0
176.017361111111	0
176.020833333333	0
176.024305555556	0
176.027777777778	0
176.03125	0
176.034722222222	0
176.038194444444	0
176.041666666667	0
176.045138888889	0
176.048611111111	0
176.052083333333	0
176.055555555556	0
176.059027777778	0
176.0625	0
176.065972222222	0
176.069444444444	0
176.072916666667	0
176.076388888889	0
176.079861111111	0
176.083333333333	0
176.086805555556	0
176.090277777778	0
176.09375	0
176.097222222222	0
176.100694444444	0
176.104166666667	0
176.107638888889	0
176.111111111111	0
176.114583333333	0
176.118055555556	0
176.121527777778	0
176.125	0
176.128472222222	0
176.131944444444	0
176.135416666667	0
176.138888888889	0
176.142361111111	0
176.145833333333	0
176.149305555556	0
176.152777777778	0
176.15625	0
176.159722222222	0
176.163194444444	0
176.166666666667	0
176.170138888889	0
176.173611111111	0
176.177083333333	0
176.180555555556	0
176.184027777778	0
176.1875	0
176.190972222222	0
176.194444444444	0
176.197916666667	0
176.201388888889	0
176.204861111111	0
176.208333333333	0
176.211805555556	0
176.215277777778	0
176.21875	0
176.222222222222	0
176.225694444444	0
176.229166666667	0
176.232638888889	0
176.236111111111	0
176.239583333333	0
176.243055555556	0
176.246527777778	0
176.25	0
176.253472222222	0
176.256944444444	0
176.260416666667	0
176.263888888889	0
176.267361111111	0
176.270833333333	0
176.274305555556	0
176.277777777778	0
176.28125	0
176.284722222222	0
176.288194444444	0
176.291666666667	0
176.295138888889	0
176.298611111111	0
176.302083333333	0
176.305555555556	0
176.309027777778	0
176.3125	0
176.315972222222	0
176.319444444444	0
176.322916666667	0
176.326388888889	0
176.329861111111	0
176.333333333333	0
176.336805555556	0
176.340277777778	0
176.34375	0
176.347222222222	0
176.350694444444	0
176.354166666667	0
176.357638888889	0
176.361111111111	0
176.364583333333	0
176.368055555556	0
176.371527777778	0
176.375	0
176.378472222222	0
176.381944444444	0
176.385416666667	0
176.388888888889	0
176.392361111111	0
176.395833333333	0
176.399305555556	0
176.402777777778	0
176.40625	0
176.409722222222	0
176.413194444444	0
176.416666666667	0
176.420138888889	0
176.423611111111	0
176.427083333333	0.2
176.430555555556	0
176.434027777778	0
176.4375	0
176.440972222222	0
176.444444444444	0
176.447916666667	0
176.451388888889	0
176.454861111111	0
176.458333333333	0
176.461805555556	0
176.465277777778	0
176.46875	0
176.472222222222	0
176.475694444444	0
176.479166666667	0
176.482638888889	0
176.486111111111	0
176.489583333333	0
176.493055555556	0
176.496527777778	0
176.5	0
176.503472222222	0
176.506944444444	0
176.510416666667	0
176.513888888889	0
176.517361111111	0
176.520833333333	0
176.524305555556	0
176.527777777778	0
176.53125	0
176.534722222222	0
176.538194444444	0
176.541666666667	0
176.545138888889	0
176.548611111111	0
176.552083333333	0
176.555555555556	0
176.559027777778	0
176.5625	0
176.565972222222	0
176.569444444444	0
176.572916666667	0
176.576388888889	0
176.579861111111	0
176.583333333333	0
176.586805555556	0
176.590277777778	0
176.59375	0
176.597222222222	0
176.600694444444	0
176.604166666667	0
176.607638888889	0
176.611111111111	0
176.614583333333	0
176.618055555556	0
176.621527777778	0
176.625	0
176.628472222222	0
176.631944444444	0
176.635416666667	0
176.638888888889	0
176.642361111111	0
176.645833333333	0
176.649305555556	0
176.652777777778	0
176.65625	0
176.659722222222	0
176.663194444444	0
176.666666666667	0
176.670138888889	0
176.673611111111	0
176.677083333333	0
176.680555555556	0
176.684027777778	0
176.6875	0
176.690972222222	0
176.694444444444	0
176.697916666667	0
176.701388888889	0
176.704861111111	0
176.708333333333	0
176.711805555556	0
176.715277777778	0
176.71875	0
176.722222222222	0
176.725694444444	0
176.729166666667	0
176.732638888889	0
176.736111111111	0
176.739583333333	0
176.743055555556	0
176.746527777778	0
176.75	0
176.753472222222	0
176.756944444444	0
176.760416666667	0
176.763888888889	0
176.767361111111	0
176.770833333333	0
176.774305555556	0
176.777777777778	0
176.78125	0
176.784722222222	0
176.788194444444	0
176.791666666667	0
176.795138888889	0
176.798611111111	0
176.802083333333	0
176.805555555556	0
176.809027777778	0
176.8125	0
176.815972222222	0
176.819444444444	0
176.822916666667	0
176.826388888889	0
176.829861111111	0
176.833333333333	0
176.836805555556	0
176.840277777778	0
176.84375	0
176.847222222222	0
176.850694444444	0
176.854166666667	0
176.857638888889	0
176.861111111111	0
176.864583333333	0
176.868055555556	0
176.871527777778	0
176.875	0
176.878472222222	0
176.881944444444	0
176.885416666667	0
176.888888888889	0
176.892361111111	0
176.895833333333	0
176.899305555556	0
176.902777777778	0
176.90625	0
176.909722222222	0
176.913194444444	0
176.916666666667	0
176.920138888889	0
176.923611111111	0
176.927083333333	0
176.930555555556	0
176.934027777778	0
176.9375	0
176.940972222222	0.2
176.944444444444	0
176.947916666667	0
176.951388888889	0
176.954861111111	0
176.958333333333	0
176.961805555556	0
176.965277777778	0
176.96875	0.2
176.972222222222	0
176.975694444444	0.2
176.979166666667	0
176.982638888889	0.2
176.986111111111	0
176.989583333333	0
176.993055555556	0
176.996527777778	0
177	0
177.003472222222	0
177.006944444444	0
177.010416666667	0
177.013888888889	0
177.017361111111	0
177.020833333333	0
177.024305555556	0
177.027777777778	0
177.03125	0
177.034722222222	0
177.038194444444	0
177.041666666667	0
177.045138888889	0
177.048611111111	0
177.052083333333	0.2
177.055555555556	0
177.059027777778	0
177.0625	0
177.065972222222	0
177.069444444444	0
177.072916666667	0
177.076388888889	0
177.079861111111	0
177.083333333333	0
177.086805555556	0
177.090277777778	0
177.09375	0
177.097222222222	0
177.100694444444	0
177.104166666667	0.2
177.107638888889	0
177.111111111111	0
177.114583333333	0
177.118055555556	0
177.121527777778	0
177.125	0
177.128472222222	0
177.131944444444	0
177.135416666667	0
177.138888888889	0
177.142361111111	0
177.145833333333	0
177.149305555556	0
177.152777777778	0
177.15625	0
177.159722222222	0
177.163194444444	0
177.166666666667	0
177.170138888889	0
177.173611111111	0
177.177083333333	0
177.180555555556	0
177.184027777778	0
177.1875	0
177.190972222222	0
177.194444444444	0
177.197916666667	0
177.201388888889	0
177.204861111111	0
177.208333333333	0
177.211805555556	0
177.215277777778	0
177.21875	0
177.222222222222	0
177.225694444444	0
177.229166666667	0
177.232638888889	0
177.236111111111	0
177.239583333333	0
177.243055555556	0
177.246527777778	0
177.25	0
177.253472222222	0
177.256944444444	0
177.260416666667	0
177.263888888889	0
177.267361111111	0
177.270833333333	0
177.274305555556	0
177.277777777778	0
177.28125	0
177.284722222222	0
177.288194444444	0
177.291666666667	0
177.295138888889	0
177.298611111111	0
177.302083333333	0
177.305555555556	0
177.309027777778	0
177.3125	0
177.315972222222	0
177.319444444444	0
177.322916666667	0
177.326388888889	0
177.329861111111	0
177.333333333333	0
177.336805555556	0
177.340277777778	0
177.34375	0
177.347222222222	0
177.350694444444	0
177.354166666667	0
177.357638888889	0
177.361111111111	0
177.364583333333	0
177.368055555556	0
177.371527777778	0
177.375	0
177.378472222222	0
177.381944444444	0
177.385416666667	0
177.388888888889	0
177.392361111111	0
177.395833333333	0
177.399305555556	0
177.402777777778	0
177.40625	0
177.409722222222	0
177.413194444444	0
177.416666666667	0
177.420138888889	0
177.423611111111	0
177.427083333333	0
177.430555555556	0
177.434027777778	0
177.4375	0
177.440972222222	0
177.444444444444	0
177.447916666667	0
177.451388888889	0
177.454861111111	0
177.458333333333	0
177.461805555556	0
177.465277777778	0
177.46875	0
177.472222222222	0
177.475694444444	0
177.479166666667	0
177.482638888889	0
177.486111111111	0
177.489583333333	0
177.493055555556	0
177.496527777778	0
177.5	0
177.503472222222	0
177.506944444444	0
177.510416666667	0
177.513888888889	0.2
177.517361111111	0
177.520833333333	0
177.524305555556	0
177.527777777778	0
177.53125	0
177.534722222222	0
177.538194444444	0
177.541666666667	0
177.545138888889	0
177.548611111111	0
177.552083333333	0
177.555555555556	0
177.559027777778	0
177.5625	0
177.565972222222	0
177.569444444444	0
177.572916666667	0
177.576388888889	0
177.579861111111	0
177.583333333333	0
177.586805555556	0
177.590277777778	0
177.59375	0
177.597222222222	0
177.600694444444	0
177.604166666667	0
177.607638888889	0
177.611111111111	0
177.614583333333	0
177.618055555556	0
177.621527777778	0
177.625	0
177.628472222222	0
177.631944444444	0
177.635416666667	0
177.638888888889	0
177.642361111111	0
177.645833333333	0
177.649305555556	0
177.652777777778	0
177.65625	0
177.659722222222	0
177.663194444444	0
177.666666666667	0
177.670138888889	0
177.673611111111	0
177.677083333333	0
177.680555555556	0
177.684027777778	0
177.6875	0
177.690972222222	0
177.694444444444	0
177.697916666667	0
177.701388888889	0
177.704861111111	0
177.708333333333	0
177.711805555556	0
177.715277777778	0
177.71875	0
177.722222222222	0
177.725694444444	0
177.729166666667	0
177.732638888889	0
177.736111111111	0
177.739583333333	0
177.743055555556	0
177.746527777778	0
177.75	0
177.753472222222	0
177.756944444444	0
177.760416666667	0
177.763888888889	0
177.767361111111	0
177.770833333333	0
177.774305555556	0
177.777777777778	0
177.78125	0
177.784722222222	0
177.788194444444	0
177.791666666667	0
177.795138888889	0
177.798611111111	0
177.802083333333	0
177.805555555556	0
177.809027777778	0
177.8125	0
177.815972222222	0
177.819444444444	0
177.822916666667	0
177.826388888889	0
177.829861111111	0
177.833333333333	0
177.836805555556	0
177.840277777778	0
177.84375	0
177.847222222222	0
177.850694444444	0
177.854166666667	0
177.857638888889	0
177.861111111111	0
177.864583333333	0
177.868055555556	0
177.871527777778	0
177.875	0
177.878472222222	0
177.881944444444	0
177.885416666667	0
177.888888888889	0
177.892361111111	0
177.895833333333	0
177.899305555556	0
177.902777777778	0
177.90625	0
177.909722222222	0
177.913194444444	0
177.916666666667	0
177.920138888889	0
177.923611111111	0
177.927083333333	0
177.930555555556	0
177.934027777778	0
177.9375	0
177.940972222222	0
177.944444444444	0
177.947916666667	0
177.951388888889	0
177.954861111111	0
177.958333333333	0
177.961805555556	0
177.965277777778	0
177.96875	0
177.972222222222	0
177.975694444444	0
177.979166666667	0
177.982638888889	0
177.986111111111	0
177.989583333333	0
177.993055555556	0
177.996527777778	0
178	0
178.003472222222	0
178.006944444444	0
178.010416666667	0
178.013888888889	0
178.017361111111	0
178.020833333333	0
178.024305555556	0
178.027777777778	0
178.03125	0
178.034722222222	0
178.038194444444	0
178.041666666667	0
178.045138888889	0
178.048611111111	0
178.052083333333	0
178.055555555556	0
178.059027777778	0
178.0625	0
178.065972222222	0
178.069444444444	0.2
178.072916666667	0
178.076388888889	0
178.079861111111	0
178.083333333333	0
178.086805555556	0
178.090277777778	0
178.09375	0
178.097222222222	0
178.100694444444	0
178.104166666667	0
178.107638888889	0
178.111111111111	0
178.114583333333	0
178.118055555556	0
178.121527777778	0
178.125	0
178.128472222222	0
178.131944444444	0
178.135416666667	0
178.138888888889	0
178.142361111111	0
178.145833333333	0
178.149305555556	0
178.152777777778	0
178.15625	0
178.159722222222	0
178.163194444444	0
178.166666666667	0
178.170138888889	0
178.173611111111	0
178.177083333333	0
178.180555555556	0
178.184027777778	0
178.1875	0
178.190972222222	0
178.194444444444	0
178.197916666667	0
178.201388888889	0
178.204861111111	0
178.208333333333	0
178.211805555556	0
178.215277777778	0
178.21875	0
178.222222222222	0
178.225694444444	0
178.229166666667	0
178.232638888889	0
178.236111111111	0
178.239583333333	0
178.243055555556	0
178.246527777778	0
178.25	0
178.253472222222	0
178.256944444444	0
178.260416666667	0
178.263888888889	0
178.267361111111	0
178.270833333333	0
178.274305555556	0
178.277777777778	0
178.28125	0
178.284722222222	0
178.288194444444	0
178.291666666667	0
178.295138888889	0
178.298611111111	0
178.302083333333	0
178.305555555556	0
178.309027777778	0
178.3125	0
178.315972222222	0
178.319444444444	0
178.322916666667	0
178.326388888889	0
178.329861111111	0
178.333333333333	0
178.336805555556	0
178.340277777778	0
178.34375	0
178.347222222222	0
178.350694444444	0
178.354166666667	0
178.357638888889	0.2
178.361111111111	0
178.364583333333	0
178.368055555556	0
178.371527777778	0
178.375	0
178.378472222222	0
178.381944444444	0.2
178.385416666667	0
178.388888888889	0
178.392361111111	0
178.395833333333	0
178.399305555556	0
178.402777777778	0
178.40625	0
178.409722222222	0
178.413194444444	0
178.416666666667	0.2
178.420138888889	0
178.423611111111	0.2
178.427083333333	0
178.430555555556	0
178.434027777778	0
178.4375	0
178.440972222222	0
178.444444444444	0
178.447916666667	0.2
178.451388888889	0
178.454861111111	0
178.458333333333	0.2
178.461805555556	0
178.465277777778	0
178.46875	0
178.472222222222	0
178.475694444444	0
178.479166666667	0
178.482638888889	0
178.486111111111	0
178.489583333333	0
178.493055555556	0
178.496527777778	0
178.5	0.2
178.503472222222	0
178.506944444444	0
178.510416666667	0
178.513888888889	0
178.517361111111	0
178.520833333333	0
178.524305555556	0
178.527777777778	0
178.53125	0
178.534722222222	0
178.538194444444	0
178.541666666667	0
178.545138888889	0
178.548611111111	0
178.552083333333	0
178.555555555556	0
178.559027777778	0
178.5625	0
178.565972222222	0
178.569444444444	0
178.572916666667	0
178.576388888889	0
178.579861111111	0
178.583333333333	0
178.586805555556	0
178.590277777778	0
178.59375	0
178.597222222222	0
178.600694444444	0
178.604166666667	0
178.607638888889	0
178.611111111111	0
178.614583333333	0
178.618055555556	0
178.621527777778	0
178.625	0
178.628472222222	0
178.631944444444	0
178.635416666667	0
178.638888888889	0
178.642361111111	0
178.645833333333	0
178.649305555556	0
178.652777777778	0
178.65625	0
178.659722222222	0
178.663194444444	0
178.666666666667	0
178.670138888889	0
178.673611111111	0
178.677083333333	0
178.680555555556	0
178.684027777778	0
178.6875	0
178.690972222222	0
178.694444444444	0
178.697916666667	0
178.701388888889	0
178.704861111111	0
178.708333333333	0
178.711805555556	0
178.715277777778	0
178.71875	0
178.722222222222	0
178.725694444444	0
178.729166666667	0
178.732638888889	0
178.736111111111	0
178.739583333333	0
178.743055555556	0
178.746527777778	0
178.75	0
178.753472222222	0
178.756944444444	0
178.760416666667	0
178.763888888889	0
178.767361111111	0
178.770833333333	0
178.774305555556	0
178.777777777778	0
178.78125	0
178.784722222222	0
178.788194444444	0
178.791666666667	0
178.795138888889	0
178.798611111111	0
178.802083333333	0
178.805555555556	0
178.809027777778	0
178.8125	0
178.815972222222	0
178.819444444444	0
178.822916666667	0
178.826388888889	0
178.829861111111	0
178.833333333333	0
178.836805555556	0
178.840277777778	0
178.84375	0
178.847222222222	0
178.850694444444	0
178.854166666667	0
178.857638888889	0
178.861111111111	0
178.864583333333	0
178.868055555556	0
178.871527777778	0
178.875	0
178.878472222222	0
178.881944444444	0
178.885416666667	0
178.888888888889	0
178.892361111111	0
178.895833333333	0
178.899305555556	0
178.902777777778	0
178.90625	0
178.909722222222	0
178.913194444444	0
178.916666666667	0
178.920138888889	0
178.923611111111	0
178.927083333333	0
178.930555555556	0
178.934027777778	0
178.9375	0
178.940972222222	0
178.944444444444	0
178.947916666667	0
178.951388888889	0
178.954861111111	0
178.958333333333	0
178.961805555556	0
178.965277777778	0
178.96875	0
178.972222222222	0
178.975694444444	0
178.979166666667	0
178.982638888889	0
178.986111111111	0
178.989583333333	0
178.993055555556	0
178.996527777778	0
179	0
179.003472222222	0
179.006944444444	0
179.010416666667	0
179.013888888889	0
179.017361111111	0
179.020833333333	0
179.024305555556	0
179.027777777778	0
179.03125	0
179.034722222222	0
179.038194444444	0
179.041666666667	0
179.045138888889	0
179.048611111111	0
179.052083333333	0
179.055555555556	0
179.059027777778	0
179.0625	0
179.065972222222	0
179.069444444444	0
179.072916666667	0
179.076388888889	0
179.079861111111	0
179.083333333333	0
179.086805555556	0
179.090277777778	0
179.09375	0
179.097222222222	0
179.100694444444	0
179.104166666667	0
179.107638888889	0
179.111111111111	0
179.114583333333	0
179.118055555556	0
179.121527777778	0
179.125	0
179.128472222222	0
179.131944444444	0
179.135416666667	0
179.138888888889	0
179.142361111111	0
179.145833333333	0
179.149305555556	0
179.152777777778	0
179.15625	0
179.159722222222	0
179.163194444444	0
179.166666666667	0
179.170138888889	0
179.173611111111	0
179.177083333333	0
179.180555555556	0
179.184027777778	0
179.1875	0
179.190972222222	0
179.194444444444	0
179.197916666667	0
179.201388888889	0
179.204861111111	0
179.208333333333	0
179.211805555556	0
179.215277777778	0
179.21875	0
179.222222222222	0
179.225694444444	0
179.229166666667	0
179.232638888889	0
179.236111111111	0
179.239583333333	0
179.243055555556	0
179.246527777778	0
179.25	0
179.253472222222	0
179.256944444444	0
179.260416666667	0
179.263888888889	0
179.267361111111	0
179.270833333333	0
179.274305555556	0
179.277777777778	0
179.28125	0
179.284722222222	0
179.288194444444	0
179.291666666667	0
179.295138888889	0
179.298611111111	0
179.302083333333	0
179.305555555556	0
179.309027777778	0
179.3125	0
179.315972222222	0
179.319444444444	0
179.322916666667	0
179.326388888889	0
179.329861111111	0
179.333333333333	0
179.336805555556	0
179.340277777778	0
179.34375	0
179.347222222222	0
179.350694444444	0
179.354166666667	0
179.357638888889	0
179.361111111111	0
179.364583333333	0
179.368055555556	0
179.371527777778	0
179.375	0
179.378472222222	0
179.381944444444	0
179.385416666667	0
179.388888888889	0
179.392361111111	0
179.395833333333	0
179.399305555556	0
179.402777777778	0
179.40625	0
179.409722222222	0
179.413194444444	0
179.416666666667	0
179.420138888889	0
179.423611111111	0
179.427083333333	0
179.430555555556	0
179.434027777778	0
179.4375	0
179.440972222222	0
179.444444444444	0
179.447916666667	0
179.451388888889	0
179.454861111111	0
179.458333333333	0
179.461805555556	0
179.465277777778	0
179.46875	0
179.472222222222	0
179.475694444444	0
179.479166666667	0
179.482638888889	0
179.486111111111	0
179.489583333333	0
179.493055555556	0
179.496527777778	0
179.5	0
179.503472222222	0
179.506944444444	0
179.510416666667	0
179.513888888889	0
179.517361111111	0
179.520833333333	0
179.524305555556	0
179.527777777778	0
179.53125	0
179.534722222222	0
179.538194444444	0
179.541666666667	0
179.545138888889	0
179.548611111111	0
179.552083333333	0
179.555555555556	0
179.559027777778	0
179.5625	0
179.565972222222	0
179.569444444444	0
179.572916666667	0
179.576388888889	0
179.579861111111	0
179.583333333333	0
179.586805555556	0
179.590277777778	0
179.59375	0
179.597222222222	0
179.600694444444	0
179.604166666667	0
179.607638888889	0
179.611111111111	0
179.614583333333	0
179.618055555556	0
179.621527777778	0
179.625	0
179.628472222222	0
179.631944444444	0
179.635416666667	0
179.638888888889	0
179.642361111111	0
179.645833333333	0
179.649305555556	0
179.652777777778	0
179.65625	0
179.659722222222	0
179.663194444444	0
179.666666666667	0
179.670138888889	0
179.673611111111	0
179.677083333333	0
179.680555555556	0
179.684027777778	0
179.6875	0
179.690972222222	0
179.694444444444	0
179.697916666667	0
179.701388888889	0
179.704861111111	0
179.708333333333	0
179.711805555556	0
179.715277777778	0
179.71875	0
179.722222222222	0
179.725694444444	0
179.729166666667	0
179.732638888889	0
179.736111111111	0
179.739583333333	0
179.743055555556	0
179.746527777778	0
179.75	0
179.753472222222	0
179.756944444444	0
179.760416666667	0
179.763888888889	0
179.767361111111	0
179.770833333333	0
179.774305555556	0
179.777777777778	0
179.78125	0
179.784722222222	0
179.788194444444	0
179.791666666667	0
179.795138888889	0
179.798611111111	0
179.802083333333	0
179.805555555556	0
179.809027777778	0
179.8125	0
179.815972222222	0
179.819444444444	0
179.822916666667	0
179.826388888889	0
