01.07.1968 00:00:00.00       86400.0    2.777777910E-07
#  Startdatum              [d] -> [s]  [mm/h] -> [m/s]
    0.00000000 	 0.000 
    9.91666670 	 0.000 
    9.95833330 	 0.600 
   10.00000000 	 0.200 
   10.04166670 	 0.000 
   10.41666670 	 0.000 
   10.45833330 	 0.100 
   10.50000000 	 0.000 
   10.66666670 	 0.000 
   10.70833330 	 1.300 
   10.75000000 	 0.200 
   10.79166670 	 0.000 
   10.87500000 	 0.000 
   10.91666670 	 0.500 
   10.95833330 	 1.100 
   11.00000000 	 0.000 
   13.58333330 	 0.000 
   13.62500000 	 1.500 
   13.66666670 	 0.000 
   13.75000000 	 0.000 
   13.79166670 	 0.200 
   13.83333330 	 0.000 
   14.00000000 	 0.000 
   14.04166670 	 5.400 
   14.08333330 	 0.000 
   14.20833330 	 0.000 
   14.25000000 	 0.100 
   14.29166670 	 0.000 
   14.33333330 	 0.000 
   14.37500000 	 0.100 
   14.41666670 	 0.800 
   14.45833330 	 0.400 
   14.50000000 	 0.000 
   14.54166670 	 0.000 
   14.58333330 	 0.200 
   14.62500000 	 0.000 
   14.66666670 	 0.000 
   14.70833330 	 2.300 
   14.75000000 	 0.000 
   14.79166670 	 0.300 
   14.83333330 	 0.000 
   14.87500000 	 0.400 
   14.91666670 	 0.000 
   18.25000000 	 0.000 
   18.29166670 	 0.900 
   18.33333330 	 0.000 
   18.37500000 	 1.000 
   18.41666670 	 0.300 
   18.45833330 	 0.000 
   19.29166670 	 0.000 
   19.33333330 	 0.400 
   19.37500000 	 0.500 
   19.41666670 	 0.200 
   19.45833330 	 0.000 
   19.75000000 	 0.000 
   19.79166670 	 2.000 
   19.83333330 	 0.000 
   20.00000000 	 0.000 
   20.04166670 	 0.300 
   20.08333330 	 0.600 
   20.12500000 	 0.600 
   20.16666670 	 0.100 
   20.20833330 	 2.300 
   20.25000000 	 0.100 
   20.29166670 	 0.000 
   20.91666670 	 0.000 
   20.95833330 	 0.100 
   21.00000000 	 0.000 
   21.04166670 	 0.500 
   21.08333330 	 0.200 
   21.12500000 	 0.000 
   22.16666670 	 0.000 
   22.20833330 	 0.300 
   22.25000000 	 0.200 
   22.29166670 	 0.700 
   22.33333330 	 0.000 
   22.62500000 	 0.000 
   22.66666670 	 1.000 
   22.70833330 	 0.200 
   22.75000000 	 0.600 
   22.79166670 	 0.000 
   22.95833330 	 0.000 
   23.00000000 	 0.100 
   23.04166670 	 0.000 
   25.04166670 	 0.000 
   25.08333330 	 0.100 
   25.12500000 	 0.200 
   25.16666670 	 0.800 
   25.20833330 	 0.400 
   25.25000000 	 0.000 
   25.29166670 	 0.100 
   25.33333330 	 0.000 
   32.54166670 	 0.000 
   32.58333330 	 7.400 
   32.62500000 	 0.400 
   32.66666670 	 0.000 
   36.62500000 	 0.000 
   36.66666670 	 0.500 
   36.70833330 	 0.000 
   36.83333330 	 0.000 
   36.87500000 	 0.200 
   36.91666670 	 0.800 
   36.95833330 	 2.400 
   37.00000000 	 0.000 
   37.04166670 	 0.400 
   37.08333330 	 0.300 
   37.12500000 	 0.000 
   39.50000000 	 0.000 
   39.54166670 	 1.300 
   39.58333330 	 0.000 
   40.04166670 	 0.000 
   40.08333330 	 0.300 
   40.12500000 	 0.000 
   43.87500000 	 0.000 
   43.91666670 	 0.100 
   43.95833330 	 0.400 
   44.00000000 	 0.100 
   44.04166670 	 0.000 
   44.33333330 	 0.000 
   44.37500000 	 2.900 
   44.41666670 	 0.000 
   44.54166670 	 0.000 
   44.58333330 	 1.500 
   44.62500000 	 0.000 
   44.83333330 	 0.000 
   44.87500000 	 0.900 
   44.91666670 	 0.600 
   44.95833330 	 0.000 
   45.62500000 	 0.000 
   45.66666670 	 0.200 
   45.70833330 	 0.000 
   46.16666670 	 0.000 
   46.20833330 	 0.300 
   46.25000000 	 0.000 
   46.33333330 	 0.000 
   46.37500000 	 0.600 
   46.41666670 	 0.000 
   46.79166670 	 0.000 
   46.83333330 	 0.300 
   46.87500000 	 0.000 
   47.45833330 	 0.000 
   47.50000000 	 0.400 
   47.54166670 	 0.000 
   47.58333330 	 0.400 
   47.62500000 	 0.500 
   47.66666670 	 0.000 
   47.70833330 	 0.000 
   47.75000000 	 1.700 
   47.79166670 	 0.000 
   48.12500000 	 0.000 
   48.16666670 	 0.300 
   48.20833330 	 0.000 
   49.00000000 	 0.000 
   49.04166670 	 0.200 
   49.08333330 	 0.000 
   50.66666670 	 0.000 
   50.70833330 	 0.300 
   50.75000000 	 0.000 
   54.70833330 	 0.000 
   54.75000000 	 0.100 
   54.79166670 	 0.000 
   55.54166670 	 0.000 
   55.58333330 	 9.800 
   55.62500000 	 0.000 
   55.95833330 	 0.000 
   56.00000000 	 3.600 
   56.04166670 	 0.000 
   56.70833330 	 0.000 
   56.75000000 	 2.300 
   56.79166670 	 0.000 
   57.20833330 	 0.000 
   57.25000000 	 0.100 
   57.29166670 	 0.100 
   57.33333330 	 0.200 
   57.37500000 	 0.400 
   57.41666670 	 0.200 
   57.45833330 	 2.900 
   57.50000000 	 1.900 
   57.54166670 	 0.400 
   57.58333330 	 0.200 
   57.62500000 	 0.400 
   57.66666670 	 0.300 
   57.70833330 	 0.000 
   57.83333330 	 0.000 
   57.87500000 	 1.900 
   57.91666670 	 0.000 
   59.25000000 	 0.000 
   59.29166670 	 0.400 
   59.33333330 	 0.500 
   59.37500000 	 0.000 
   59.91666670 	 0.000 
   59.95833330 	 0.200 
   60.00000000 	 0.000 
   60.75000000 	 0.000 
   60.79166670 	 1.000 
   60.83333330 	 3.900 
   60.87500000 	 1.000 
   60.91666670 	 0.000 
   61.04166670 	 0.000 
   61.08333330 	 0.400 
   61.12500000 	 0.000 
   61.25000000 	 0.000 
   61.29166670 	 0.200 
   61.33333330 	 0.200 
   61.37500000 	 0.000 
   61.54166670 	 0.000 
   61.58333330 	 0.200 
   61.62500000 	 0.000 
   61.75000000 	 0.000 
   61.79166670 	 0.300 
   61.83333330 	 0.200 
   61.87500000 	 0.000 
   61.91666670 	 0.300 
   61.95833330 	 0.000 
   65.37500000 	 0.000 
   65.41666670 	 2.100 
   65.45833330 	 0.400 
   65.50000000 	 0.600 
   65.54166670 	 0.000 
   65.58333330 	 0.000 
   65.62500000 	 0.700 
   65.66666670 	 0.100 
   65.70833330 	 2.800 
   65.75000000 	 0.000 
   65.79166670 	 0.000 
   65.83333330 	 0.200 
   65.87500000 	 0.000 
   66.00000000 	 0.000 
   66.04166670 	 0.300 
   66.08333330 	 0.700 
   66.12500000 	 0.800 
   66.16666670 	 1.200 
   66.20833330 	 1.000 
   66.25000000 	 1.500 
   66.29166670 	 0.300 
   66.33333330 	 0.600 
   66.37500000 	 0.800 
   66.41666670 	 1.200 
   66.45833330 	 0.900 
   66.50000000 	 0.000 
   66.87500000 	 0.000 
   66.91666670 	 2.300 
   66.95833330 	 0.000 
   67.00000000 	 0.000 
   67.04166670 	 0.100 
   67.08333330 	 0.500 
   67.12500000 	 0.000 
   67.20833330 	 0.000 
   67.25000000 	 0.200 
   67.29166670 	 0.000 
   73.91666670 	 0.000 
   73.95833330 	 0.500 
   74.00000000 	 0.000 
   74.62500000 	 0.000 
   74.66666670 	 0.300 
   74.70833330 	 0.000 
   76.87500000 	 0.000 
   76.91666670 	 1.000 
   76.95833330 	 2.100 
   77.00000000 	 2.600 
   77.04166670 	 2.300 
   77.08333330 	 0.200 
   77.12500000 	 0.300 
   77.16666670 	 0.000 
   77.20833330 	 0.200 
   77.25000000 	 1.000 
   77.29166670 	 1.300 
   77.33333330 	 0.000 
   80.16666670 	 0.000 
   80.20833330 	 0.700 
   80.25000000 	 0.000 
   81.58333330 	 0.000 
   81.62500000 	 0.200 
   81.66666670 	 0.100 
   81.70833330 	 0.000 
   81.95833330 	 0.000 
   82.00000000 	 0.200 
   82.04166670 	 0.000 
   82.12500000 	 0.000 
   82.16666670 	 0.200 
   82.20833330 	 0.000 
   82.25000000 	 1.000 
   82.29166670 	 1.100 
   82.33333330 	 0.000 
   82.37500000 	 0.900 
   82.41666670 	 1.000 
   82.45833330 	 0.000 
   82.50000000 	 0.000 
   82.54166670 	 0.300 
   82.58333330 	 0.000 
   82.62500000 	 0.200 
   82.66666670 	 0.200 
   82.70833330 	 0.000 
   83.12500000 	 0.000 
   83.16666670 	 0.900 
   83.20833330 	 0.000 
   83.83333330 	 0.000 
   83.87500000 	 1.500 
   83.91666670 	 0.800 
   83.95833330 	 0.500 
   84.00000000 	 1.900 
   84.04166670 	 1.100 
   84.08333330 	 1.300 
   84.12500000 	 0.100 
   84.16666670 	 0.000 
   84.58333330 	 0.000 
   84.62500000 	 3.000 
   84.66666670 	 0.000 
   84.70833330 	 0.000 
   84.75000000 	 1.800 
   84.79166670 	 0.000 
   85.12500000 	 0.000 
   85.16666670 	 0.300 
   85.20833330 	 0.200 
   85.25000000 	 0.600 
   85.29166670 	 0.000 
   85.33333330 	 0.000 
   85.37500000 	 0.600 
   85.41666670 	 0.600 
   85.45833330 	 0.800 
   85.50000000 	 3.500 
   85.54166670 	 0.000 
   85.62500000 	 0.000 
   85.66666670 	 1.300 
   85.70833330 	 0.000 
   85.79166670 	 0.000 
   85.83333330 	 0.100 
   85.87500000 	 0.000 
   85.91666670 	 0.200 
   85.95833330 	 0.000 
   86.08333330 	 0.000 
   86.12500000 	 0.100 
   86.16666670 	 0.700 
   86.20833330 	 0.000 
   86.29166670 	 0.000 
   86.33333330 	 1.300 
   86.37500000 	 0.600 
   86.41666670 	 0.200 
   86.45833330 	 0.000 
   89.41666670 	 0.000 
   89.45833330 	 0.800 
   89.50000000 	 0.000 
   89.54166670 	 0.700 
   89.58333330 	 1.200 
   89.62500000 	 1.600 
   89.66666670 	 0.500 
   89.70833330 	 0.500 
   89.75000000 	 0.400 
   89.79166670 	 0.000 
   90.91666670 	 0.000 
   90.95833330 	 0.600 
   91.00000000 	 0.600 
   91.04166670 	 0.400 
   91.08333330 	 0.000 
   91.45833330 	 0.000 
   91.50000000 	 0.200 
   91.54166670 	 0.000 
   91.58333330 	 0.000 
   91.62500000 	 0.200 
   91.66666670 	 0.000 
   91.91666670 	 0.000 
   91.95833330 	 2.000 
   92.00000000 	 1.700 
   92.04166670 	 0.000 
   93.45833330 	 0.000 
   93.50000000 	 0.100 
   93.54166670 	 0.100 
   93.58333330 	 0.000 
   93.62500000 	 0.000 
   93.66666670 	 0.500 
   93.70833330 	 0.300 
   93.75000000 	 0.100 
   93.79166670 	 0.100 
   93.83333330 	 1.100 
   93.87500000 	 1.100 
   93.91666670 	 1.000 
   93.95833330 	 0.200 
   94.00000000 	 0.300 
   94.04166670 	 0.100 
   94.08333330 	 0.400 
   94.12500000 	 0.100 
   94.16666670 	 0.000 
   94.20833330 	 0.200 
   94.25000000 	 0.200 
   94.29166670 	 0.000 
   95.25000000 	 0.000 
   95.29166670 	 0.400 
   95.33333330 	 0.000 
   96.08333330 	 0.000 
   96.12500000 	 1.000 
   96.16666670 	 0.000 
   96.58333330 	 0.000 
   96.62500000 	 0.500 
   96.66666670 	 0.200 
   96.70833330 	 0.400 
   96.75000000 	 0.500 
   96.79166670 	 0.300 
   96.83333330 	 0.100 
   96.87500000 	 0.000 
   97.66666670 	 0.000 
   97.70833330 	 0.100 
   97.75000000 	 0.000 
   98.08333330 	 0.000 
   98.12500000 	 0.700 
   98.16666670 	 0.000 
   98.79166670 	 0.000 
   98.83333330 	 0.100 
   98.87500000 	 0.000 
   98.91666670 	 0.700 
   98.95833330 	 0.000 
   99.00000000 	 0.100 
   99.04166670 	 0.000 
   99.91666670 	 0.000 
   99.95833330 	 0.200 
  100.00000000 	 0.000 
  100.04166670 	 0.000 
  100.08333330 	 0.700 
  100.12500000 	 0.100 
  100.16666670 	 0.000 
  100.45833330 	 0.000 
  100.50000000 	 0.100 
  100.54166670 	 0.600 
  100.58333330 	 0.000 
  100.62500000 	 0.100 
  100.66666670 	 1.600 
  100.70833330 	 0.000 
  101.83333330 	 0.000 
  101.87500000 	 1.500 
  101.91666670 	 0.600 
  101.95833330 	 0.000 
  102.00000000 	 0.000 
  102.04166670 	 0.500 
  102.08333330 	 0.000 
  103.04166670 	 0.000 
  103.08333330 	 0.200 
  103.12500000 	 0.400 
  103.16666670 	 0.000 
  103.95833330 	 0.000 
  104.00000000 	 0.800 
  104.04166670 	 1.000 
  104.08333330 	 1.000 
  104.12500000 	 0.500 
  104.16666670 	 0.700 
  104.20833330 	 0.000 
  107.91666670 	 0.000 
  107.95833330 	 0.400 
  108.00000000 	 0.000 
  108.87500000 	 0.000 
  108.91666670 	 1.400 
  108.95833330 	 0.700 
  109.00000000 	 0.000 
  120.58333330 	 0.000 
  120.62500000 	 0.600 
  120.66666670 	 0.700 
  120.70833330 	 0.000 
  127.25000000 	 0.000 
  127.29166670 	 0.646 
  128.25000000 	 0.646 
  128.29166670 	 0.100 
  129.25000000 	 0.100 
  129.29166670 	 0.104 
  130.25000000 	 0.104 
  130.29166670 	 0.000 
  131.25000000 	 0.000 
  131.29166670 	 0.063 
  132.25000000 	 0.063 
  132.29166670 	 0.000 
  133.25000000 	 0.000 
  133.29166670 	 0.042 
  134.25000000 	 0.042 
  134.29166670 	 0.013 
  135.25000000 	 0.013 
  135.29166670 	 0.000 
  139.25000000 	 0.000 
  139.29166670 	 0.192 
  140.25000000 	 0.192 
  140.29166670 	 0.000 
  143.25000000 	 0.000 
  143.29166670 	 0.233 
  144.25000000 	 0.233 
  144.29166670 	 0.029 
  145.25000000 	 0.029 
  145.29166670 	 0.000 
  176.25000000 	 0.000 
  176.29166670 	 0.208 
  177.25000000 	 0.208 
  177.29166670 	 0.000 
  178.25000000 	 0.000 
  178.29166670 	 0.271 
  179.25000000 	 0.271 
  179.29166670 	 0.000 
  185.25000000 	 0.000 
  185.29166670 	 0.729 
  186.25000000 	 0.729 
  186.29166670 	 0.000 
  196.25000000 	 0.000 
  196.29166670 	 0.146 
  197.25000000 	 0.146 
  197.29166670 	 0.000 
  202.25000000 	 0.000 
  202.29166670 	 0.058 
  203.25000000 	 0.058 
  203.29166670 	 0.000 
  208.25000000 	 0.000 
  208.29166670 	 0.417 
  209.25000000 	 0.417 
  209.29166670 	 0.092 
  210.25000000 	 0.092 
  210.29166670 	 0.000 
  211.25000000 	 0.000 
  211.29166670 	 0.021 
  212.25000000 	 0.021 
  212.29166670 	 0.138 
  213.25000000 	 0.138 
  213.29166670 	 0.033 
  214.25000000 	 0.033 
  214.29166670 	 0.096 
  216.25000000 	 0.096 
  216.29166670 	 0.229 
  217.25000000 	 0.229 
  217.29166670 	 0.000 
  274.25000000 	 0.000 
  274.29166670 	 0.392 
  275.25000000 	 0.392 
  275.29166670 	 0.000 
  285.25000000 	 0.000 
  285.29166670 	 0.396 
  286.25000000 	 0.396 
  286.29166670 	 0.208 
  287.25000000 	 0.208 
  287.29166670 	 0.008 
  288.25000000 	 0.008 
  288.29166670 	 0.000 
  288.75000000 	 0.000 
  288.79166670 	 1.500 
  288.83333330 	 1.400 
  288.87500000 	 2.300 
  288.91666670 	 3.600 
  288.95833330 	 0.000 
  289.33333330 	 0.000 
  289.37500000 	 1.200 
  289.41666670 	 1.000 
  289.45833330 	 0.800 
  289.50000000 	 0.000 
  289.54166670 	 0.400 
  289.58333330 	 0.300 
  289.62500000 	 0.600 
  289.66666670 	 0.000 
  289.70833330 	 0.200 
  289.75000000 	 0.000 
  290.37500000 	 0.000 
  290.41666670 	 0.200 
  290.45833330 	 1.200 
  290.50000000 	 0.000 
  290.54166670 	 0.000 
  290.58333330 	 0.100 
  290.62500000 	 0.000 
  290.70833330 	 0.000 
  290.75000000 	 0.300 
  290.79166670 	 0.000 
  291.08333330 	 0.000 
  291.12500000 	 0.300 
  291.16666670 	 0.000 
  291.20833330 	 0.000 
  291.25000000 	 0.200 
  291.29166670 	 0.000 
  291.33333330 	 0.200 
  291.37500000 	 0.000 
  294.83333330 	 0.000 
  294.87500000 	 0.500 
  294.91666670 	 0.000 
  294.95833330 	 0.100 
  295.00000000 	 0.200 
  295.04166670 	 0.000 
  295.29166670 	 0.000 
  295.33333330 	 1.300 
  295.37500000 	 0.000 
  295.45833330 	 0.000 
  295.50000000 	 0.200 
  295.54166670 	 0.700 
  295.58333330 	 0.800 
  295.62500000 	 0.000 
  296.54166670 	 0.000 
  296.58333330 	 0.100 
  296.62500000 	 0.000 
  296.75000000 	 0.000 
  296.79166670 	 0.300 
  296.83333330 	 1.100 
  296.87500000 	 0.000 
  296.91666670 	 0.200 
  296.95833330 	 0.000 
  297.29166670 	 0.000 
  297.33333330 	 0.500 
  297.37500000 	 0.000 
  297.87500000 	 0.000 
  297.91666670 	 0.500 
  297.95833330 	 0.000 
  298.00000000 	 0.000 
  298.04166670 	 0.100 
  298.08333330 	 0.200 
  298.12500000 	 0.000 
  298.16666670 	 0.200 
  298.20833330 	 0.500 
  298.25000000 	 0.000 
  299.54166670 	 0.000 
  299.58333330 	 0.300 
  299.62500000 	 0.100 
  299.66666670 	 0.000 
  300.00000000 	 0.000 
  300.04166670 	 0.100 
  300.08333330 	 0.000 
  300.37500000 	 0.000 
  300.41666670 	 0.200 
  300.45833330 	 0.300 
  300.50000000 	 0.300 
  300.54166670 	 0.000 
  300.58333330 	 0.000 
  300.62500000 	 0.400 
  300.66666670 	 0.000 
  301.20833330 	 0.000 
  301.25000000 	 0.300 
  301.29166670 	 0.100 
  301.33333330 	 0.000 
  302.20833330 	 0.000 
  302.25000000 	 0.500 
  302.29166670 	 0.000 
  302.95833330 	 0.000 
  303.00000000 	 0.200 
  303.04166670 	 0.400 
  303.08333330 	 0.200 
  303.12500000 	 0.100 
  303.16666670 	 0.000 
  304.12500000 	 0.000 
  304.16666670 	 0.300 
  304.20833330 	 0.000 
  304.25000000 	 0.000 
  304.29166670 	 0.600 
  304.33333330 	 1.400 
  304.37500000 	 0.500 
  304.41666670 	 0.000 
  304.45833330 	 0.600 
  304.50000000 	 0.000 
  306.75000000 	 0.000 
  306.79166670 	 0.500 
  306.83333330 	 0.900 
  306.87500000 	 0.900 
  306.91666670 	 0.000 
  306.95833330 	 0.000 
  307.00000000 	 1.400 
  307.04166670 	 0.000 
  307.95833330 	 0.000 
  308.00000000 	 1.600 
  308.04166670 	 1.400 
  308.08333330 	 0.900 
  308.12500000 	 0.000 
  309.87500000 	 0.000 
  309.91666670 	 1.800 
  309.95833330 	 4.800 
  310.00000000 	 5.700 
  310.04166670 	 0.700 
  310.08333330 	 0.000 
  310.25000000 	 0.000 
  310.29166670 	 0.700 
  310.33333330 	 0.300 
  310.37500000 	 0.100 
  310.41666670 	 0.000 
  310.50000000 	 0.000 
  310.54166670 	 0.100 
  310.58333330 	 1.800 
  310.62500000 	 3.200 
  310.66666670 	 1.300 
  310.70833330 	 0.700 
  310.75000000 	 0.100 
  310.79166670 	 0.000 
  312.20833330 	 0.000 
  312.25000000 	 0.700 
  312.29166670 	 0.500 
  312.33333330 	 0.000 
  312.45833330 	 0.000 
  312.50000000 	 0.800 
  312.54166670 	 0.000 
  312.62500000 	 0.000 
  312.66666670 	 2.200 
  312.70833330 	 0.800 
  312.75000000 	 0.000 
  314.00000000 	 0.000 
  314.04166670 	 0.200 
  314.08333330 	 0.400 
  314.12500000 	 0.200 
  314.16666670 	 0.000 
  319.16666670 	 0.000 
  319.20833330 	 0.700 
  319.25000000 	 0.000 
  319.29166670 	 0.300 
  319.33333330 	 1.000 
  319.37500000 	 0.800 
  319.41666670 	 0.200 
  319.45833330 	 0.000 
  319.79166670 	 0.000 
  319.83333330 	 1.000 
  319.87500000 	 0.000 
  320.12500000 	 0.000 
  320.16666670 	 0.100 
  320.20833330 	 0.000 
  321.50000000 	 0.000 
  321.54166670 	 2.300 
  321.58333330 	 2.000 
  321.62500000 	 0.000 
  321.75000000 	 0.000 
  321.79166670 	 0.500 
  321.83333330 	 0.000 
  322.41666670 	 0.000 
  322.45833330 	 0.100 
  322.50000000 	 0.000 
  322.54166670 	 0.100 
  322.58333330 	 0.000 
  322.66666670 	 0.000 
  322.70833330 	 1.800 
  322.75000000 	 0.100 
  322.79166670 	 0.000 
  322.87500000 	 0.000 
  322.91666670 	 0.300 
  322.95833330 	 0.200 
  323.00000000 	 0.200 
  323.04166670 	 0.100 
  323.08333330 	 0.200 
  323.12500000 	 0.100 
  323.16666670 	 0.000 
  323.20833330 	 0.100 
  323.25000000 	 0.000 
  323.29166670 	 0.000 
  323.33333330 	 0.200 
  323.41666670 	 0.200 
  323.45833330 	 0.100 
  323.50000000 	 0.100 
  323.54166670 	 0.000 
  323.75000000 	 0.000 
  323.79166670 	 0.300 
  323.83333330 	 0.000 
  324.45833330 	 0.000 
  324.50000000 	 0.500 
  324.54166670 	 0.100 
  324.58333330 	 0.000 
  329.04166670 	 0.000 
  329.08333330 	 0.500 
  329.12500000 	 0.000 
  329.16666670 	 1.700 
  329.20833330 	 0.000 
  329.50000000 	 0.000 
  329.54166670 	 2.100 
  329.58333330 	 7.400 
  329.62500000 	 0.000 
  332.20833330 	 0.000 
  332.25000000 	 0.300 
  332.29166670 	 1.300 
  332.33333330 	 0.000 
  333.62500000 	 0.000 
  333.66666670 	 0.300 
  333.70833330 	 0.000 
  333.75000000 	 0.300 
  333.79166670 	 0.000 
  334.54166670 	 0.000 
  334.58333330 	 0.500 
  334.62500000 	 0.200 
  334.66666670 	 0.200 
  334.70833330 	 0.000 
  334.79166670 	 0.000 
  334.83333330 	 1.700 
  334.87500000 	 0.900 
  334.91666670 	 0.000 
  335.25000000 	 0.000 
  335.29166670 	 0.100 
  335.33333330 	 0.100 
  335.37500000 	 0.000 
  335.54166670 	 0.000 
  335.58333330 	 0.700 
  335.62500000 	 0.000 
  335.66666670 	 2.100 
  335.70833330 	 0.000 
  335.75000000 	 2.000 
  335.79166670 	 1.500 
  335.83333330 	 1.800 
  335.87500000 	 0.200 
  335.91666670 	 0.000 
  336.04166670 	 0.000 
  336.08333330 	 0.100 
  336.12500000 	 0.000 
  336.25000000 	 0.000 
  336.29166670 	 0.100 
  336.33333330 	 0.100 
  336.37500000 	 0.000 
  336.41666670 	 0.000 
  336.45833330 	 0.300 
  336.50000000 	 0.500 
  336.54166670 	 2.700 
  336.58333330 	 0.000 
  337.33333330 	 0.000 
  337.37500000 	 0.100 
  337.41666670 	 0.200 
  337.45833330 	 0.200 
  337.50000000 	 0.100 
  337.54166670 	 0.400 
  337.58333330 	 0.300 
  337.62500000 	 0.100 
  337.66666670 	 0.500 
  337.70833330 	 0.400 
  337.75000000 	 0.300 
  337.79166670 	 0.400 
  337.83333330 	 0.200 
  337.87500000 	 0.000 
  338.00000000 	 0.000 
  338.04166670 	 0.700 
  338.08333330 	 0.000 
  338.41666670 	 0.000 
  338.45833330 	 0.400 
  338.50000000 	 0.000 
  338.62500000 	 0.000 
  338.66666670 	 0.200 
  338.70833330 	 0.000 
  340.08333330 	 0.000 
  340.12500000 	 0.200 
  340.16666670 	 0.000 
  340.20833330 	 0.200 
  340.25000000 	 0.700 
  340.29166670 	 0.000 
  340.33333330 	 0.700 
  340.37500000 	 0.600 
  340.41666670 	 0.100 
  340.45833330 	 0.200 
  340.50000000 	 0.400 
  340.54166670 	 0.500 
  340.58333330 	 0.500 
  340.62500000 	 0.800 
  340.66666670 	 0.500 
  340.70833330 	 0.400 
  340.75000000 	 0.300 
  340.79166670 	 0.500 
  340.83333330 	 0.200 
  340.87500000 	 0.200 
  340.91666670 	 0.100 
  340.95833330 	 0.000 
  341.00000000 	 0.100 
  341.04166670 	 0.000 
  341.08333330 	 0.000 
  341.12500000 	 0.200 
  341.16666670 	 0.000 
  348.66666670 	 0.000 
  348.70833330 	 12.200 
  348.75000000 	 0.700 
  348.79166670 	 0.000 
  349.54166670 	 0.000 
  349.58333330 	 3.100 
  349.62500000 	 0.000 
  350.45833330 	 0.000 
  350.50000000 	 0.100 
  350.54166670 	 0.000 
  352.87500000 	 0.000 
  352.91666670 	 2.800 
  352.95833330 	 16.300 
  353.00000000 	 3.500 
  353.04166670 	 3.500 
  353.08333330 	 3.000 
  353.12500000 	 0.500 
  353.16666670 	 0.200 
  353.20833330 	 1.100 
  353.25000000 	 0.000 
  353.91666670 	 0.000 
  353.95833330 	 0.100 
  354.00000000 	 0.100 
  354.04166670 	 0.000 
  361.95833330 	 0.000 
  362.00000000 	 1.200 
  362.04166670 	 0.400 
  362.08333330 	 0.000 
  362.12500000 	 0.000 
  362.16666670 	 0.100 
  362.20833330 	 1.000 
  362.25000000 	 0.500 
  362.29166670 	 0.300 
  362.33333330 	 0.000 
  363.75000000 	 0.000 
  363.79166670 	 0.200 
  363.83333330 	 0.800 
  363.87500000 	 2.000 
  363.91666670 	 1.700 
  363.95833330 	 0.900 
  364.00000000 	 1.100 
  364.04166670 	 0.000 
  372.62500000 	 0.000 
  372.66666670 	 0.200 
  372.70833330 	 0.200 
  372.75000000 	 0.000 
  374.16666670 	 0.000 
  374.20833330 	 0.800 
  374.25000000 	 1.400 
  374.29166670 	 0.000 
  375.50000000 	 0.000 
  375.54166670 	 0.700 
  375.58333330 	 0.800 
  375.62500000 	 0.700 
  375.66666670 	 1.100 
  375.70833330 	 1.400 
  375.75000000 	 2.000 
  375.79166670 	 0.200 
  375.83333330 	 0.900 
  375.87500000 	 0.200 
  375.91666670 	 0.100 
  375.95833330 	 0.000 
  376.08333330 	 0.000 
  376.12500000 	 0.400 
  376.16666670 	 0.300 
  376.20833330 	 0.200 
  376.25000000 	 0.400 
  376.29166670 	 0.000 
  377.70833330 	 0.000 
  377.75000000 	 0.800 
  377.79166670 	 0.000 
  377.83333330 	 0.400 
  377.87500000 	 0.000 
  381.62500000 	 0.000 
  381.66666670 	 1.300 
  381.70833330 	 0.000 
  381.75000000 	 0.100 
  381.79166670 	 0.000 
  387.33333330 	 0.000 
  387.37500000 	 0.400 
  387.41666670 	 0.000 
  389.58333330 	 0.000 
  389.62500000 	 0.100 
  389.66666670 	 0.000 
  390.20833330 	 0.000 
  390.25000000 	 0.100 
  390.33333330 	 0.100 
  390.37500000 	 0.200 
  390.41666670 	 0.100 
  390.45833330 	 0.200 
  390.50000000 	 0.200 
  390.54166670 	 0.000 
  391.75000000 	 0.000 
  391.79166670 	 0.100 
  391.83333330 	 3.900 
  391.87500000 	 0.700 
  391.91666670 	 0.000 
  401.50000000 	 0.000 
  401.54166670 	 0.400 
  401.58333330 	 0.000 
  404.20833330 	 0.000 
  404.25000000 	 0.300 
  404.29166670 	 0.000 
  404.41666670 	 0.000 
  404.45833330 	 0.400 
  404.50000000 	 0.000 
  404.54166670 	 1.000 
  404.58333330 	 0.000 
  404.70833330 	 0.000 
  404.75000000 	 0.100 
  404.79166670 	 1.100 
  404.83333330 	 0.100 
  404.87500000 	 0.500 
  404.91666670 	 0.400 
  404.95833330 	 0.600 
  405.00000000 	 1.300 
  405.04166670 	 0.900 
  405.08333330 	 1.000 
  405.12500000 	 0.700 
  405.16666670 	 0.400 
  405.20833330 	 0.700 
  405.25000000 	 1.200 
  405.29166670 	 0.800 
  405.33333330 	 0.200 
  405.37500000 	 0.100 
  405.41666670 	 0.000 
  405.62500000 	 0.000 
  405.66666670 	 0.100 
  405.70833330 	 0.000 
  408.12500000 	 0.000 
  408.16666670 	 0.900 
  408.20833330 	 2.300 
  408.25000000 	 0.000 
  408.29166670 	 1.200 
  408.33333330 	 4.100 
  408.37500000 	 1.000 
  408.41666670 	 0.000 
  409.33333330 	 0.000 
  409.37500000 	 0.100 
  409.41666670 	 0.000 
  409.95833330 	 0.000 
  410.00000000 	 3.500 
  410.04166670 	 1.200 
  410.08333330 	 0.100 
  410.12500000 	 1.800 
  410.16666670 	 0.200 
  410.20833330 	 0.000 
  410.50000000 	 0.000 
  410.54166670 	 0.300 
  410.58333330 	 0.000 
  411.16666670 	 0.000 
  411.20833330 	 0.100 
  411.25000000 	 0.000 
  411.29166670 	 0.000 
  411.33333330 	 0.700 
  411.37500000 	 0.100 
  411.41666670 	 0.000 
  411.45833330 	 1.500 
  411.50000000 	 1.500 
  411.54166670 	 0.600 
  411.58333330 	 0.000 
  412.41666670 	 0.000 
  412.45833330 	 0.100 
  412.50000000 	 0.000 
  412.70833330 	 0.000 
  412.75000000 	 2.600 
  412.79166670 	 0.000 
  415.41666670 	 0.000 
  415.45833330 	 1.400 
  415.50000000 	 0.000 
  415.54166670 	 0.300 
  415.58333330 	 0.000 
  415.66666670 	 0.000 
  415.70833330 	 2.200 
  415.75000000 	 1.100 
  415.79166670 	 0.300 
  415.83333330 	 0.000 
  416.33333330 	 0.000 
  416.37500000 	 0.100 
  416.41666670 	 0.200 
  416.45833330 	 0.000 
  416.50000000 	 0.000 
  416.54166670 	 0.200 
  416.58333330 	 0.200 
  416.62500000 	 0.100 
  416.66666670 	 0.000 
  416.70833330 	 0.000 
  416.75000000 	 0.600 
  416.79166670 	 0.000 
  417.12500000 	 0.000 
  417.16666670 	 0.200 
  417.20833330 	 0.000 
  417.41666670 	 0.000 
  417.45833330 	 0.100 
  417.50000000 	 0.000 
  417.66666670 	 0.000 
  417.70833330 	 0.100 
  417.75000000 	 0.000 
  418.50000000 	 0.000 
  418.54166670 	 0.200 
  418.58333330 	 2.100 
  418.62500000 	 1.000 
  418.66666670 	 0.000 
  419.54166670 	 0.000 
  419.58333330 	 2.000 
  419.62500000 	 0.000 
  421.45833330 	 0.000 
  421.50000000 	 0.200 
  421.54166670 	 0.500 
  421.58333330 	 0.000 
  422.70833330 	 0.000 
  422.75000000 	 3.200 
  422.79166670 	 5.000 
  422.83333330 	 0.400 
  422.87500000 	 0.400 
  422.91666670 	 0.000 
  423.50000000 	 0.000 
  423.54166670 	 0.600 
  423.58333330 	 0.000 
  423.66666670 	 0.000 
  423.70833330 	 0.100 
  423.75000000 	 0.000 
  424.37500000 	 0.000 
  424.41666670 	 0.100 
  424.45833330 	 0.000 
  424.70833330 	 0.000 
  424.75000000 	 0.800 
  424.79166670 	 0.300 
  424.83333330 	 0.500 
  424.87500000 	 0.100 
  424.91666670 	 0.000 
  425.16666670 	 0.000 
  425.20833330 	 0.100 
  425.25000000 	 0.000 
  425.29166670 	 0.000 
  425.33333330 	 0.500 
  425.37500000 	 0.000 
  426.37500000 	 0.000 
  426.41666670 	 0.600 
  426.45833330 	 0.200 
  426.50000000 	 0.200 
  426.54166670 	 0.000 
  436.08333330 	 0.000 
  436.12500000 	 0.600 
  436.16666670 	 0.700 
  436.20833330 	 0.000 
  436.58333330 	 0.000 
  436.62500000 	 0.600 
  436.66666670 	 0.000 
  438.75000000 	 0.000 
  438.79166670 	 0.100 
  438.83333330 	 0.000 
  441.79166670 	 0.000 
  441.83333330 	 0.200 
  441.87500000 	 0.000 
  442.62500000 	 0.000 
  442.66666670 	 0.100 
  442.70833330 	 0.000 
  442.79166670 	 0.000 
  442.83333330 	 3.000 
  442.87500000 	 0.100 
  442.91666670 	 0.000 
  443.45833330 	 0.000 
  443.50000000 	 0.100 
  443.54166670 	 0.000 
  444.75000000 	 0.000 
  444.79166670 	 0.100 
  444.83333330 	 0.000 
  444.87500000 	 0.100 
  444.91666670 	 0.000 
  448.50000000 	 0.000 
  448.54166670 	 0.300 
  448.58333330 	 1.200 
  448.62500000 	 0.000 
  448.66666670 	 0.100 
  448.70833330 	 0.000 
  449.25000000 	 0.000 
  449.29166670 	 0.100 
  449.33333330 	 0.000 
  453.50000000 	 0.000 
  453.54166670 	 0.700 
  453.58333330 	 0.600 
  453.62500000 	 0.200 
  453.66666670 	 0.000 
  454.45833330 	 0.000 
  454.50000000 	 0.200 
  454.54166670 	 0.000 
  456.20833330 	 0.000 
  456.25000000 	 0.200 
  456.29166670 	 0.600 
  456.33333330 	 0.300 
  456.37500000 	 0.100 
  456.41666670 	 0.000 
  457.58333330 	 0.000 
  457.62500000 	 1.300 
  457.66666670 	 0.000 
  457.70833330 	 0.300 
  457.75000000 	 0.000 
  458.79166670 	 0.000 
  458.83333330 	 0.100 
  458.87500000 	 0.100 
  458.91666670 	 0.400 
  458.95833330 	 0.900 
  459.00000000 	 0.700 
  459.04166670 	 0.900 
  459.08333330 	 0.600 
  459.12500000 	 1.000 
  459.16666670 	 0.600 
  459.20833330 	 0.200 
  459.25000000 	 0.100 
  459.29166670 	 0.300 
  459.33333330 	 0.200 
  459.37500000 	 1.000 
  459.41666670 	 0.800 
  459.45833330 	 0.900 
  459.50000000 	 0.200 
  459.54166670 	 0.000 
  469.29166670 	 0.000 
  469.33333330 	 0.200 
  469.37500000 	 0.000 
  491.25000000 	 0.000 
  491.29166670 	 0.221 
  492.25000000 	 0.221 
  492.29166670 	 0.013 
  493.25000000 	 0.013 
  493.29166670 	 0.000 
  494.25000000 	 0.000 
  494.29166670 	 0.258 
  495.25000000 	 0.258 
  495.29166670 	 0.375 
  496.25000000 	 0.375 
  496.29166670 	 0.550 
  497.25000000 	 0.550 
  497.29166670 	 0.000 
  498.25000000 	 0.000 
  498.29166670 	 0.079 
  499.25000000 	 0.079 
  499.29166670 	 0.196 
  500.25000000 	 0.196 
  500.29166670 	 0.338 
  501.25000000 	 0.338 
  501.29166670 	 0.008 
  502.25000000 	 0.008 
  502.29166670 	 0.042 
  503.25000000 	 0.042 
  503.29166670 	 0.008 
  504.25000000 	 0.008 
  504.29166670 	 0.000 
  505.25000000 	 0.000 
  505.29166670 	 0.096 
  506.25000000 	 0.096 
  506.29166670 	 0.125 
  507.25000000 	 0.125 
  507.29166670 	 0.000 
  508.25000000 	 0.000 
  508.29166670 	 0.008 
  509.25000000 	 0.008 
  509.29166670 	 0.017 
  510.25000000 	 0.017 
  510.29166670 	 0.200 
  511.25000000 	 0.200 
  511.29166670 	 0.229 
  512.25000000 	 0.229 
  512.29166670 	 0.004 
  513.25000000 	 0.004 
  513.29166670 	 0.017 
  514.25000000 	 0.017 
  514.29166670 	 0.029 
  515.25000000 	 0.029 
  515.29166670 	 0.113 
  516.25000000 	 0.113 
  516.29166670 	 0.167 
  517.25000000 	 0.167 
  517.29166670 	 0.000 
  519.25000000 	 0.000 
  519.29166670 	 0.033 
  520.25000000 	 0.033 
  520.29166670 	 0.250 
  521.25000000 	 0.250 
  521.29166670 	 0.021 
  522.25000000 	 0.021 
  522.29166670 	 0.013 
  523.25000000 	 0.013 
  523.29166670 	 0.025 
  524.25000000 	 0.025 
  524.29166670 	 0.000 
  529.25000000 	 0.000 
  529.29166670 	 0.046 
  530.25000000 	 0.046 
  530.29166670 	 0.013 
  531.25000000 	 0.013 
  531.29166670 	 0.000 
  532.25000000 	 0.000 
  532.29166670 	 0.163 
  533.25000000 	 0.163 
  533.29166670 	 0.079 
  534.25000000 	 0.079 
  534.29166670 	 0.033 
  535.25000000 	 0.033 
  535.29166670 	 0.233 
  536.25000000 	 0.233 
  536.29166670 	 0.017 
  537.25000000 	 0.017 
  537.29166670 	 0.000 
  540.25000000 	 0.000 
  540.29166670 	 0.067 
  541.29166670 	 0.067 
  541.33333330 	 0.000 
  546.25000000 	 0.000 
  546.29166670 	 0.038 
  547.25000000 	 0.038 
  547.29166670 	 0.021 
  548.25000000 	 0.021 
  548.29166670 	 0.046 
  549.25000000 	 0.046 
  549.29166670 	 0.000 
  550.25000000 	 0.000 
  550.29166670 	 0.117 
  551.25000000 	 0.117 
  551.29166670 	 0.100 
  552.25000000 	 0.100 
  552.29166670 	 0.108 
  553.25000000 	 0.108 
  553.29166670 	 0.413 
  554.25000000 	 0.413 
  554.29166670 	 0.000 
  555.25000000 	 0.000 
  555.29166670 	 0.021 
  556.25000000 	 0.021 
  556.29166670 	 0.000 
  564.25000000 	 0.000 
  564.29166670 	 0.121 
  565.25000000 	 0.121 
  565.29166670 	 0.000 
  571.25000000 	 0.000 
  571.29166670 	 0.025 
  573.25000000 	 0.025 
  573.29166670 	 0.000 
  574.25000000 	 0.000 
  574.29166670 	 0.150 
  575.25000000 	 0.150 
  575.29166670 	 0.221 
  576.25000000 	 0.221 
  576.29166670 	 0.021 
  577.25000000 	 0.021 
  577.29166670 	 0.000 
  581.25000000 	 0.000 
  581.29166670 	 0.492 
  582.25000000 	 0.492 
  582.29166670 	 0.033 
  583.25000000 	 0.033 
  583.29166670 	 0.000 
  584.25000000 	 0.000 
  584.29166670 	 0.254 
  585.25000000 	 0.254 
  585.29166670 	 0.000 
  586.25000000 	 0.000 
  586.29166670 	 0.238 
  587.25000000 	 0.238 
  587.29166670 	 0.100 
  588.25000000 	 0.100 
  588.29166670 	 0.196 
  589.25000000 	 0.196 
  589.29166670 	 0.042 
  590.25000000 	 0.042 
  590.29166670 	 0.017 
  591.25000000 	 0.017 
  591.29166670 	 0.392 
  592.25000000 	 0.392 
  592.29166670 	 0.017 
  593.25000000 	 0.017 
  593.29166670 	 0.000 
  595.25000000 	 0.000 
  595.29166670 	 0.029 
  596.25000000 	 0.029 
  596.29166670 	 0.096 
  597.25000000 	 0.096 
  597.29166670 	 0.121 
  598.25000000 	 0.121 
  598.29166670 	 0.150 
  599.25000000 	 0.150 
  599.29166670 	 0.592 
  600.25000000 	 0.592 
  600.29166670 	 0.229 
  601.25000000 	 0.229 
  601.29166670 	 0.504 
  602.25000000 	 0.504 
  602.29166670 	 0.179 
  603.25000000 	 0.179 
  603.29166670 	 0.150 
  604.25000000 	 0.150 
  604.29166670 	 0.000 
  605.25000000 	 0.000 
  605.29166670 	 0.088 
  606.25000000 	 0.088 
  606.29166670 	 0.188 
  607.25000000 	 0.188 
  607.29166670 	 0.021 
  608.25000000 	 0.021 
  608.29166670 	 0.054 
  609.25000000 	 0.054 
  609.29166670 	 0.158 
  610.25000000 	 0.158 
  610.29166670 	 0.000 
  612.25000000 	 0.000 
  612.29166670 	 0.313 
  613.25000000 	 0.313 
  613.29166670 	 0.167 
  614.25000000 	 0.167 
  614.29166670 	 0.029 
  615.25000000 	 0.029 
  615.29166670 	 0.017 
  616.25000000 	 0.017 
  616.29166670 	 0.000 
  620.25000000 	 0.000 
  620.29166670 	 0.038 
  621.25000000 	 0.038 
  621.29166670 	 0.000 
  624.25000000 	 0.000 
  624.29166670 	 0.063 
  625.25000000 	 0.063 
  625.29166670 	 0.088 
  626.25000000 	 0.088 
  626.29166670 	 0.000 
  627.25000000 	 0.000 
  627.29166670 	 0.046 
  628.25000000 	 0.046 
  628.29166670 	 0.008 
  629.25000000 	 0.008 
  629.29166670 	 0.000 
  631.25000000 	 0.000 
  631.29166670 	 0.321 
  632.25000000 	 0.321 
  632.29166670 	 0.000 
  633.25000000 	 0.000 
  633.29166670 	 0.008 
  634.25000000 	 0.008 
  634.29166670 	 0.013 
  635.25000000 	 0.013 
  635.29166670 	 0.354 
  636.25000000 	 0.354 
  636.29166670 	 0.008 
  637.25000000 	 0.008 
  637.29166670 	 0.167 
  638.25000000 	 0.167 
  638.29166670 	 0.279 
  639.25000000 	 0.279 
  639.29166670 	 0.042 
  640.25000000 	 0.042 
  640.29166670 	 0.000 
  641.25000000 	 0.000 
  641.29166670 	 0.004 
  642.25000000 	 0.004 
  642.29166670 	 0.013 
  643.25000000 	 0.013 
  643.29166670 	 0.008 
  644.25000000 	 0.008 
  644.29166670 	 0.146 
  645.25000000 	 0.146 
  645.29166670 	 0.008 
  646.25000000 	 0.008 
  646.29166670 	 0.000 
  647.25000000 	 0.000 
  647.29166670 	 0.604 
  648.25000000 	 0.604 
  648.29166670 	 0.029 
  649.25000000 	 0.029 
  649.29166670 	 0.033 
  650.25000000 	 0.033 
  650.29166670 	 0.038 
  651.25000000 	 0.038 
  651.29166670 	 0.400 
  652.25000000 	 0.400 
  652.29166670 	 0.000 
  653.25000000 	 0.000 
  653.29166670 	 0.133 
  654.25000000 	 0.133 
  654.29166670 	 0.221 
  655.25000000 	 0.221 
  655.29166670 	 0.000 
  656.83333330 	 0.000 
  656.87500000 	 1.000 
  656.91666670 	 0.900 
  656.95833330 	 3.000 
  657.00000000 	 0.500 
  657.04166670 	 0.100 
  657.08333330 	 0.000 
  657.12500000 	 0.000 
  657.16666670 	 0.300 
  657.20833330 	 0.800 
  657.25000000 	 1.000 
  657.29166670 	 1.400 
  657.33333330 	 0.800 
  657.37500000 	 0.300 
  657.41666670 	 0.200 
  657.45833330 	 0.000 
  667.33333330 	 0.000 
  667.37500000 	 1.000 
  667.41666670 	 0.900 
  667.45833330 	 2.700 
  667.50000000 	 0.900 
  667.54166670 	 0.300 
  667.58333330 	 0.000 
  667.62500000 	 0.000 
  667.66666670 	 0.600 
  667.70833330 	 0.000 
  668.04166670 	 0.000 
  668.08333330 	 0.100 
  668.12500000 	 0.100 
  668.16666670 	 0.000 
  668.29166670 	 0.000 
  668.33333330 	 0.900 
  668.37500000 	 0.400 
  668.41666670 	 0.000 
  668.58333330 	 0.000 
  668.62500000 	 0.200 
  668.66666670 	 0.700 
  668.70833330 	 1.000 
  668.75000000 	 0.300 
  668.79166670 	 0.400 
  668.83333330 	 0.000 
  669.33333330 	 0.000 
  669.37500000 	 0.400 
  669.41666670 	 0.300 
  669.45833330 	 0.100 
  669.50000000 	 0.000 
  669.54166670 	 0.200 
  669.58333330 	 0.000 
  669.62500000 	 0.200 
  669.66666670 	 0.000 
  669.95833330 	 0.000 
  670.00000000 	 0.300 
  670.04166670 	 0.400 
  670.08333330 	 0.100 
  670.12500000 	 0.000 
  670.45833330 	 0.000 
  670.50000000 	 0.100 
  670.54166670 	 0.000 
  671.12500000 	 0.000 
  671.16666670 	 0.100 
  671.20833330 	 0.200 
  671.25000000 	 0.500 
  671.29166670 	 0.200 
  671.33333330 	 0.200 
  671.37500000 	 0.000 
  671.41666670 	 0.000 
  671.45833330 	 0.100 
  671.50000000 	 0.000 
  671.91666670 	 0.000 
  671.95833330 	 0.200 
  672.00000000 	 0.000 
  677.58333330 	 0.000 
  677.62500000 	 2.800 
  677.66666670 	 0.000 
  679.41666670 	 0.000 
  679.45833330 	 0.600 
  679.50000000 	 1.700 
  679.54166670 	 3.500 
  679.58333330 	 1.600 
  679.62500000 	 0.700 
  679.66666670 	 0.000 
  680.04166670 	 0.000 
  680.08333330 	 0.300 
  680.12500000 	 0.300 
  680.16666670 	 0.200 
  680.20833330 	 0.400 
  680.25000000 	 1.500 
  680.29166670 	 1.300 
  680.33333330 	 0.300 
  680.37500000 	 0.500 
  680.41666670 	 0.600 
  680.45833330 	 0.500 
  680.50000000 	 0.100 
  680.54166670 	 0.000 
  680.58333330 	 0.200 
  680.62500000 	 0.000 
  680.66666670 	 0.100 
  680.70833330 	 0.000 
  680.75000000 	 0.000 
  680.79166670 	 0.300 
  680.83333330 	 1.100 
  680.87500000 	 0.500 
  680.91666670 	 0.000 
  681.16666670 	 0.000 
  681.20833330 	 0.300 
  681.25000000 	 0.100 
  681.29166670 	 0.000 
  681.41666670 	 0.000 
  681.45833330 	 0.100 
  681.50000000 	 0.000 
  681.91666670 	 0.000 
  681.95833330 	 0.100 
  682.00000000 	 0.000 
  684.00000000 	 0.000 
  684.04166670 	 0.500 
  684.08333330 	 0.800 
  684.12500000 	 1.000 
  684.16666670 	 0.200 
  684.20833330 	 0.200 
  684.25000000 	 1.900 
  684.29166670 	 0.300 
  684.33333330 	 0.100 
  684.37500000 	 0.200 
  684.41666670 	 0.000 
  685.33333330 	 0.000 
  685.37500000 	 0.100 
  685.41666670 	 0.100 
  685.45833330 	 0.000 
  687.95833330 	 0.000 
  688.00000000 	 0.500 
  688.04166670 	 0.300 
  688.08333330 	 0.000 
  688.12500000 	 0.000 
  688.16666670 	 1.300 
  688.20833330 	 0.000 
  688.33333330 	 0.000 
  688.37500000 	 0.100 
  688.41666670 	 0.000 
  689.16666670 	 0.000 
  689.20833330 	 0.500 
  689.25000000 	 0.000 
  690.58333330 	 0.000 
  690.62500000 	 0.100 
  690.66666670 	 0.000 
  691.20833330 	 0.000 
  691.25000000 	 0.200 
  691.29166670 	 0.500 
  691.33333330 	 0.900 
  691.37500000 	 0.000 
  691.62500000 	 0.000 
  691.66666670 	 0.100 
  691.70833330 	 0.000 
  691.75000000 	 0.200 
  691.79166670 	 0.000 
  692.12500000 	 0.000 
  692.16666670 	 0.100 
  692.20833330 	 0.000 
  694.00000000 	 0.000 
  694.04166670 	 0.400 
  694.08333330 	 1.900 
  694.12500000 	 1.600 
  694.16666670 	 0.100 
  694.20833330 	 0.000 
  694.33333330 	 0.000 
  694.37500000 	 0.100 
  694.41666670 	 0.000 
  694.83333330 	 0.000 
  694.87500000 	 0.300 
  694.91666670 	 0.700 
  694.95833330 	 0.200 
  695.00000000 	 0.100 
  695.04166670 	 0.000 
  695.16666670 	 0.000 
  695.20833330 	 0.200 
  695.25000000 	 0.100 
  695.29166670 	 0.000 
  695.50000000 	 0.000 
  695.54166670 	 0.300 
  695.58333330 	 0.200 
  695.62500000 	 0.100 
  695.66666670 	 0.000 
  696.04166670 	 0.000 
  696.08333330 	 2.500 
  696.12500000 	 0.300 
  696.16666670 	 1.600 
  696.20833330 	 1.700 
  696.25000000 	 0.300 
  696.29166670 	 0.000 
  696.37500000 	 0.000 
  696.41666670 	 0.100 
  696.45833330 	 0.000 
  697.33333330 	 0.000 
  697.37500000 	 0.100 
  697.41666670 	 0.000 
  697.58333330 	 0.000 
  697.62500000 	 0.100 
  697.66666670 	 0.000 
  698.00000000 	 0.000 
  698.04166670 	 0.500 
  698.08333330 	 0.200 
  698.12500000 	 0.300 
  698.16666670 	 1.500 
  698.20833330 	 0.700 
  698.25000000 	 0.400 
  698.29166670 	 0.400 
  698.33333330 	 0.500 
  698.37500000 	 0.400 
  698.41666670 	 0.100 
  698.45833330 	 0.000 
  698.50000000 	 0.000 
  698.54166670 	 0.800 
  698.58333330 	 0.200 
  698.62500000 	 0.000 
  698.66666670 	 0.500 
  698.70833330 	 0.300 
  698.75000000 	 0.200 
  698.79166670 	 0.000 
  699.16666670 	 0.000 
  699.20833330 	 0.200 
  699.25000000 	 0.400 
  699.29166670 	 0.000 
  699.33333330 	 0.500 
  699.37500000 	 0.200 
  699.41666670 	 0.100 
  699.45833330 	 0.000 
  699.54166670 	 0.000 
  699.58333330 	 0.600 
  699.62500000 	 0.000 
  700.12500000 	 0.000 
  700.16666670 	 0.300 
  700.20833330 	 0.000 
  700.41666670 	 0.000 
  700.45833330 	 0.400 
  700.50000000 	 0.000 
  709.37500000 	 0.000 
  709.41666670 	 0.500 
  709.45833330 	 0.900 
  709.50000000 	 1.500 
  709.54166670 	 0.000 
  709.79166670 	 0.000 
  709.83333330 	 3.100 
  709.87500000 	 4.100 
  709.91666670 	 3.000 
  709.95833330 	 0.000 
  710.04166670 	 0.000 
  710.08333330 	 0.100 
  710.12500000 	 0.000 
  710.16666670 	 0.000 
  710.20833330 	 0.100 
  710.25000000 	 0.000 
  710.29166670 	 0.100 
  710.33333330 	 0.000 
  721.66666670 	 0.000 
  721.70833330 	 0.400 
  721.75000000 	 0.000 
  721.79166670 	 0.100 
  721.83333330 	 0.000 
  721.87500000 	 0.100 
  721.91666670 	 0.000 
  722.12500000 	 0.000 
  722.16666670 	 0.100 
  722.20833330 	 0.000 
  722.70833330 	 0.000 
  722.75000000 	 0.200 
  722.79166670 	 0.000 
  723.95833330 	 0.000 
  724.00000000 	 0.500 
  724.04166670 	 0.500 
  724.08333330 	 0.200 
  724.12500000 	 0.000 
  727.66666670 	 0.000 
  727.70833330 	 3.000 
  727.75000000 	 23.700 
  727.79166670 	 5.500 
  727.83333330 	 0.300 
  727.87500000 	 0.000 
  727.91666670 	 0.100 
  727.95833330 	 0.000 
  728.00000000 	 0.000 
  728.04166670 	 0.300 
  728.08333330 	 0.400 
  728.12500000 	 0.200 
  728.16666670 	 1.100 
  728.20833330 	 0.500 
  728.25000000 	 0.200 
  728.29166670 	 1.200 
  728.33333330 	 2.000 
  728.37500000 	 1.400 
  728.41666670 	 0.000 
  728.66666670 	 0.000 
  728.70833330 	 1.000 
  728.75000000 	 0.000 
  728.95833330 	 0.000 
  729.00000000 	 0.200 
  729.04166670 	 0.300 
  729.08333330 	 0.000 
  729.12500000 	 0.000 
  729.16666670 	 0.100 
  729.20833330 	 0.000 
  729.62500000 	 0.000 
  729.66666670 	 0.800 
  729.70833330 	 0.000 
  729.75000000 	 0.000 
  729.79166670 	 0.100 
  729.83333330 	 0.000 
  730.66666670 	 0.000 
  730.70833330 	 0.100 
  730.75000000 	 0.000 
  730.91666670 	 0.000 
  730.95833330 	 2.400 
  731.00000000 	 3.200 
  731.04166670 	 2.000 
  731.08333330 	 0.000 
  731.33333330 	 0.000 
  731.37500000 	 0.200 
  731.41666670 	 0.100 
  731.45833330 	 0.200 
  731.50000000 	 1.900 
  731.54166670 	 1.600 
  731.58333330 	 0.200 
  731.62500000 	 0.000 
  731.70833330 	 0.000 
  731.75000000 	 0.100 
  731.79166670 	 0.000 
  731.83333330 	 0.200 
  731.87500000 	 0.100 
  731.91666670 	 0.700 
  731.95833330 	 0.100 
  732.00000000 	 0.000 
  732.04166670 	 0.000 
  732.08333330 	 0.100 
  732.12500000 	 0.200 
  732.16666670 	 0.200 
  732.20833330 	 0.000 
  732.25000000 	 0.100 
  732.29166670 	 0.000 
  732.33333330 	 0.000 
  732.37500000 	 0.900 
  732.41666670 	 0.400 
  732.45833330 	 0.200 
  732.50000000 	 0.000 
  732.54166670 	 0.100 
  732.58333330 	 0.000 
  732.62500000 	 0.600 
  732.66666670 	 0.000 
  732.79166670 	 0.000 
  732.83333330 	 0.100 
  732.87500000 	 0.000 
  732.91666670 	 0.100 
  732.95833330 	 0.200 
  733.00000000 	 0.000 
  743.62500000 	 0.000 
  743.66666670 	 0.600 
  743.70833330 	 2.300 
  743.75000000 	 1.300 
  743.79166670 	 1.100 
  743.83333330 	 0.200 
  743.87500000 	 0.300 
  743.91666670 	 0.200 
  743.95833330 	 4.400 
  744.00000000 	 0.300 
  744.04166670 	 0.000 
  744.08333330 	 0.100 
  744.12500000 	 0.000 
  744.33333330 	 0.000 
  744.37500000 	 0.300 
  744.41666670 	 0.100 
  744.45833330 	 0.000 
  744.83333330 	 0.000 
  744.87500000 	 0.800 
  744.91666670 	 0.100 
  744.95833330 	 0.000 
  745.04166670 	 0.000 
  745.08333330 	 0.700 
  745.12500000 	 0.000 
  745.79166670 	 0.000 
  745.83333330 	 0.600 
  745.87500000 	 0.200 
  745.91666670 	 0.400 
  745.95833330 	 0.100 
  746.00000000 	 0.000 
  746.12500000 	 0.000 
  746.16666670 	 1.000 
  746.20833330 	 1.200 
  746.25000000 	 0.100 
  746.29166670 	 0.000 
  748.75000000 	 0.000 
  748.79166670 	 1.200 
  748.83333330 	 0.300 
  748.87500000 	 0.100 
  748.91666670 	 1.300 
  748.95833330 	 0.700 
  749.00000000 	 0.600 
  749.04166670 	 0.000 
  749.50000000 	 0.000 
  749.54166670 	 0.800 
  749.58333330 	 0.400 
  749.62500000 	 0.200 
  749.66666670 	 5.300 
  749.70833330 	 0.400 
  749.75000000 	 0.000 
  749.87500000 	 0.000 
  749.91666670 	 0.500 
  749.95833330 	 0.000 
  750.25000000 	 0.000 
  750.29166670 	 0.300 
  750.33333330 	 0.000 
  753.95833330 	 0.000 
  754.00000000 	 3.500 
  754.04166670 	 0.300 
  754.08333330 	 0.000 
  754.12500000 	 0.000 
  754.16666670 	 0.200 
  754.20833330 	 0.000 
  754.41666670 	 0.000 
  754.45833330 	 0.200 
  754.50000000 	 0.100 
  754.54166670 	 0.000 
  754.58333330 	 0.000 
  754.62500000 	 0.600 
  754.66666670 	 3.000 
  754.70833330 	 0.000 
  754.75000000 	 0.000 
  754.79166670 	 0.600 
  754.83333330 	 0.100 
  754.87500000 	 0.000 
  755.04166670 	 0.000 
  755.08333330 	 0.100 
  755.12500000 	 0.200 
  755.16666670 	 0.200 
  755.20833330 	 0.300 
  755.25000000 	 0.300 
  755.29166670 	 0.000 
  755.83333330 	 0.000 
  755.87500000 	 0.100 
  755.91666670 	 0.000 
  755.95833330 	 0.000 
  756.00000000 	 0.700 
  756.04166670 	 1.300 
  756.08333330 	 0.100 
  756.12500000 	 0.000 
  756.16666670 	 0.000 
  756.20833330 	 0.100 
  756.25000000 	 0.000 
  757.25000000 	 0.000 
  757.29166670 	 0.800 
  757.33333330 	 7.000 
  757.37500000 	 3.800 
  757.41666670 	 0.000 
  757.45833330 	 0.000 
  757.50000000 	 0.100 
  757.54166670 	 0.000 
  757.58333330 	 0.000 
  757.62500000 	 4.500 
  757.66666670 	 0.600 
  757.70833330 	 0.000 
  758.33333330 	 0.000 
  758.37500000 	 9.300 
  758.41666670 	 0.100 
  758.45833330 	 0.000 
  758.58333330 	 0.000 
  758.62500000 	 3.500 
  758.66666670 	 1.900 
  758.70833330 	 0.000 
  759.12500000 	 0.000 
  759.16666670 	 0.100 
  759.20833330 	 0.000 
  760.62500000 	 0.000 
  760.66666670 	 0.400 
  760.70833330 	 1.500 
  760.75000000 	 0.000 
  760.79166670 	 7.300 
  760.83333330 	 6.600 
  760.87500000 	 3.400 
  760.91666670 	 0.000 
  760.95833330 	 13.600 
  761.00000000 	 6.800 
  761.04166670 	 0.300 
  761.08333330 	 0.000 
  761.12500000 	 0.200 
  761.16666670 	 0.000 
  762.12500000 	 0.000 
  762.16666670 	 0.700 
  762.20833330 	 0.100 
  762.25000000 	 0.000 
  762.33333330 	 0.000 
  762.37500000 	 0.100 
  762.41666670 	 0.300 
  762.45833330 	 0.000 
  764.45833330 	 0.000 
  764.50000000 	 4.200 
  764.54166670 	 7.300 
  764.58333330 	 0.000 
  765.20833330 	 0.000 
  765.25000000 	 0.100 
  765.29166670 	 0.000 
  765.45833330 	 0.000 
  765.50000000 	 4.900 
  765.54166670 	 2.500 
  765.58333330 	 0.100 
  765.62500000 	 0.000 
  767.45833330 	 0.000 
  767.50000000 	 1.600 
  767.54166670 	 0.900 
  767.58333330 	 0.000 
  767.87500000 	 0.000 
  767.91666670 	 0.800 
  767.95833330 	 0.900 
  768.00000000 	 2.000 
  768.04166670 	 1.300 
  768.08333330 	 0.600 
  768.12500000 	 0.000 
  768.16666670 	 0.000 
  768.20833330 	 0.100 
  768.25000000 	 0.000 
  768.58333330 	 0.000 
  768.62500000 	 0.300 
  768.66666670 	 0.200 
  768.70833330 	 3.500 
  768.75000000 	 0.400 
  768.79166670 	 0.000 
  769.12500000 	 0.000 
  769.16666670 	 0.100 
  769.20833330 	 0.000 
  770.66666670 	 0.000 
  770.70833330 	 0.600 
  770.75000000 	 0.200 
  770.79166670 	 0.000 
  771.12500000 	 0.000 
  771.16666670 	 0.300 
  771.20833330 	 0.000 
  774.50000000 	 0.000 
  774.54166670 	 7.800 
  774.58333330 	 5.700 
  774.62500000 	 0.000 
  775.16666670 	 0.000 
  775.20833330 	 0.100 
  775.25000000 	 0.000 
  776.66666670 	 0.000 
  776.70833330 	 1.400 
  776.75000000 	 0.000 
  776.91666670 	 0.000 
  776.95833330 	 0.500 
  777.00000000 	 0.200 
  777.04166670 	 0.200 
  777.08333330 	 0.100 
  777.12500000 	 0.200 
  777.16666670 	 0.000 
  777.20833330 	 0.100 
  777.25000000 	 0.000 
  779.91666670 	 0.000 
  779.95833330 	 0.600 
  780.00000000 	 3.600 
  780.04166670 	 2.900 
  780.08333330 	 0.800 
  780.12500000 	 1.600 
  780.16666670 	 0.300 
  780.20833330 	 1.000 
  780.25000000 	 1.700 
  780.29166670 	 1.800 
  780.33333330 	 1.300 
  780.37500000 	 0.600 
  780.41666670 	 0.000 
  780.45833330 	 1.000 
  780.50000000 	 1.500 
  780.54166670 	 0.500 
  780.58333330 	 0.700 
  780.62500000 	 1.500 
  780.66666670 	 1.000 
  780.70833330 	 0.000 
  780.75000000 	 1.300 
  780.79166670 	 0.000 
  780.83333330 	 0.100 
  780.87500000 	 0.000 
  780.91666670 	 0.400 
  780.95833330 	 0.600 
  781.00000000 	 0.200 
  781.04166670 	 1.200 
  781.08333330 	 2.800 
  781.25000000 	 2.800 
  781.29166670 	 3.000 
  781.33333330 	 3.000 
  781.37500000 	 2.200 
  781.41666670 	 0.200 
  781.45833330 	 0.100 
  781.50000000 	 0.000 
  781.54166670 	 1.300 
  781.58333330 	 1.400 
  781.62500000 	 4.100 
  781.66666670 	 3.200 
  781.70833330 	 1.400 
  781.75000000 	 2.800 
  781.79166670 	 3.300 
  781.83333330 	 2.400 
  781.87500000 	 1.400 
  782.25000000 	 1.400 
  782.29166670 	 1.500 
  782.33333330 	 1.000 
  782.37500000 	 1.000 
  782.41666670 	 0.000 
  782.79166670 	 0.000 
  782.83333330 	 0.100 
  782.87500000 	 0.400 
  782.91666670 	 0.000 
  784.58333330 	 0.000 
  784.62500000 	 0.200 
  784.66666670 	 0.100 
  784.70833330 	 0.100 
  784.75000000 	 0.000 
  784.79166670 	 0.000 
  784.83333330 	 0.100 
  784.87500000 	 0.000 
  792.33333330 	 0.000 
  792.37500000 	 0.300 
  792.41666670 	 0.800 
  792.45833330 	 0.000 
  792.50000000 	 0.300 
  792.54166670 	 0.400 
  792.58333330 	 0.000 
  794.62500000 	 0.000 
  794.66666670 	 0.100 
  794.70833330 	 0.000 
  795.20833330 	 0.000 
  795.25000000 	 0.100 
  795.29166670 	 0.000 
  795.45833330 	 0.000 
  795.50000000 	 0.400 
  795.54166670 	 0.000 
  795.58333330 	 0.100 
  795.62500000 	 0.000 
  796.00000000 	 0.000 
  796.04166670 	 0.100 
  796.08333330 	 0.000 
  796.12500000 	 0.600 
  796.16666670 	 0.900 
  796.20833330 	 0.000 
  799.50000000 	 0.000 
  799.54166670 	 4.600 
  799.58333330 	 0.100 
  799.62500000 	 0.000 
  799.66666670 	 2.200 
  799.70833330 	 3.500 
  799.75000000 	 0.000 
  800.00000000 	 0.000 
  800.04166670 	 0.100 
  800.08333330 	 0.000 
  801.83333330 	 0.000 
  801.87500000 	 2.700 
  801.91666670 	 1.300 
  801.95833330 	 0.100 
  802.00000000 	 0.000 
  802.04166670 	 0.100 
  802.08333330 	 0.000 
  802.41666670 	 0.000 
  802.45833330 	 1.100 
  802.50000000 	 5.700 
  802.54166670 	 1.500 
  802.58333330 	 0.500 
  802.62500000 	 0.700 
  802.66666670 	 0.300 
  802.70833330 	 0.000 
  803.12500000 	 0.000 
  803.16666670 	 0.100 
  803.20833330 	 0.000 
  804.00000000 	 0.000 
  804.04166670 	 0.600 
  804.08333330 	 0.000 
  804.12500000 	 0.000 
  804.16666670 	 0.100 
  804.20833330 	 0.500 
  804.25000000 	 0.000 
  805.00000000 	 0.000 
  805.04166670 	 0.100 
  805.08333330 	 0.000 
  805.12500000 	 0.000 
  805.16666670 	 0.400 
  805.20833330 	 0.400 
  805.25000000 	 0.100 
  805.29166670 	 0.000 
  805.33333330 	 0.500 
  805.37500000 	 0.400 
  805.41666670 	 0.200 
  805.45833330 	 0.000 
  805.62500000 	 0.000 
  805.66666670 	 0.100 
  805.70833330 	 0.000 
  807.00000000 	 0.000 
  807.04166670 	 5.000 
  807.08333330 	 0.000 
  807.12500000 	 0.000 
  807.16666670 	 1.400 
  807.20833330 	 0.000 
  807.54166670 	 0.000 
  807.58333330 	 0.100 
  807.62500000 	 0.500 
  807.66666670 	 0.100 
  807.70833330 	 0.100 
  807.75000000 	 0.000 
  812.58333330 	 0.000 
  812.62500000 	 0.700 
  812.66666670 	 0.100 
  812.70833330 	 0.000 
  815.20833330 	 0.000 
  815.25000000 	 0.100 
  815.29166670 	 0.000 
  816.04166670 	 0.000 
  816.08333330 	 0.100 
  816.12500000 	 0.100 
  816.16666670 	 0.000 
  816.83333330 	 0.000 
  816.87500000 	 0.100 
  816.91666670 	 0.000 
  817.20833330 	 0.000 
  817.25000000 	 0.100 
  817.29166670 	 0.200 
  817.33333330 	 0.700 
  817.37500000 	 0.100 
  817.41666670 	 0.000 
  818.25000000 	 0.000 
  818.29166670 	 0.200 
  818.33333330 	 0.000 
  819.12500000 	 0.000 
  819.16666670 	 0.100 
  819.20833330 	 0.000 
  819.25000000 	 0.000 
  819.29166670 	 0.100 
  819.33333330 	 0.000 
  819.95833330 	 0.000 
  820.00000000 	 0.100 
  820.08333330 	 0.100 
  820.12500000 	 0.000 
  820.16666670 	 0.000 
  820.20833330 	 0.100 
  820.25000000 	 0.200 
  820.29166670 	 0.100 
  820.33333330 	 0.000 
  821.20833330 	 0.000 
  821.25000000 	 2.300 
  821.29166670 	 1.800 
  821.33333330 	 0.700 
  821.37500000 	 0.000 
  821.45833330 	 0.000 
  821.50000000 	 0.100 
  821.54166670 	 0.000 
  821.58333330 	 0.300 
  821.62500000 	 0.100 
  821.66666670 	 0.000 
  822.04166670 	 0.000 
  822.08333330 	 0.100 
  822.12500000 	 0.000 
  822.16666670 	 0.500 
  822.20833330 	 0.000 
  822.25000000 	 0.000 
  822.29166670 	 1.000 
  822.33333330 	 0.000 
  822.54166670 	 0.000 
  822.58333330 	 0.100 
  822.62500000 	 0.000 
  823.00000000 	 0.000 
  823.04166670 	 0.100 
  823.08333330 	 0.000 
  823.12500000 	 0.600 
  823.16666670 	 0.200 
  823.20833330 	 0.400 
  823.25000000 	 0.300 
  823.29166670 	 0.200 
  823.33333330 	 0.200 
  823.37500000 	 0.100 
  823.41666670 	 0.200 
  823.45833330 	 0.400 
  823.50000000 	 3.100 
  823.54166670 	 0.100 
  823.58333330 	 0.000 
  823.62500000 	 0.000 
  823.66666670 	 0.200 
  823.70833330 	 0.500 
  823.75000000 	 0.200 
  823.79166670 	 1.400 
  823.83333330 	 0.000 
  824.20833330 	 0.000 
  824.25000000 	 0.100 
  824.29166670 	 0.000 
  824.33333330 	 0.000 
  824.37500000 	 0.100 
  824.41666670 	 0.000 
  824.45833330 	 0.600 
  824.50000000 	 0.600 
  824.54166670 	 0.100 
  824.58333330 	 0.000 
  824.66666670 	 0.000 
  824.70833330 	 0.100 
  824.75000000 	 2.800 
  824.79166670 	 3.300 
  824.83333330 	 0.200 
  824.87500000 	 0.100 
  824.91666670 	 0.000 
  825.00000000 	 0.000 
  825.04166670 	 0.100 
  825.08333330 	 0.000 
  825.12500000 	 0.100 
  825.16666670 	 0.000 
  825.54166670 	 0.000 
  825.58333330 	 0.100 
  825.62500000 	 0.000 
  825.91666670 	 0.000 
  825.95833330 	 0.200 
  826.00000000 	 0.600 
  826.04166670 	 0.800 
  826.08333330 	 0.500 
  826.12500000 	 0.100 
  826.16666670 	 0.000 
  826.20833330 	 0.100 
  826.25000000 	 0.000 
  832.25000000 	 0.000 
  832.29166670 	 0.100 
  832.33333330 	 0.100 
  832.37500000 	 0.000 
  836.20833330 	 0.000 
  836.25000000 	 0.100 
  836.29166670 	 0.000 
  840.45833330 	 0.000 
  840.50000000 	 0.100 
  840.54166670 	 1.300 
  840.58333330 	 0.700 
  840.62500000 	 0.000 
  840.75000000 	 0.000 
  840.79166670 	 0.100 
  840.83333330 	 0.000 
  841.12500000 	 0.000 
  841.16666670 	 0.100 
  841.20833330 	 0.000 
  841.25000000 	 0.600 
  841.29166670 	 0.000 
  841.33333330 	 0.100 
  841.37500000 	 0.000 
  842.08333330 	 0.000 
  842.12500000 	 0.500 
  842.16666670 	 0.700 
  842.20833330 	 0.200 
  842.25000000 	 0.200 
  842.29166670 	 0.000 
  842.33333330 	 1.400 
  842.37500000 	 0.500 
  842.41666670 	 0.000 
  842.45833330 	 2.200 
  842.50000000 	 2.900 
  842.54166670 	 1.000 
  842.58333330 	 0.300 
  842.62500000 	 0.900 
  842.66666670 	 0.100 
  842.70833330 	 0.000 
  843.04166670 	 0.000 
  843.08333330 	 0.100 
  843.12500000 	 0.100 
  843.16666670 	 0.200 
  843.20833330 	 0.100 
  843.25000000 	 0.000 
  843.62500000 	 0.000 
  843.66666670 	 0.100 
  843.70833330 	 0.000 
  843.75000000 	 0.100 
  843.79166670 	 0.000 
  843.87500000 	 0.000 
  843.91666670 	 0.300 
  843.95833330 	 1.100 
  844.00000000 	 0.800 
  844.04166670 	 0.200 
  844.08333330 	 0.300 
  844.12500000 	 0.400 
  844.20833330 	 0.400 
  844.25000000 	 0.100 
  844.29166670 	 0.400 
  844.33333330 	 0.000 
  844.50000000 	 0.000 
  844.54166670 	 0.200 
  844.58333330 	 0.000 
  844.62500000 	 0.000 
  844.66666670 	 0.900 
  844.70833330 	 0.000 
  845.12500000 	 0.000 
  845.16666670 	 0.100 
  845.20833330 	 0.100 
  845.25000000 	 0.300 
  845.29166670 	 0.000 
  845.33333330 	 0.200 
  845.37500000 	 0.000 
  845.50000000 	 0.000 
  845.54166670 	 0.300 
  845.62500000 	 0.300 
  845.66666670 	 0.200 
  845.70833330 	 0.400 
  845.75000000 	 0.400 
  845.79166670 	 0.300 
  845.83333330 	 0.200 
  845.87500000 	 0.100 
  845.91666670 	 0.000 
  847.41666670 	 0.000 
  847.45833330 	 0.100 
  847.50000000 	 0.000 
  847.54166670 	 0.400 
  847.58333330 	 0.200 
  847.62500000 	 0.300 
  847.66666670 	 1.400 
  847.70833330 	 0.500 
  847.75000000 	 0.200 
  847.79166670 	 0.000 
  849.54166670 	 0.000 
  849.58333330 	 0.100 
  849.62500000 	 0.300 
  849.66666670 	 0.200 
  849.70833330 	 0.300 
  849.75000000 	 0.000 
  849.83333330 	 0.000 
  849.87500000 	 0.200 
  849.91666670 	 0.900 
  849.95833330 	 1.300 
  850.00000000 	 0.500 
  850.04166670 	 0.600 
  850.08333330 	 0.500 
  850.12500000 	 0.100 
  850.16666670 	 0.000 
  850.62500000 	 0.000 
  850.66666670 	 0.100 
  850.70833330 	 0.100 
  850.75000000 	 0.000 
  851.08333330 	 0.000 
  851.12500000 	 0.100 
  851.16666670 	 0.000 
  851.79166670 	 0.000 
  851.83333330 	 0.100 
  851.87500000 	 0.100 
  851.91666670 	 0.000 
  853.20833330 	 0.000 
  853.25000000 	 0.154 
  854.20833330 	 0.154 
  854.25000000 	 0.525 
  855.20833330 	 0.525 
  855.25000000 	 0.100 
  856.20833330 	 0.100 
  856.25000000 	 0.104 
  857.20833330 	 0.104 
  857.25000000 	 0.213 
  858.20833330 	 0.213 
  858.25000000 	 0.092 
  859.20833330 	 0.092 
  859.25000000 	 0.000 
  860.20833330 	 0.000 
  860.25000000 	 0.083 
  861.20833330 	 0.083 
  861.25000000 	 0.221 
  862.20833330 	 0.221 
  862.25000000 	 0.000 
  863.20833330 	 0.000 
  863.25000000 	 0.013 
  865.20833330 	 0.013 
  865.25000000 	 0.000 
  866.20833330 	 0.000 
  866.25000000 	 0.008 
  867.20833330 	 0.008 
  867.25000000 	 0.004 
  868.20833330 	 0.004 
  868.25000000 	 0.000 
  869.20833330 	 0.000 
  869.25000000 	 0.075 
  870.20833330 	 0.075 
  870.25000000 	 0.321 
  871.20833330 	 0.321 
  871.25000000 	 0.000 
  872.20833330 	 0.000 
  872.25000000 	 0.008 
  873.20833330 	 0.008 
  873.25000000 	 0.000 
  878.20833330 	 0.000 
  878.25000000 	 0.013 
  879.20833330 	 0.013 
  879.25000000 	 0.000 
  880.20833330 	 0.000 
  880.25000000 	 0.004 
  881.20833330 	 0.004 
  881.25000000 	 0.038 
  882.20833330 	 0.038 
  882.25000000 	 0.033 
  883.20833330 	 0.033 
  883.25000000 	 0.071 
  884.20833330 	 0.071 
  884.25000000 	 0.417 
  885.20833330 	 0.417 
  885.25000000 	 0.250 
  886.20833330 	 0.250 
  886.25000000 	 0.129 
  887.20833330 	 0.129 
  887.25000000 	 0.025 
  888.20833330 	 0.025 
  888.25000000 	 0.033 
  889.20833330 	 0.033 
  889.25000000 	 0.025 
  890.20833330 	 0.025 
  890.25000000 	 0.008 
  892.20833330 	 0.008 
  892.25000000 	 0.042 
  893.20833330 	 0.042 
  893.25000000 	 0.000 
  894.20833330 	 0.000 
  894.25000000 	 0.004 
  895.20833330 	 0.004 
  895.25000000 	 0.000 
  902.20833330 	 0.000 
  902.25000000 	 0.129 
  903.20833330 	 0.129 
  903.25000000 	 0.021 
  904.20833330 	 0.021 
  904.25000000 	 0.033 
  905.20833330 	 0.033 
  905.25000000 	 0.042 
  906.20833330 	 0.042 
  906.25000000 	 0.004 
  907.20833330 	 0.004 
  907.25000000 	 0.046 
  908.20833330 	 0.046 
  908.25000000 	 0.008 
  909.20833330 	 0.008 
  909.25000000 	 0.000 
  910.20833330 	 0.000 
  910.25000000 	 0.383 
  911.20833330 	 0.383 
  911.25000000 	 0.017 
  912.20833330 	 0.017 
  912.25000000 	 0.296 
  913.20833330 	 0.296 
  913.25000000 	 0.004 
  914.20833330 	 0.004 
  914.25000000 	 0.008 
  915.20833330 	 0.008 
  915.25000000 	 0.079 
  916.20833330 	 0.079 
  916.25000000 	 0.000 
  928.20833330 	 0.000 
  928.25000000 	 0.088 
  929.20833330 	 0.088 
  929.25000000 	 0.029 
  930.20833330 	 0.029 
  930.25000000 	 0.000 
  932.20833330 	 0.000 
  932.25000000 	 0.113 
  933.20833330 	 0.113 
  933.25000000 	 0.021 
  934.20833330 	 0.021 
  934.25000000 	 0.000 
  935.20833330 	 0.000 
  935.25000000 	 0.021 
  936.20833330 	 0.021 
  936.25000000 	 0.271 
  937.20833330 	 0.271 
  937.25000000 	 0.017 
  938.20833330 	 0.017 
  938.25000000 	 0.117 
  939.20833330 	 0.117 
  939.25000000 	 0.396 
  940.20833330 	 0.396 
  940.25000000 	 0.117 
  941.20833330 	 0.117 
  941.25000000 	 0.071 
  942.20833330 	 0.071 
  942.25000000 	 0.000 
  947.20833330 	 0.000 
  947.25000000 	 0.029 
  948.20833330 	 0.029 
  948.25000000 	 0.000 
  949.20833330 	 0.000 
  949.25000000 	 0.029 
  950.20833330 	 0.029 
  950.25000000 	 0.000 
  951.20833330 	 0.000 
  951.25000000 	 0.063 
  952.20833330 	 0.063 
  952.25000000 	 0.038 
  953.20833330 	 0.038 
  953.25000000 	 0.000 
  956.20833330 	 0.000 
  956.25000000 	 0.042 
  957.20833330 	 0.042 
  957.25000000 	 0.067 
  958.20833330 	 0.067 
  958.25000000 	 0.000 
  961.20833330 	 0.000 
  961.25000000 	 0.233 
  962.20833330 	 0.233 
  962.25000000 	 0.008 
  963.20833330 	 0.008 
  963.25000000 	 0.017 
  964.20833330 	 0.017 
  964.25000000 	 0.000 
  965.20833330 	 0.000 
  965.25000000 	 0.104 
  966.20833330 	 0.104 
  966.25000000 	 0.050 
  967.20833330 	 0.050 
  967.25000000 	 0.046 
  969.20833330 	 0.046 
  969.25000000 	 0.217 
  970.20833330 	 0.217 
  970.25000000 	 0.063 
  971.20833330 	 0.063 
  971.25000000 	 0.083 
  972.20833330 	 0.083 
  972.25000000 	 0.108 
  973.20833330 	 0.108 
  973.25000000 	 0.021 
  974.20833330 	 0.021 
  974.25000000 	 0.025 
  975.20833330 	 0.025 
  975.25000000 	 0.004 
  976.20833330 	 0.004 
  976.25000000 	 0.000 
  982.20833330 	 0.000 
  982.25000000 	 0.008 
  983.20833330 	 0.008 
  983.25000000 	 1.479 
  984.20833330 	 1.479 
  984.25000000 	 0.000 
  999.20833330 	 0.000 
  999.25000000 	 0.229 
 1000.20833330 	 0.229 
 1000.25000000 	 0.425 
 1001.20833330 	 0.425 
 1001.25000000 	 0.208 
 1003.20833330 	 0.208 
 1003.25000000 	 0.000 
 1003.95833330 	 0.000 
 1004.00000000 	 0.300 
 1004.04166670 	 1.500 
 1004.08333330 	 0.700 
 1004.12500000 	 0.600 
 1004.16666670 	 2.400 
 1004.20833330 	 0.900 
 1004.25000000 	 1.000 
 1004.29166670 	 0.400 
 1004.33333330 	 0.200 
 1004.37500000 	 0.000 
 1005.29166670 	 0.000 
 1005.33333330 	 1.700 
 1005.37500000 	 1.200 
 1005.41666670 	 1.600 
 1005.45833330 	 1.000 
 1005.50000000 	 0.400 
 1005.54166670 	 0.100 
 1005.58333330 	 0.000 
 1005.62500000 	 0.100 
 1005.66666670 	 0.000 
 1006.16666670 	 0.000 
 1006.20833330 	 0.100 
 1006.25000000 	 0.200 
 1006.29166670 	 0.100 
 1006.33333330 	 0.100 
 1006.37500000 	 0.200 
 1006.41666670 	 0.000 
 1006.54166670 	 0.000 
 1006.58333330 	 0.100 
 1006.62500000 	 0.200 
 1006.66666670 	 0.000 
 1006.70833330 	 0.100 
 1006.75000000 	 0.300 
 1006.79166670 	 0.000 
 1007.79166670 	 0.000 
 1007.83333330 	 0.200 
 1007.87500000 	 0.500 
 1007.91666670 	 0.100 
 1007.95833330 	 0.000 
 1008.00000000 	 0.000 
 1008.04166670 	 1.900 
 1008.08333330 	 0.000 
 1008.45833330 	 0.000 
 1008.50000000 	 0.100 
 1008.54166670 	 0.000 
 1008.58333330 	 0.000 
 1008.62500000 	 0.800 
 1008.66666670 	 0.000 
 1008.75000000 	 0.000 
 1008.79166670 	 1.000 
 1008.83333330 	 0.000 
 1009.04166670 	 0.000 
 1009.08333330 	 0.200 
 1009.12500000 	 0.000 
 1009.45833330 	 0.000 
 1009.50000000 	 0.100 
 1009.54166670 	 0.000 
 1009.58333330 	 0.000 
 1009.62500000 	 0.800 
 1009.66666670 	 0.000 
 1009.75000000 	 0.000 
 1009.79166670 	 1.000 
 1009.83333330 	 0.000 
 1010.16666670 	 0.000 
 1010.20833330 	 0.300 
 1010.25000000 	 0.100 
 1010.29166670 	 0.400 
 1010.33333330 	 0.100 
 1010.37500000 	 0.000 
 1010.83333330 	 0.000 
 1010.87500000 	 0.600 
 1010.91666670 	 0.400 
 1010.95833330 	 0.200 
 1011.00000000 	 0.000 
 1011.04166670 	 0.000 
 1011.08333330 	 0.100 
 1011.12500000 	 0.000 
 1011.45833330 	 0.000 
 1011.50000000 	 1.100 
 1011.54166670 	 0.000 
 1012.66666670 	 0.000 
 1012.70833330 	 0.200 
 1012.75000000 	 0.000 
 1013.20833330 	 0.000 
 1013.25000000 	 0.100 
 1013.29166670 	 0.200 
 1013.33333330 	 0.000 
 1013.91666670 	 0.000 
 1013.95833330 	 0.400 
 1014.00000000 	 0.500 
 1014.04166670 	 1.600 
 1014.08333330 	 0.300 
 1014.12500000 	 0.000 
 1014.16666670 	 0.400 
 1014.20833330 	 0.000 
 1014.41666670 	 0.000 
 1014.45833330 	 0.400 
 1014.50000000 	 0.000 
 1015.20833330 	 0.000 
 1015.25000000 	 0.600 
 1015.29166670 	 0.800 
 1015.33333330 	 0.100 
 1015.37500000 	 0.100 
 1015.41666670 	 0.000 
 1015.66666670 	 0.000 
 1015.70833330 	 0.100 
 1015.75000000 	 0.300 
 1015.79166670 	 0.100 
 1015.83333330 	 0.000 
 1018.54166670 	 0.000 
 1018.58333330 	 2.300 
 1018.62500000 	 1.700 
 1018.66666670 	 0.000 
 1018.75000000 	 0.000 
 1018.79166670 	 0.300 
 1018.83333330 	 0.300 
 1018.87500000 	 0.200 
 1018.91666670 	 0.400 
 1018.95833330 	 0.000 
 1027.25000000 	 0.000 
 1027.29166670 	 0.600 
 1027.33333330 	 1.900 
 1027.37500000 	 1.500 
 1027.41666670 	 0.400 
 1027.45833330 	 0.300 
 1027.50000000 	 0.300 
 1027.54166670 	 0.200 
 1027.58333330 	 0.600 
 1027.62500000 	 0.700 
 1027.66666670 	 0.500 
 1027.70833330 	 0.900 
 1027.75000000 	 1.000 
 1027.79166670 	 1.400 
 1027.83333330 	 1.500 
 1027.87500000 	 0.900 
 1027.91666670 	 1.200 
 1027.95833330 	 1.000 
 1028.00000000 	 0.500 
 1028.04166670 	 0.300 
 1028.08333330 	 0.100 
 1028.12500000 	 0.100 
 1028.16666670 	 0.400 
 1028.20833330 	 0.000 
 1028.25000000 	 0.300 
 1028.29166670 	 0.300 
 1028.33333330 	 0.700 
 1028.37500000 	 0.700 
 1028.41666670 	 0.500 
 1028.45833330 	 0.500 
 1028.50000000 	 0.200 
 1028.54166670 	 0.000 
 1028.70833330 	 0.000 
 1028.75000000 	 0.100 
 1028.79166670 	 0.000 
 1028.83333330 	 0.100 
 1028.87500000 	 0.500 
 1028.91666670 	 0.300 
 1028.95833330 	 0.000 
 1029.00000000 	 0.000 
 1029.04166670 	 0.100 
 1029.08333330 	 0.000 
 1029.20833330 	 0.000 
 1029.25000000 	 0.300 
 1029.29166670 	 0.000 
 1030.25000000 	 0.000 
 1030.29166670 	 0.200 
 1030.33333330 	 2.500 
 1030.37500000 	 2.900 
 1030.41666670 	 0.800 
 1030.45833330 	 0.000 
 1030.87500000 	 0.000 
 1030.91666670 	 0.100 
 1030.95833330 	 0.000 
 1031.00000000 	 0.100 
 1031.04166670 	 0.000 
 1031.16666670 	 0.000 
 1031.20833330 	 0.100 
 1031.25000000 	 0.300 
 1031.29166670 	 0.200 
 1031.33333330 	 0.700 
 1031.37500000 	 0.200 
 1031.41666670 	 0.200 
 1031.45833330 	 0.100 
 1031.50000000 	 0.000 
 1031.54166670 	 0.000 
 1031.58333330 	 1.000 
 1031.62500000 	 0.500 
 1031.66666670 	 0.000 
 1032.00000000 	 0.000 
 1032.04166670 	 0.100 
 1032.08333330 	 0.000 
 1032.16666670 	 0.000 
 1032.20833330 	 0.100 
 1032.25000000 	 0.100 
 1032.29166670 	 0.500 
 1032.33333330 	 0.700 
 1032.37500000 	 1.100 
 1032.41666670 	 0.000 
 1032.83333330 	 0.000 
 1032.87500000 	 0.100 
 1032.91666670 	 0.000 
 1033.16666670 	 0.000 
 1033.20833330 	 0.100 
 1033.25000000 	 0.100 
 1033.29166670 	 0.000 
 1042.91666670 	 0.000 
 1042.95833330 	 0.400 
 1043.00000000 	 0.100 
 1043.04166670 	 0.400 
 1043.08333330 	 0.000 
 1044.66666670 	 0.000 
 1044.70833330 	 0.100 
 1044.75000000 	 0.000 
 1046.54166670 	 0.000 
 1046.58333330 	 0.400 
 1046.62500000 	 0.000 
 1046.66666670 	 0.400 
 1046.70833330 	 1.300 
 1046.75000000 	 0.300 
 1046.79166670 	 0.200 
 1046.83333330 	 0.000 
 1046.87500000 	 3.900 
 1046.91666670 	 0.200 
 1046.95833330 	 0.100 
 1047.00000000 	 0.000 
 1047.04166670 	 0.000 
 1047.08333330 	 0.100 
 1047.12500000 	 0.000 
 1047.54166670 	 0.000 
 1047.58333330 	 0.700 
 1047.62500000 	 11.800 
 1047.66666670 	 1.100 
 1047.70833330 	 1.300 
 1047.75000000 	 0.100 
 1047.79166670 	 0.900 
 1047.83333330 	 0.400 
 1047.87500000 	 0.000 
 1047.91666670 	 0.100 
 1047.95833330 	 0.000 
 1048.58333330 	 0.000 
 1048.62500000 	 1.200 
 1048.66666670 	 3.200 
 1048.70833330 	 1.400 
 1048.75000000 	 0.100 
 1048.79166670 	 0.000 
 1048.95833330 	 0.000 
 1049.00000000 	 0.100 
 1049.04166670 	 0.000 
 1049.33333330 	 0.000 
 1049.37500000 	 0.100 
 1049.41666670 	 0.000 
 1050.08333330 	 0.000 
 1050.12500000 	 0.100 
 1050.16666670 	 0.000 
 1050.79166670 	 0.000 
 1050.83333330 	 0.300 
 1050.87500000 	 0.300 
 1050.91666670 	 0.000 
 1051.79166670 	 0.000 
 1051.83333330 	 1.000 
 1051.87500000 	 46.000 
 1051.91666670 	 2.400 
 1051.95833330 	 0.000 
 1052.00000000 	 0.000 
 1052.04166670 	 0.100 
 1052.08333330 	 0.200 
 1052.12500000 	 0.100 
 1052.16666670 	 0.000 
 1052.20833330 	 0.100 
 1052.29166670 	 0.100 
 1052.33333330 	 0.200 
 1052.37500000 	 0.400 
 1052.41666670 	 0.000 
 1052.66666670 	 0.000 
 1052.70833330 	 1.400 
 1052.75000000 	 0.000 
 1053.54166670 	 0.000 
 1053.58333330 	 0.300 
 1053.62500000 	 0.000 
 1053.66666670 	 0.000 
 1053.70833330 	 1.600 
 1053.75000000 	 1.100 
 1053.79166670 	 4.100 
 1053.83333330 	 0.500 
 1053.87500000 	 0.000 
 1053.95833330 	 0.000 
 1054.00000000 	 0.400 
 1054.04166670 	 0.000 
 1054.08333330 	 0.100 
 1054.12500000 	 0.000 
 1057.04166670 	 0.000 
 1057.08333330 	 0.100 
 1057.12500000 	 0.500 
 1057.16666670 	 1.000 
 1057.20833330 	 0.100 
 1057.25000000 	 0.100 
 1057.29166670 	 0.000 
 1057.33333330 	 0.100 
 1057.37500000 	 0.000 
 1059.50000000 	 0.000 
 1059.54166670 	 1.200 
 1059.58333330 	 2.100 
 1059.62500000 	 0.600 
 1059.66666670 	 0.300 
 1059.70833330 	 0.100 
 1059.75000000 	 0.000 
 1060.87500000 	 0.000 
 1060.91666670 	 5.000 
 1060.95833330 	 7.200 
 1061.00000000 	 0.000 
 1062.45833330 	 0.000 
 1062.50000000 	 0.100 
 1062.54166670 	 0.000 
 1064.95833330 	 0.000 
 1065.00000000 	 0.100 
 1065.04166670 	 0.000 
 1066.70833330 	 0.000 
 1066.75000000 	 1.400 
 1066.79166670 	 0.100 
 1066.83333330 	 0.000 
 1067.58333330 	 0.000 
 1067.62500000 	 0.200 
 1067.66666670 	 0.000 
 1067.75000000 	 0.000 
 1067.79166670 	 0.100 
 1067.83333330 	 0.000 
 1069.70833330 	 0.000 
 1069.75000000 	 3.200 
 1069.79166670 	 0.000 
 1071.08333330 	 0.000 
 1071.12500000 	 0.300 
 1071.16666670 	 0.000 
 1071.20833330 	 0.000 
 1071.25000000 	 0.100 
 1071.29166670 	 0.000 
 1072.41666670 	 0.000 
 1072.45833330 	 0.200 
 1072.50000000 	 0.000 
 1073.66666670 	 0.000 
 1073.70833330 	 3.900 
 1073.75000000 	 0.600 
 1073.79166670 	 0.100 
 1073.83333330 	 0.100 
 1073.87500000 	 0.000 
 1073.91666670 	 0.000 
 1073.95833330 	 0.400 
 1074.00000000 	 0.100 
 1074.08333330 	 0.100 
 1074.12500000 	 0.000 
 1074.16666670 	 0.100 
 1074.20833330 	 0.000 
 1074.25000000 	 0.000 
 1074.29166670 	 0.200 
 1074.33333330 	 0.000 
 1074.66666670 	 0.000 
 1074.70833330 	 0.700 
 1074.75000000 	 3.800 
 1074.79166670 	 2.900 
 1074.83333330 	 3.900 
 1074.87500000 	 0.700 
 1074.91666670 	 1.300 
 1074.95833330 	 0.900 
 1075.00000000 	 0.100 
 1075.04166670 	 0.100 
 1075.08333330 	 0.400 
 1075.12500000 	 0.100 
 1075.16666670 	 0.000 
 1075.25000000 	 0.000 
 1075.29166670 	 0.100 
 1075.33333330 	 0.000 
 1076.45833330 	 0.000 
 1076.50000000 	 0.700 
 1076.54166670 	 0.000 
 1076.79166670 	 0.000 
 1076.83333330 	 0.300 
 1076.87500000 	 0.100 
 1076.91666670 	 0.000 
 1077.16666670 	 0.000 
 1077.20833330 	 0.300 
 1077.25000000 	 0.000 
 1079.08333330 	 0.000 
 1079.12500000 	 0.400 
 1079.16666670 	 0.400 
 1079.20833330 	 0.100 
 1079.25000000 	 0.000 
 1079.50000000 	 0.000 
 1079.54166670 	 1.600 
 1079.58333330 	 0.000 
 1079.66666670 	 0.000 
 1079.70833330 	 0.400 
 1079.75000000 	 0.000 
 1079.79166670 	 0.000 
 1079.83333330 	 1.100 
 1079.87500000 	 0.000 
 1079.91666670 	 0.000 
 1079.95833330 	 0.100 
 1080.00000000 	 0.000 
 1080.08333330 	 0.000 
 1080.12500000 	 3.700 
 1080.16666670 	 2.500 
 1080.20833330 	 0.000 
 1080.25000000 	 0.000 
 1080.29166670 	 0.600 
 1080.33333330 	 0.100 
 1080.37500000 	 0.100 
 1080.41666670 	 0.000 
 1080.45833330 	 0.000 
 1080.50000000 	 0.100 
 1080.54166670 	 0.000 
 1080.58333330 	 0.400 
 1080.62500000 	 0.000 
 1080.70833330 	 0.000 
 1080.75000000 	 0.500 
 1080.79166670 	 1.000 
 1080.83333330 	 0.000 
 1081.45833330 	 0.000 
 1081.50000000 	 2.400 
 1081.54166670 	 0.000 
 1081.62500000 	 0.000 
 1081.66666670 	 0.600 
 1081.70833330 	 0.000 
 1082.37500000 	 0.000 
 1082.41666670 	 0.200 
 1082.45833330 	 0.100 
 1082.50000000 	 0.200 
 1082.54166670 	 0.000 
 1083.12500000 	 0.000 
 1083.16666670 	 0.100 
 1083.20833330 	 0.100 
 1083.25000000 	 0.300 
 1083.29166670 	 0.100 
 1083.33333330 	 0.400 
 1083.37500000 	 0.100 
 1083.41666670 	 0.500 
 1083.45833330 	 1.200 
 1083.50000000 	 1.400 
 1083.54166670 	 1.500 
 1083.58333330 	 0.500 
 1083.62500000 	 0.000 
 1083.66666670 	 0.200 
 1083.70833330 	 0.200 
 1083.75000000 	 0.100 
 1083.79166670 	 0.300 
 1083.83333330 	 0.100 
 1083.87500000 	 0.100 
 1083.91666670 	 0.000 
 1083.95833330 	 0.300 
 1084.00000000 	 0.400 
 1084.04166670 	 0.000 
 1084.08333330 	 0.000 
 1084.12500000 	 0.100 
 1084.16666670 	 0.000 
 1086.37500000 	 0.000 
 1086.41666670 	 0.200 
 1086.45833330 	 1.000 
 1086.50000000 	 0.100 
 1086.58333330 	 0.100 
 1086.62500000 	 0.000 
 1091.08333330 	 0.000 
 1091.12500000 	 0.100 
 1091.16666670 	 13.500 
 1091.20833330 	 2.700 
 1091.25000000 	 1.200 
 1091.29166670 	 0.100 
 1091.33333330 	 0.000 
 1091.54166670 	 0.000 
 1091.58333330 	 0.200 
 1091.62500000 	 0.000 
 1091.66666670 	 0.000 
 1091.70833330 	 1.500 
 1091.75000000 	 0.000 
 1092.45833330 	 0.000 
 1092.50000000 	 0.100 
 1092.54166670 	 0.100 
 1092.58333330 	 0.300 
 1092.62500000 	 0.000 
 1092.66666670 	 1.100 
 1092.70833330 	 3.200 
 1092.75000000 	 0.800 
 1092.79166670 	 1.800 
 1092.83333330 	 0.400 
 1092.87500000 	 0.000 
 1093.04166670 	 0.000 
 1093.08333330 	 0.300 
 1093.12500000 	 0.200 
 1093.16666670 	 0.000 
 1093.20833330 	 0.000 
 1093.25000000 	 0.100 
 1093.29166670 	 0.000 
 1122.75000000 	 0.000 
 1122.79166670 	 0.300 
 1122.83333330 	 3.200 
 1122.87500000 	 2.200 
 1122.91666670 	 0.000 
 1123.00000000 	 0.000 
 1123.04166670 	 0.200 
 1123.08333330 	 0.000 
 1123.12500000 	 0.000 
 1123.16666670 	 0.100 
 1123.20833330 	 0.000 
 1127.04166670 	 0.000 
 1127.08333330 	 8.000 
 1127.12500000 	 0.400 
 1127.16666670 	 0.100 
 1127.20833330 	 0.000 
 1128.66666670 	 0.000 
 1128.70833330 	 0.700 
 1128.75000000 	 0.000 
 1128.79166670 	 0.100 
 1128.83333330 	 0.000 
 1130.87500000 	 0.000 
 1130.91666670 	 0.300 
 1130.95833330 	 0.000 
 1131.04166670 	 0.000 
 1131.08333330 	 0.200 
 1131.12500000 	 0.000 
 1132.12500000 	 0.000 
 1132.16666670 	 0.100 
 1132.20833330 	 0.300 
 1132.25000000 	 0.000 
 1132.58333330 	 0.000 
 1132.62500000 	 0.500 
 1132.66666670 	 0.100 
 1132.70833330 	 0.000 
 1147.08333330 	 0.000 
 1147.12500000 	 2.600 
 1147.16666670 	 4.300 
 1147.20833330 	 0.100 
 1147.25000000 	 0.000 
 1147.37500000 	 0.000 
 1147.41666670 	 3.900 
 1147.45833330 	 0.000 
 1147.83333330 	 0.000 
 1147.87500000 	 1.700 
 1147.91666670 	 4.400 
 1147.95833330 	 4.800 
 1148.00000000 	 1.800 
 1148.04166670 	 0.000 
 1152.04166670 	 0.000 
 1152.08333330 	 1.300 
 1152.12500000 	 1.700 
 1152.16666670 	 0.500 
 1152.20833330 	 0.000 
 1152.25000000 	 1.000 
 1152.29166670 	 0.000 
 1152.33333330 	 0.100 
 1152.37500000 	 0.000 
 1152.83333330 	 0.000 
 1152.87500000 	 0.300 
 1152.91666670 	 0.000 
 1155.62500000 	 0.000 
 1155.66666670 	 0.100 
 1155.70833330 	 4.700 
 1155.75000000 	 2.300 
 1155.79166670 	 0.100 
 1155.83333330 	 0.000 
 1156.04166670 	 0.000 
 1156.08333330 	 0.100 
 1156.12500000 	 0.000 
 1156.58333330 	 0.000 
 1156.62500000 	 0.600 
 1156.66666670 	 0.000 
 1158.08333330 	 0.000 
 1158.12500000 	 0.200 
 1158.16666670 	 0.000 
 1165.29166670 	 0.000 
 1165.33333330 	 0.100 
 1165.37500000 	 0.000 
 1165.66666670 	 0.000 
 1165.70833330 	 0.300 
 1165.75000000 	 0.300 
 1165.79166670 	 1.000 
 1165.83333330 	 0.400 
 1165.87500000 	 1.100 
 1165.91666670 	 0.500 
 1165.95833330 	 0.600 
 1166.00000000 	 0.100 
 1166.04166670 	 0.100 
 1166.08333330 	 0.000 
 1166.12500000 	 0.000 
 1166.16666670 	 0.200 
 1166.20833330 	 1.200 
 1166.25000000 	 1.200 
 1166.29166670 	 0.300 
 1166.33333330 	 0.900 
 1166.37500000 	 0.600 
 1166.41666670 	 0.100 
 1166.54166670 	 0.100 
 1166.58333330 	 0.000 
 1166.66666670 	 0.000 
 1166.70833330 	 0.100 
 1166.75000000 	 0.000 
 1168.25000000 	 0.000 
 1168.29166670 	 0.500 
 1168.33333330 	 0.000 
 1168.37500000 	 0.400 
 1168.41666670 	 0.600 
 1168.45833330 	 0.400 
 1168.50000000 	 0.200 
 1168.54166670 	 0.100 
 1168.58333330 	 0.000 
 1170.20833330 	 0.000 
 1170.25000000 	 0.100 
 1170.29166670 	 0.000 
 1172.66666670 	 0.000 
 1172.70833330 	 0.200 
 1172.75000000 	 0.400 
 1172.79166670 	 0.000 
 1173.16666670 	 0.000 
 1173.20833330 	 0.100 
 1173.25000000 	 0.000 
 1174.16666670 	 0.000 
 1174.20833330 	 0.400 
 1174.25000000 	 1.000 
 1174.29166670 	 0.900 
 1174.33333330 	 0.100 
 1174.37500000 	 0.000 
 1174.45833330 	 0.000 
 1174.50000000 	 0.200 
 1174.54166670 	 0.800 
 1174.58333330 	 0.700 
 1174.62500000 	 0.300 
 1174.66666670 	 0.000 
 1180.04166670 	 0.000 
 1180.08333330 	 0.200 
 1180.12500000 	 0.600 
 1180.16666670 	 0.200 
 1180.20833330 	 0.000 
 1180.66666670 	 0.000 
 1180.70833330 	 5.800 
 1180.75000000 	 1.000 
 1180.79166670 	 0.200 
 1180.83333330 	 0.000 
 1181.66666670 	 0.000 
 1181.70833330 	 1.000 
 1181.75000000 	 2.000 
 1181.79166670 	 2.000 
 1181.83333330 	 0.000 
 1183.70833330 	 0.000 
 1183.75000000 	 1.000 
 1183.79166670 	 2.100 
 1183.83333330 	 0.100 
 1183.87500000 	 0.100 
 1183.91666670 	 0.000 
 1185.50000000 	 0.000 
 1185.54166670 	 0.600 
 1185.58333330 	 0.300 
 1185.62500000 	 0.000 
 1190.25000000 	 0.000 
 1190.29166670 	 0.100 
 1190.33333330 	 0.000 
 1190.37500000 	 0.000 
 1190.41666670 	 0.200 
 1190.45833330 	 0.500 
 1190.50000000 	 0.200 
 1190.54166670 	 0.000 
 1199.58333330 	 0.000 
 1199.62500000 	 0.100 
 1199.66666670 	 0.000 
 1199.70833330 	 0.000 
 1199.75000000 	 0.200 
 1199.79166670 	 0.100 
 1199.83333330 	 0.000 
 1200.00000000 	 0.000 
 1200.04166670 	 1.400 
 1200.08333330 	 0.800 
 1200.12500000 	 2.100 
 1200.16666670 	 0.700 
 1200.20833330 	 0.200 
 1200.25000000 	 0.500 
 1200.29166670 	 0.400 
 1200.33333330 	 0.300 
 1200.37500000 	 0.100 
 1200.41666670 	 0.300 
 1200.45833330 	 0.200 
 1200.50000000 	 1.300 
 1200.54166670 	 1.900 
 1200.58333330 	 2.600 
 1200.62500000 	 3.000 
 1200.66666670 	 1.900 
 1200.70833330 	 1.800 
 1200.75000000 	 0.100 
 1200.79166670 	 1.100 
 1200.83333330 	 0.800 
 1200.87500000 	 0.100 
 1200.91666670 	 0.000 
 1206.12500000 	 0.000 
 1206.16666670 	 0.800 
 1206.20833330 	 0.000 
 1207.16666670 	 0.000 
 1207.20833330 	 0.600 
 1207.25000000 	 0.300 
 1207.29166670 	 0.300 
 1207.33333330 	 0.000 
 1223.20833330 	 0.000 
 1223.25000000 	 0.004 
 1224.20833330 	 0.004 
 1224.25000000 	 0.000 
 1225.20833330 	 0.000 
 1225.25000000 	 0.050 
 1226.20833330 	 0.050 
 1226.25000000 	 0.096 
 1227.20833330 	 0.096 
 1227.25000000 	 0.008 
 1228.20833330 	 0.008 
 1228.25000000 	 0.000 
 1231.20833330 	 0.000 
 1231.25000000 	 0.183 
 1232.20833330 	 0.183 
 1232.25000000 	 0.000 
 1233.20833330 	 0.000 
 1233.25000000 	 0.217 
 1234.20833330 	 0.217 
 1234.25000000 	 0.321 
 1235.20833330 	 0.321 
 1235.25000000 	 0.388 
 1236.20833330 	 0.388 
 1236.25000000 	 0.004 
 1237.20833330 	 0.004 
 1237.25000000 	 0.000 
 1238.20833330 	 0.000 
 1238.25000000 	 0.233 
 1239.20833330 	 0.233 
 1239.25000000 	 0.017 
 1240.20833330 	 0.017 
 1240.25000000 	 0.096 
 1241.20833330 	 0.096 
 1241.25000000 	 0.129 
 1242.20833330 	 0.129 
 1242.25000000 	 0.000 
 1245.20833330 	 0.000 
 1245.25000000 	 0.008 
 1246.20833330 	 0.008 
 1246.25000000 	 0.013 
 1248.20833330 	 0.013 
 1248.25000000 	 0.008 
 1249.20833330 	 0.008 
 1249.25000000 	 0.021 
 1250.20833330 	 0.021 
 1250.25000000 	 0.000 
 1251.20833330 	 0.000 
 1251.25000000 	 0.008 
 1252.20833330 	 0.008 
 1252.25000000 	 0.042 
 1253.20833330 	 0.042 
 1253.25000000 	 0.004 
 1254.20833330 	 0.004 
 1254.25000000 	 0.100 
 1255.20833330 	 0.100 
 1255.25000000 	 0.000 
 1256.20833330 	 0.000 
 1256.25000000 	 0.175 
 1257.20833330 	 0.175 
 1257.25000000 	 0.092 
 1258.20833330 	 0.092 
 1258.25000000 	 0.071 
 1259.20833330 	 0.071 
 1259.25000000 	 0.021 
 1260.20833330 	 0.021 
 1260.25000000 	 0.033 
 1261.20833330 	 0.033 
 1261.25000000 	 0.000 
 1266.20833330 	 0.000 
 1266.25000000 	 0.379 
 1267.20833330 	 0.379 
 1267.25000000 	 0.054 
 1268.20833330 	 0.054 
 1268.25000000 	 0.079 
 1269.20833330 	 0.079 
 1269.25000000 	 0.175 
 1270.20833330 	 0.175 
 1270.25000000 	 0.033 
 1271.20833330 	 0.033 
 1271.25000000 	 0.000 
 1275.20833330 	 0.000 
 1275.25000000 	 0.008 
 1276.20833330 	 0.008 
 1276.25000000 	 0.000 
 1281.20833330 	 0.000 
 1281.25000000 	 0.183 
 1282.20833330 	 0.183 
 1282.25000000 	 0.000 
 1286.20833330 	 0.000 
 1286.25000000 	 0.063 
 1287.20833330 	 0.063 
 1287.25000000 	 0.038 
 1288.20833330 	 0.038 
 1288.25000000 	 0.000 
 1303.20833330 	 0.000 
 1303.25000000 	 0.017 
 1304.20833330 	 0.017 
 1304.25000000 	 0.171 
 1305.20833330 	 0.171 
 1305.25000000 	 0.000 
 1306.20833330 	 0.000 
 1306.25000000 	 0.008 
 1307.20833330 	 0.008 
 1307.25000000 	 0.050 
 1308.20833330 	 0.050 
 1308.25000000 	 0.004 
 1309.20833330 	 0.004 
 1309.25000000 	 0.000 
 1316.20833330 	 0.000 
 1316.25000000 	 0.029 
 1317.20833330 	 0.029 
 1317.25000000 	 0.000 
 1318.20833330 	 0.000 
 1318.25000000 	 0.008 
 1319.20833330 	 0.008 
 1319.25000000 	 0.050 
 1320.20833330 	 0.050 
 1320.25000000 	 0.067 
 1321.20833330 	 0.067 
 1321.25000000 	 0.004 
 1322.20833330 	 0.004 
 1322.25000000 	 0.000 
 1331.20833330 	 0.000 
 1331.25000000 	 0.021 
 1332.20833330 	 0.021 
 1332.25000000 	 0.008 
 1334.20833330 	 0.008 
 1334.25000000 	 0.029 
 1335.20833330 	 0.029 
 1335.25000000 	 0.042 
 1336.20833330 	 0.042 
 1336.25000000 	 0.000 
 1337.20833330 	 0.000 
 1337.25000000 	 0.008 
 1338.20833330 	 0.008 
 1338.25000000 	 0.021 
 1339.20833330 	 0.021 
 1339.25000000 	 0.025 
 1341.20833330 	 0.025 
 1341.25000000 	 0.004 
 1342.20833330 	 0.004 
 1342.25000000 	 0.000 
 1347.20833330 	 0.000 
 1347.25000000 	 0.008 
 1348.20833330 	 0.008 
 1348.25000000 	 1.479 
 1349.20833330 	 1.479 
 1349.25000000 	 0.000 
 1364.58333330 	 0.000 
 1364.62500000 	 0.200 
 1364.66666670 	 0.600 
 1364.70833330 	 0.000 
 1364.75000000 	 0.100 
 1364.79166670 	 0.000 
 1364.87500000 	 0.000 
 1364.91666670 	 1.600 
 1364.95833330 	 0.000 
 1365.00000000 	 0.100 
 1365.04166670 	 0.000 
 1365.16666670 	 0.000 
 1365.20833330 	 0.100 
 1365.25000000 	 0.300 
 1365.29166670 	 1.600 
 1365.33333330 	 0.700 
 1365.37500000 	 0.200 
 1365.41666670 	 0.200 
 1365.45833330 	 0.000 
 1365.50000000 	 0.100 
 1365.54166670 	 0.000 
 1365.58333330 	 0.000 
 1365.62500000 	 0.200 
 1365.66666670 	 0.200 
 1365.70833330 	 3.600 
 1365.75000000 	 1.900 
 1365.79166670 	 1.400 
 1365.83333330 	 0.300 
 1365.87500000 	 0.200 
 1365.91666670 	 0.100 
 1365.95833330 	 0.500 
 1366.00000000 	 0.000 
 1366.12500000 	 0.000 
 1366.16666670 	 0.100 
 1366.20833330 	 0.000 
 1366.25000000 	 0.100 
 1366.29166670 	 0.200 
 1366.33333330 	 0.100 
 1366.41666670 	 0.100 
 1366.45833330 	 0.000 
 1366.50000000 	 0.500 
 1366.54166670 	 0.200 
 1366.58333330 	 0.100 
 1366.62500000 	 0.800 
 1366.66666670 	 2.100 
 1366.70833330 	 1.000 
 1366.75000000 	 0.100 
 1366.79166670 	 0.000 
 1367.29166670 	 0.000 
 1367.33333330 	 1.500 
 1367.37500000 	 1.500 
 1367.41666670 	 0.000 
 1367.54166670 	 0.000 
 1367.58333330 	 1.500 
 1367.62500000 	 0.000 
 1367.87500000 	 0.000 
 1367.91666670 	 0.100 
 1367.95833330 	 0.000 
 1368.08333330 	 0.000 
 1368.12500000 	 0.100 
 1368.16666670 	 0.000 
 1369.83333330 	 0.000 
 1369.87500000 	 0.200 
 1369.91666670 	 0.000 
 1369.95833330 	 0.100 
 1370.00000000 	 0.300 
 1370.04166670 	 1.500 
 1370.08333330 	 0.700 
 1370.12500000 	 0.600 
 1370.16666670 	 2.400 
 1370.20833330 	 0.900 
 1370.25000000 	 1.000 
 1370.29166670 	 0.400 
 1370.33333330 	 0.200 
 1370.37500000 	 0.000 
 1371.29166670 	 0.000 
 1371.33333330 	 1.700 
 1371.37500000 	 1.200 
 1371.41666670 	 1.600 
 1371.45833330 	 1.000 
 1371.50000000 	 0.400 
 1371.54166670 	 0.100 
 1371.58333330 	 0.000 
 1371.62500000 	 0.100 
 1371.66666670 	 0.000 
 1372.16666670 	 0.000 
 1372.20833330 	 0.100 
 1372.25000000 	 0.200 
 1372.29166670 	 0.100 
 1372.33333330 	 0.100 
 1372.37500000 	 0.200 
 1372.41666670 	 0.000 
 1372.54166670 	 0.000 
 1372.58333330 	 0.100 
 1372.62500000 	 0.200 
 1372.66666670 	 0.000 
 1372.70833330 	 0.100 
 1372.75000000 	 0.300 
 1372.79166670 	 0.000 
 1373.79166670 	 0.000 
 1373.83333330 	 0.200 
 1373.87500000 	 0.500 
 1373.91666670 	 0.100 
 1373.95833330 	 0.000 
 1374.00000000 	 0.000 
 1374.04166670 	 1.900 
 1374.08333330 	 0.000 
 1374.45833330 	 0.000 
 1374.50000000 	 0.100 
 1374.54166670 	 0.000 
 1374.58333330 	 0.000 
 1374.62500000 	 0.800 
 1374.66666670 	 0.000 
 1374.75000000 	 0.000 
 1374.79166670 	 1.000 
 1374.83333330 	 0.000 
 1375.04166670 	 0.000 
 1375.08333330 	 0.200 
 1375.12500000 	 0.000 
 1375.50000000 	 0.000 
 1375.54166670 	 0.100 
 1375.58333330 	 0.000 
 1375.62500000 	 0.000 
 1375.66666670 	 2.300 
 1375.70833330 	 0.900 
 1375.75000000 	 0.000 
 1376.16666670 	 0.000 
 1376.20833330 	 0.300 
 1376.25000000 	 0.100 
 1376.29166670 	 0.400 
 1376.33333330 	 0.100 
 1376.37500000 	 0.000 
 1376.83333330 	 0.000 
 1376.87500000 	 0.600 
 1376.91666670 	 0.400 
 1376.95833330 	 0.200 
 1377.00000000 	 0.000 
 1377.04166670 	 0.000 
 1377.08333330 	 0.100 
 1377.12500000 	 0.000 
 1377.45833330 	 0.000 
 1377.50000000 	 1.100 
 1377.54166670 	 0.000 
 1378.66666670 	 0.000 
 1378.70833330 	 0.200 
 1378.75000000 	 0.000 
 1379.20833330 	 0.000 
 1379.25000000 	 0.100 
 1379.29166670 	 0.200 
 1379.33333330 	 0.000 
 1379.91666670 	 0.000 
 1379.95833330 	 0.400 
 1380.00000000 	 0.500 
 1380.04166670 	 1.600 
 1380.08333330 	 0.300 
 1380.12500000 	 0.000 
 1380.16666670 	 0.400 
 1380.20833330 	 0.000 
 1380.41666670 	 0.000 
 1380.45833330 	 0.400 
 1380.50000000 	 0.000 
 1381.20833330 	 0.000 
 1381.25000000 	 0.600 
 1381.29166670 	 0.800 
 1381.33333330 	 0.100 
 1381.37500000 	 0.100 
 1381.41666670 	 0.000 
 1381.66666670 	 0.000 
 1381.70833330 	 0.100 
 1381.75000000 	 0.300 
 1381.79166670 	 0.100 
 1381.83333330 	 0.000 
 1384.54166670 	 0.000 
 1384.58333330 	 2.300 
 1384.62500000 	 1.700 
 1384.66666670 	 0.000 
 1384.75000000 	 0.000 
 1384.79166670 	 0.300 
 1384.83333330 	 0.300 
 1384.87500000 	 0.200 
 1384.91666670 	 0.400 
 1384.95833330 	 0.000 
 1387.83333330 	 0.000 
 1387.87500000 	 0.200 
 1387.91666670 	 0.100 
 1387.95833330 	 0.600 
 1388.00000000 	 0.100 
 1388.04166670 	 0.100 
 1388.08333330 	 0.000 
 1388.20833330 	 0.000 
 1388.25000000 	 0.100 
 1388.33333330 	 0.100 
 1388.37500000 	 0.000 
 1388.87500000 	 0.000 
 1388.91666670 	 0.100 
 1388.95833330 	 0.200 
 1389.00000000 	 0.000 
 1390.75000000 	 0.000 
 1390.79166670 	 0.200 
 1390.83333330 	 0.500 
 1390.91666670 	 0.500 
 1390.95833330 	 0.100 
 1391.00000000 	 0.400 
 1391.04166670 	 0.200 
 1391.08333330 	 0.000 
 1391.12500000 	 0.100 
 1391.16666670 	 0.200 
 1391.20833330 	 0.200 
 1391.25000000 	 0.100 
 1391.29166670 	 0.100 
 1391.33333330 	 0.000 
 1391.79166670 	 0.000 
 1391.83333330 	 0.300 
 1391.87500000 	 0.000 
 1396.04166670 	 0.000 
 1396.08333330 	 0.100 
 1396.12500000 	 0.000 
 1396.70833330 	 0.000 
 1396.75000000 	 0.600 
 1396.79166670 	 0.000 
 1397.16666670 	 0.000 
 1397.20833330 	 0.100 
 1397.25000000 	 0.000 
 1398.83333330 	 0.000 
 1398.87500000 	 0.100 
 1398.91666670 	 0.000 
 1399.12500000 	 0.000 
 1399.16666670 	 0.100 
 1399.20833330 	 0.000 
 1402.95833330 	 0.000 
 1403.00000000 	 0.200 
 1403.04166670 	 0.200 
 1403.08333330 	 0.300 
 1403.12500000 	 0.100 
 1403.16666670 	 0.200 
 1403.20833330 	 0.300 
 1403.25000000 	 0.700 
 1403.29166670 	 0.600 
 1403.33333330 	 0.100 
 1403.41666670 	 0.100 
 1403.45833330 	 0.400 
 1403.50000000 	 0.200 
 1403.54166670 	 0.000 
 1403.70833330 	 0.000 
 1403.75000000 	 0.200 
 1403.79166670 	 0.000 
 1403.91666670 	 0.000 
 1403.95833330 	 0.100 
 1404.00000000 	 0.000 
 1408.54166670 	 0.000 
 1408.58333330 	 1.900 
 1408.62500000 	 0.000 
 1409.54166670 	 0.000 
 1409.58333330 	 0.800 
 1409.62500000 	 0.000 
 1409.66666670 	 5.300 
 1409.70833330 	 0.900 
 1409.75000000 	 0.600 
 1409.79166670 	 1.500 
 1409.83333330 	 0.800 
 1409.87500000 	 0.600 
 1409.91666670 	 0.400 
 1409.95833330 	 0.500 
 1410.00000000 	 0.300 
 1410.04166670 	 0.400 
 1410.08333330 	 1.100 
 1410.12500000 	 1.000 
 1410.16666670 	 1.000 
 1410.20833330 	 0.400 
 1410.25000000 	 0.400 
 1410.29166670 	 0.600 
 1410.33333330 	 0.300 
 1410.37500000 	 0.200 
 1410.41666670 	 0.000 
 1411.58333330 	 0.000 
 1411.62500000 	 3.000 
 1411.66666670 	 0.800 
 1411.70833330 	 0.000 
 1411.79166670 	 0.000 
 1411.83333330 	 0.200 
 1411.87500000 	 0.000 
 1411.91666670 	 1.000 
 1411.95833330 	 0.300 
 1412.00000000 	 0.000 
 1412.04166670 	 0.100 
 1412.08333330 	 0.000 
 1412.12500000 	 0.300 
 1412.16666670 	 1.600 
 1412.20833330 	 1.000 
 1412.25000000 	 1.000 
 1412.29166670 	 1.700 
 1412.33333330 	 1.400 
 1412.37500000 	 0.800 
 1412.41666670 	 0.300 
 1412.45833330 	 0.800 
 1412.50000000 	 0.200 
 1412.54166670 	 0.000 
 1413.79166670 	 0.000 
 1413.83333330 	 0.100 
 1413.87500000 	 0.100 
 1413.91666670 	 0.000 
 1414.12500000 	 0.000 
 1414.16666670 	 0.300 
 1414.20833330 	 0.200 
 1414.25000000 	 0.000 
 1415.45833330 	 0.000 
 1415.50000000 	 0.300 
 1415.54166670 	 1.100 
 1415.58333330 	 2.100 
 1415.62500000 	 2.000 
 1415.66666670 	 2.000 
 1415.70833330 	 3.000 
 1415.75000000 	 1.900 
 1415.79166670 	 1.600 
 1415.83333330 	 2.400 
 1415.87500000 	 0.500 
 1415.91666670 	 0.100 
 1415.95833330 	 0.100 
 1416.00000000 	 0.000 
 1417.70833330 	 0.000 
 1417.75000000 	 0.400 
 1417.79166670 	 0.000 
 1418.58333330 	 0.000 
 1418.62500000 	 0.100 
 1418.66666670 	 0.000 
 1418.75000000 	 0.000 
 1418.79166670 	 0.400 
 1418.83333330 	 0.000 
 1420.70833330 	 0.000 
 1420.75000000 	 0.100 
 1420.79166670 	 0.000 
 1422.66666670 	 0.000 
 1422.70833330 	 1.200 
 1422.75000000 	 0.200 
 1422.79166670 	 0.000 
 1423.91666670 	 0.000 
 1423.95833330 	 0.200 
 1424.00000000 	 0.000 
 1424.29166670 	 0.000 
 1424.33333330 	 0.100 
 1424.37500000 	 0.100 
 1424.41666670 	 0.300 
 1424.45833330 	 0.500 
 1424.50000000 	 0.000 
 1425.12500000 	 0.000 
 1425.16666670 	 0.600 
 1425.20833330 	 2.400 
 1425.25000000 	 0.100 
 1425.29166670 	 0.000 
 1425.41666670 	 0.000 
 1425.45833330 	 0.300 
 1425.50000000 	 0.000 
 1425.58333330 	 0.000 
 1425.62500000 	 0.200 
 1425.66666670 	 0.100 
 1425.70833330 	 0.000 
 1426.33333330 	 0.000 
 1426.37500000 	 0.800 
 1426.41666670 	 0.700 
 1426.45833330 	 0.300 
 1426.50000000 	 0.000 
 1426.58333330 	 0.000 
 1426.62500000 	 0.300 
 1426.66666670 	 0.000 
 1426.75000000 	 0.000 
 1426.79166670 	 0.200 
 1426.83333330 	 0.100 
 1426.87500000 	 0.000 
 1426.91666670 	 0.000 
 1426.95833330 	 0.100 
 1427.00000000 	 0.100 
 1427.04166670 	 0.400 
 1427.08333330 	 0.100 
 1427.12500000 	 0.400 
 1427.16666670 	 1.500 
 1427.20833330 	 2.800 
 1427.25000000 	 0.000 
 1427.29166670 	 0.100 
 1427.33333330 	 0.000 
 1427.62500000 	 0.000 
 1427.66666670 	 0.100 
 1427.70833330 	 0.000 
 1427.91666670 	 0.000 
 1427.95833330 	 0.100 
 1428.00000000 	 0.200 
 1428.04166670 	 0.200 
 1428.08333330 	 0.300 
 1428.12500000 	 0.400 
 1428.16666670 	 0.200 
 1428.20833330 	 0.100 
 1428.25000000 	 0.200 
 1428.29166670 	 0.000 
 1429.70833330 	 0.000 
 1429.75000000 	 0.300 
 1429.79166670 	 0.600 
 1429.83333330 	 0.200 
 1429.87500000 	 0.000 
 1430.33333330 	 0.000 
 1430.37500000 	 0.100 
 1430.41666670 	 0.000 
 1431.50000000 	 0.000 
 1431.54166670 	 0.100 
 1431.58333330 	 0.000 
 1432.41666670 	 0.000 
 1432.45833330 	 2.600 
 1432.50000000 	 0.300 
 1432.54166670 	 0.000 
 1436.75000000 	 0.000 
 1436.79166670 	 6.000 
 1436.83333330 	 2.700 
 1436.87500000 	 2.300 
 1436.91666670 	 0.000 
 1438.08333330 	 0.000 
 1438.12500000 	 3.900 
 1438.16666670 	 4.000 
 1438.20833330 	 4.700 
 1438.25000000 	 0.600 
 1438.29166670 	 0.000 
 1440.29166670 	 0.000 
 1440.33333330 	 0.400 
 1440.37500000 	 0.100 
 1440.41666670 	 0.000 
 1441.91666670 	 0.000 
 1441.95833330 	 1.400 
 1442.00000000 	 0.000 
 1442.08333330 	 0.000 
 1442.12500000 	 0.100 
 1442.16666670 	 0.100 
 1442.20833330 	 2.500 
 1442.25000000 	 0.700 
 1442.29166670 	 1.100 
 1442.33333330 	 0.900 
 1442.37500000 	 0.000 
 1442.45833330 	 0.000 
 1442.50000000 	 0.300 
 1442.54166670 	 0.600 
 1442.58333330 	 0.800 
 1442.62500000 	 0.000 
 1442.66666670 	 0.700 
 1442.70833330 	 0.400 
 1442.75000000 	 0.400 
 1442.79166670 	 0.500 
 1442.83333330 	 0.000 
 1442.91666670 	 0.000 
 1442.95833330 	 0.100 
 1443.00000000 	 1.400 
 1443.04166670 	 0.900 
 1443.08333330 	 1.600 
 1443.12500000 	 1.300 
 1443.16666670 	 0.800 
 1443.20833330 	 0.400 
 1443.25000000 	 0.000 
 1446.12500000 	 0.000 
 1446.16666670 	 0.200 
 1446.20833330 	 0.300 
 1446.25000000 	 0.200 
 1446.29166670 	 0.000 
 1446.70833330 	 0.000 
 1446.75000000 	 0.500 
 1446.79166670 	 0.300 
 1446.83333330 	 0.000 
 1449.79166670 	 0.000 
 1449.83333330 	 1.300 
 1449.87500000 	 0.000 
 1449.91666670 	 0.100 
 1449.95833330 	 0.000 
 1450.00000000 	 0.000 
 1450.04166670 	 0.100 
 1450.08333330 	 1.200 
 1450.12500000 	 0.000 
 1450.25000000 	 0.000 
 1450.29166670 	 0.100 
 1450.33333330 	 0.000 
 1452.66666670 	 0.000 
 1452.70833330 	 0.400 
 1452.75000000 	 0.100 
 1452.79166670 	 0.800 
 1452.83333330 	 0.700 
 1452.87500000 	 0.900 
 1452.91666670 	 1.000 
 1452.95833330 	 0.100 
 1453.04166670 	 0.100 
 1453.08333330 	 1.100 
 1453.12500000 	 0.700 
 1453.16666670 	 0.200 
 1453.20833330 	 1.200 
 1453.25000000 	 0.400 
 1453.29166670 	 0.000 
 1453.91666670 	 0.000 
 1453.95833330 	 0.400 
 1454.00000000 	 0.000 
 1460.33333330 	 0.000 
 1460.37500000 	 0.100 
 1460.41666670 	 0.000 
 1460.45833330 	 0.100 
 1460.50000000 	 0.000 
 1460.54166670 	 0.000 
 1460.58333330 	 0.300 
 1460.62500000 	 4.500 
 1460.66666670 	 4.500 
 1460.70833330 	 3.200 
 1460.75000000 	 1.400 
 1460.79166670 	 0.200 
 1460.83333330 	 0.000 
 1463.16666670 	 0.000 
 1463.20833330 	 0.800 
 1463.25000000 	 0.500 
 1463.29166670 	 0.200 
 1463.33333330 	 0.100 
 1463.37500000 	 0.000 
 1463.50000000 	 0.000 
 1463.54166670 	 0.200 
 1463.58333330 	 0.000 
 1463.62500000 	 0.000 
 1463.66666670 	 0.400 
 1463.70833330 	 0.500 
 1463.75000000 	 0.300 
 1463.79166670 	 0.000 
 1470.08333330 	 0.000 
 1470.12500000 	 2.100 
 1470.16666670 	 5.300 
 1470.20833330 	 0.100 
 1470.25000000 	 0.900 
 1470.29166670 	 17.000 
 1470.33333330 	 0.000 
 1470.37500000 	 1.000 
 1470.41666670 	 1.800 
 1470.45833330 	 2.300 
 1470.50000000 	 2.400 
 1470.54166670 	 1.500 
 1470.58333330 	 0.100 
 1470.62500000 	 0.000 
 1475.75000000 	 0.000 
 1475.79166670 	 0.400 
 1475.83333330 	 0.500 
 1475.87500000 	 0.000 
 1478.54166670 	 0.000 
 1478.58333330 	 5.000 
 1478.62500000 	 7.400 
 1478.66666670 	 0.100 
 1478.70833330 	 0.000 
 1483.20833330 	 0.000 
 1483.25000000 	 0.500 
 1483.29166670 	 0.100 
 1483.33333330 	 0.000 
 1483.37500000 	 0.000 
 1483.41666670 	 0.300 
 1483.45833330 	 0.000 
 1484.75000000 	 0.000 
 1484.79166670 	 0.400 
 1484.83333330 	 0.000 
 1484.87500000 	 0.100 
 1484.91666670 	 0.000 
 1486.33333330 	 0.000 
 1486.37500000 	 0.300 
 1486.41666670 	 0.000 
 1489.04166670 	 0.000 
 1489.08333330 	 1.200 
 1489.12500000 	 0.700 
 1489.16666670 	 0.200 
 1489.20833330 	 0.000 
 1489.45833330 	 0.000 
 1489.50000000 	 0.200 
 1489.54166670 	 2.100 
 1489.58333330 	 2.000 
 1489.62500000 	 4.200 
 1489.66666670 	 6.100 
 1489.70833330 	 3.000 
 1489.75000000 	 3.100 
 1489.79166670 	 3.000 
 1489.83333330 	 1.800 
 1489.87500000 	 0.300 
 1489.91666670 	 0.100 
 1489.95833330 	 2.300 
 1490.00000000 	 0.100 
 1490.04166670 	 0.100 
 1490.08333330 	 1.200 
 1490.12500000 	 3.100 
 1490.16666670 	 0.400 
 1490.20833330 	 1.100 
 1490.25000000 	 0.600 
 1490.29166670 	 0.300 
 1490.33333330 	 0.000 
 1490.41666670 	 0.000 
 1490.45833330 	 0.700 
 1490.50000000 	 0.900 
 1490.54166670 	 0.800 
 1490.58333330 	 0.900 
 1490.62500000 	 3.200 
 1490.66666670 	 1.500 
 1490.70833330 	 0.500 
 1490.75000000 	 0.700 
 1490.79166670 	 1.000 
 1490.83333330 	 0.000 
 1490.87500000 	 0.800 
 1490.91666670 	 1.800 
 1490.95833330 	 1.300 
 1491.00000000 	 1.200 
 1491.04166670 	 0.600 
 1491.08333330 	 0.000 
 1491.20833330 	 0.000 
 1491.25000000 	 0.300 
 1491.29166670 	 0.000 
 1492.50000000 	 0.000 
 1492.54166670 	 5.200 
 1492.58333330 	 0.200 
 1492.62500000 	 0.000 
 1494.54166670 	 0.000 
 1494.58333330 	 5.100 
 1494.62500000 	 0.000 
 1494.70833330 	 0.000 
 1494.75000000 	 0.200 
 1494.79166670 	 0.100 
 1494.83333330 	 0.000 
 1494.87500000 	 0.000 
 1494.91666670 	 0.400 
 1494.95833330 	 0.000 
 1495.20833330 	 0.000 
 1495.25000000 	 0.100 
 1495.29166670 	 0.000 
 1496.20833330 	 0.000 
 1496.25000000 	 0.400 
 1496.29166670 	 0.000 
 1500.75000000 	 0.000 
 1500.79166670 	 0.500 
 1500.83333330 	 0.000 
 1501.04166670 	 0.000 
 1501.08333330 	 0.200 
 1501.12500000 	 1.100 
 1501.16666670 	 3.900 
 1501.20833330 	 0.100 
 1501.25000000 	 0.000 
 1502.33333330 	 0.000 
 1502.37500000 	 0.100 
 1502.41666670 	 2.200 
 1502.45833330 	 1.000 
 1502.50000000 	 9.400 
 1502.54166670 	 2.600 
 1502.58333330 	 0.100 
 1502.62500000 	 0.100 
 1502.66666670 	 0.000 
 1504.83333330 	 0.000 
 1504.87500000 	 0.500 
 1504.91666670 	 0.300 
 1504.95833330 	 0.000 
 1505.20833330 	 0.000 
 1505.25000000 	 0.100 
 1505.29166670 	 0.000 
 1506.04166670 	 0.000 
 1506.08333330 	 4.000 
 1506.12500000 	 0.200 
 1506.16666670 	 0.300 
 1506.20833330 	 2.100 
 1506.25000000 	 0.200 
 1506.29166670 	 0.000 
 1506.95833330 	 0.000 
 1507.00000000 	 0.600 
 1507.04166670 	 2.100 
 1507.08333330 	 1.000 
 1507.12500000 	 1.100 
 1507.16666670 	 2.400 
 1507.20833330 	 0.800 
 1507.25000000 	 0.500 
 1507.29166670 	 1.700 
 1507.33333330 	 0.000 
 1507.37500000 	 0.800 
 1507.41666670 	 0.500 
 1507.45833330 	 1.400 
 1507.50000000 	 0.100 
 1507.54166670 	 0.100 
 1507.58333330 	 0.000 
 1507.83333330 	 0.000 
 1507.87500000 	 0.100 
 1507.91666670 	 0.100 
 1507.95833330 	 0.000 
 1509.00000000 	 0.000 
 1509.04166670 	 1.700 
 1509.08333330 	 0.500 
 1509.12500000 	 1.400 
 1509.16666670 	 1.500 
 1509.20833330 	 2.300 
 1509.25000000 	 0.700 
 1509.29166670 	 0.800 
 1509.33333330 	 1.300 
 1509.37500000 	 0.000 
 1509.62500000 	 0.000 
 1509.66666670 	 0.100 
 1509.70833330 	 0.000 
 1510.41666670 	 0.000 
 1510.45833330 	 0.400 
 1510.50000000 	 0.000 
 1512.29166670 	 0.000 
 1512.33333330 	 0.500 
 1512.37500000 	 0.000 
 1512.45833330 	 0.000 
 1512.50000000 	 0.300 
 1512.54166670 	 0.000 
 1512.58333330 	 0.000 
 1512.62500000 	 0.300 
 1512.66666670 	 0.000 
 1513.66666670 	 0.000 
 1513.70833330 	 0.600 
 1513.75000000 	 0.300 
 1513.79166670 	 0.100 
 1513.83333330 	 0.000 
 1513.87500000 	 5.100 
 1513.91666670 	 0.100 
 1513.95833330 	 0.000 
 1515.29166670 	 0.000 
 1515.33333330 	 0.300 
 1515.37500000 	 0.000 
 1516.45833330 	 0.000 
 1516.50000000 	 0.100 
 1516.54166670 	 0.400 
 1516.58333330 	 0.000 
 1517.20833330 	 0.000 
 1517.25000000 	 1.800 
 1517.29166670 	 0.100 
 1517.33333330 	 0.000 
 1523.70833330 	 0.000 
 1523.75000000 	 0.300 
 1523.79166670 	 0.100 
 1523.83333330 	 0.100 
 1523.87500000 	 0.600 
 1523.91666670 	 0.300 
 1523.95833330 	 0.200 
 1524.00000000 	 0.500 
 1524.04166670 	 0.100 
 1524.12500000 	 0.100 
 1524.16666670 	 0.700 
 1524.20833330 	 0.100 
 1524.25000000 	 0.100 
 1524.29166670 	 0.000 
 1524.62500000 	 0.000 
 1524.66666670 	 0.100 
 1524.70833330 	 0.500 
 1524.75000000 	 0.000 
 1530.33333330 	 0.000 
 1530.37500000 	 0.200 
 1530.41666670 	 0.000 
 1532.62500000 	 0.000 
 1532.66666670 	 3.000 
 1532.70833330 	 1.500 
 1532.75000000 	 3.500 
 1532.79166670 	 1.800 
 1532.83333330 	 0.000 
 1532.91666670 	 0.000 
 1532.95833330 	 0.400 
 1533.00000000 	 0.100 
 1533.04166670 	 0.000 
 1535.54166670 	 0.000 
 1535.58333330 	 0.300 
 1535.62500000 	 0.000 
 1538.62500000 	 0.000 
 1538.66666670 	 1.100 
 1538.70833330 	 0.300 
 1538.75000000 	 0.200 
 1538.79166670 	 0.000 
 1538.95833330 	 0.000 
 1539.00000000 	 6.500 
 1539.95833330 	 6.500 
 1540.00000000 	 0.000 
 1540.33333330 	 0.000 
 1540.37500000 	 1.200 
 1540.41666670 	 2.200 
 1540.45833330 	 1.100 
 1540.50000000 	 0.500 
 1540.54166670 	 0.300 
 1540.58333330 	 0.800 
 1540.62500000 	 0.100 
 1540.66666670 	 0.000 
 1544.83333330 	 0.000 
 1544.87500000 	 0.500 
 1544.91666670 	 0.000 
 1545.20833330 	 0.000 
 1545.25000000 	 0.400 
 1545.29166670 	 0.300 
 1545.33333330 	 0.100 
 1545.37500000 	 0.800 
 1545.41666670 	 0.600 
 1545.45833330 	 0.000 
 1545.66666670 	 0.000 
 1545.70833330 	 0.600 
 1545.75000000 	 0.300 
 1545.79166670 	 0.000 
 1546.58333330 	 0.000 
 1546.62500000 	 0.600 
 1546.66666670 	 0.000 
 1546.87500000 	 0.000 
 1546.91666670 	 0.800 
 1546.95833330 	 0.000 
 1547.04166670 	 0.000 
 1547.08333330 	 1.000 
 1547.12500000 	 0.000 
 1547.16666670 	 0.800 
 1547.20833330 	 1.200 
 1547.25000000 	 0.000 
 1547.75000000 	 0.000 
 1547.79166670 	 0.100 
 1547.83333330 	 0.000 
 1547.95833330 	 0.000 
 1548.00000000 	 0.100 
 1548.04166670 	 0.900 
 1548.08333330 	 0.900 
 1548.12500000 	 0.100 
 1548.16666670 	 0.000 
 1548.91666670 	 0.000 
 1548.95833330 	 0.400 
 1549.00000000 	 0.800 
 1549.04166670 	 0.700 
 1549.08333330 	 0.600 
 1549.12500000 	 0.500 
 1549.16666670 	 0.100 
 1549.20833330 	 0.000 
 1549.25000000 	 0.100 
 1549.29166670 	 0.600 
 1549.33333330 	 0.500 
 1549.37500000 	 0.600 
 1549.41666670 	 0.000 
 1549.91666670 	 0.000 
 1549.95833330 	 0.100 
 1550.00000000 	 0.100 
 1550.04166670 	 0.000 
 1552.25000000 	 0.000 
 1552.29166670 	 0.100 
 1552.33333330 	 0.200 
 1552.37500000 	 0.200 
 1552.41666670 	 0.000 
 1552.66666670 	 0.000 
 1552.70833330 	 0.100 
 1552.75000000 	 0.000 
 1572.04166670 	 0.000 
 1572.08333330 	 0.400 
 1572.12500000 	 0.000 
 1572.16666670 	 0.300 
 1572.20833330 	 0.000 
 1572.70833330 	 0.000 
 1572.75000000 	 0.600 
 1572.79166670 	 0.100 
 1572.83333330 	 0.000 
 1573.29166670 	 0.000 
 1573.33333330 	 1.500 
 1573.37500000 	 0.000 
 1573.50000000 	 0.000 
 1573.54166670 	 0.100 
 1573.58333330 	 0.400 
 1573.62500000 	 0.600 
 1573.66666670 	 0.000 
 1574.37500000 	 0.000 
 1574.41666670 	 0.300 
 1574.45833330 	 2.300 
 1574.50000000 	 0.000 
 1574.58333330 	 0.000 
 1574.62500000 	 0.200 
 1574.66666670 	 0.200 
 1574.70833330 	 0.900 
 1574.75000000 	 0.100 
 1574.79166670 	 0.000 
 1574.95833330 	 0.000 
 1575.00000000 	 2.300 
 1575.04166670 	 0.900 
 1575.08333330 	 0.100 
 1575.12500000 	 0.000 
 1575.16666670 	 0.000 
 1575.20833330 	 0.100 
 1575.25000000 	 0.100 
 1575.29166670 	 0.300 
 1575.33333330 	 0.400 
 1575.37500000 	 0.000 
 1575.45833330 	 0.000 
 1575.50000000 	 0.100 
 1575.54166670 	 0.000 
 1575.79166670 	 0.000 
 1575.83333330 	 0.100 
 1575.87500000 	 0.300 
 1575.91666670 	 0.300 
 1575.95833330 	 0.100 
 1576.00000000 	 0.000 
 1576.29166670 	 0.000 
 1576.33333330 	 0.100 
 1576.37500000 	 0.300 
 1576.41666670 	 0.000 
 1579.08333330 	 0.000 
 1579.12500000 	 0.100 
 1579.16666670 	 0.500 
 1579.20833330 	 0.200 
 1579.25000000 	 0.000 
 1580.20833330 	 0.000 
 1580.25000000 	 0.100 
 1580.29166670 	 1.000 
 1580.33333330 	 0.000 
 1580.62500000 	 0.000 
 1580.66666670 	 0.500 
 1580.70833330 	 1.000 
 1580.75000000 	 1.300 
 1580.79166670 	 1.200 
 1580.83333330 	 1.500 
 1580.87500000 	 1.100 
 1580.91666670 	 1.000 
 1580.95833330 	 0.800 
 1581.00000000 	 0.700 
 1581.04166670 	 0.200 
 1581.08333330 	 0.000 
 1581.12500000 	 0.200 
 1581.16666670 	 0.100 
 1581.20833330 	 0.300 
 1581.25000000 	 0.100 
 1581.29166670 	 0.000 
 1582.16666670 	 0.000 
 1582.20833330 	 0.100 
 1582.25000000 	 0.000 
 1582.29166670 	 0.000 
 1582.33333330 	 0.100 
 1582.37500000 	 0.000 
 1583.16666670 	 0.000 
 1583.20833330 	 0.100 
 1583.25000000 	 0.000 
 1583.29166670 	 0.100 
 1583.33333330 	 0.000 
 1593.16666670 	 0.000 
 1593.20833330 	 0.092 
 1594.20833330 	 0.092 
 1594.25000000 	 0.142 
 1595.20833330 	 0.142 
 1595.25000000 	 0.696 
 1596.20833330 	 0.696 
 1596.25000000 	 0.092 
 1597.20833330 	 0.092 
 1597.25000000 	 0.021 
 1598.20833330 	 0.021 
 1598.25000000 	 0.025 
 1599.20833330 	 0.025 
 1599.25000000 	 0.050 
 1600.20833330 	 0.050 
 1600.25000000 	 0.000 
 1601.20833330 	 0.000 
 1601.25000000 	 0.146 
 1602.20833330 	 0.146 
 1602.25000000 	 0.167 
 1603.20833330 	 0.167 
 1603.25000000 	 0.083 
 1604.20833330 	 0.083 
 1604.25000000 	 0.108 
 1605.20833330 	 0.108 
 1605.25000000 	 0.142 
 1606.20833330 	 0.142 
 1606.25000000 	 0.000 
 1607.20833330 	 0.000 
 1607.25000000 	 0.288 
 1608.20833330 	 0.288 
 1608.25000000 	 0.000 
 1616.20833330 	 0.000 
 1616.25000000 	 0.004 
 1617.20833330 	 0.004 
 1617.25000000 	 0.000 
 1620.20833330 	 0.000 
 1620.25000000 	 0.267 
 1621.20833330 	 0.267 
 1621.25000000 	 0.000 
 1623.20833330 	 0.000 
 1623.25000000 	 0.017 
 1624.20833330 	 0.017 
 1624.25000000 	 0.000 
 1626.20833330 	 0.000 
 1626.25000000 	 0.025 
 1627.20833330 	 0.025 
 1627.25000000 	 0.008 
 1628.20833330 	 0.008 
 1628.25000000 	 0.000 
 1630.20833330 	 0.000 
 1630.25000000 	 0.021 
 1631.20833330 	 0.021 
 1631.25000000 	 0.004 
 1632.20833330 	 0.004 
 1632.25000000 	 0.000 
 1647.16666670 	 0.000 
 1647.20833330 	 0.013 
 1648.20833330 	 0.013 
 1648.25000000 	 0.000 
 1649.20833330 	 0.000 
 1649.25000000 	 0.021 
 1650.20833330 	 0.021 
 1650.25000000 	 0.000 
 1652.20833330 	 0.000 
 1652.25000000 	 0.046 
 1653.20833330 	 0.046 
 1653.25000000 	 0.133 
 1654.20833330 	 0.133 
 1654.25000000 	 0.000 
 1655.20833330 	 0.000 
 1655.25000000 	 0.008 
 1656.20833330 	 0.008 
 1656.25000000 	 0.000 
 1659.20833330 	 0.000 
 1659.25000000 	 0.092 
 1660.20833330 	 0.092 
 1660.25000000 	 0.075 
 1661.20833330 	 0.075 
 1661.25000000 	 0.000 
 1663.20833330 	 0.000 
 1663.25000000 	 0.113 
 1664.20833330 	 0.113 
 1664.25000000 	 0.021 
 1665.20833330 	 0.021 
 1665.25000000 	 0.000 
 1670.20833330 	 0.000 
 1670.25000000 	 0.083 
 1671.20833330 	 0.083 
 1671.25000000 	 0.146 
 1672.20833330 	 0.146 
 1672.25000000 	 0.008 
 1673.20833330 	 0.008 
 1673.25000000 	 0.083 
 1674.20833330 	 0.083 
 1674.25000000 	 0.079 
 1675.20833330 	 0.079 
 1675.25000000 	 0.075 
 1676.20833330 	 0.075 
 1676.25000000 	 0.004 
 1677.20833330 	 0.004 
 1677.25000000 	 0.000 
 1678.20833330 	 0.000 
 1678.25000000 	 0.004 
 1679.20833330 	 0.004 
 1679.25000000 	 0.000 
 1681.20833330 	 0.000 
 1681.25000000 	 0.050 
 1683.20833330 	 0.050 
 1683.25000000 	 0.008 
 1684.20833330 	 0.008 
 1684.25000000 	 0.104 
 1685.20833330 	 0.104 
 1685.25000000 	 0.050 
 1686.20833330 	 0.050 
 1686.25000000 	 0.042 
 1687.20833330 	 0.042 
 1687.25000000 	 0.675 
 1688.20833330 	 0.675 
 1688.25000000 	 0.054 
 1689.20833330 	 0.054 
 1689.25000000 	 0.000 
 1693.20833330 	 0.000 
 1693.25000000 	 0.208 
 1694.20833330 	 0.208 
 1694.25000000 	 0.013 
 1695.20833330 	 0.013 
 1695.25000000 	 0.000 
 1696.20833330 	 0.000 
 1696.25000000 	 0.029 
 1697.20833330 	 0.029 
 1697.25000000 	 0.250 
 1698.20833330 	 0.250 
 1698.25000000 	 0.221 
 1699.20833330 	 0.221 
 1699.25000000 	 0.096 
 1700.20833330 	 0.096 
 1700.25000000 	 0.092 
 1701.20833330 	 0.092 
 1701.25000000 	 0.000 
 1705.20833330 	 0.000 
 1705.25000000 	 0.125 
 1706.20833330 	 0.125 
 1706.25000000 	 0.121 
 1707.20833330 	 0.121 
 1707.25000000 	 0.017 
 1708.20833330 	 0.017 
 1708.25000000 	 0.000 
 1710.20833330 	 0.000 
 1710.25000000 	 0.050 
 1711.20833330 	 0.050 
 1711.25000000 	 0.171 
 1712.20833330 	 0.171 
 1712.25000000 	 0.025 
 1713.20833330 	 0.025 
 1713.25000000 	 0.000 
 1714.20833330 	 0.000 
 1714.25000000 	 0.079 
 1715.20833330 	 0.079 
 1715.25000000 	 0.183 
 1716.20833330 	 0.183 
 1716.25000000 	 0.000 
 1720.20833330 	 0.000 
 1720.25000000 	 0.058 
 1721.20833330 	 0.058 
 1721.25000000 	 0.008 
 1722.20833330 	 0.008 
 1722.25000000 	 0.013 
 1723.20833330 	 0.013 
 1723.25000000 	 0.004 
 1724.20833330 	 0.004 
 1724.25000000 	 0.000 
 1735.20833330 	 0.000 
 1735.25000000 	 0.208 
 1736.20833330 	 0.208 
 1736.25000000 	 1.188 
 1737.20833330 	 1.188 
 1737.25000000 	 0.133 
 1738.20833330 	 0.133 
 1738.25000000 	 0.000 
 1740.20833330 	 0.000 
 1740.25000000 	 0.158 
 1741.20833330 	 0.158 
 1741.25000000 	 0.092 
 1742.20833330 	 0.092 
 1742.25000000 	 0.004 
 1743.20833330 	 0.004 
 1743.25000000 	 0.025 
 1744.20833330 	 0.025 
 1744.25000000 	 0.013 
 1745.20833330 	 0.013 
 1745.25000000 	 0.075 
 1746.20833330 	 0.075 
 1746.25000000 	 0.050 
 1747.20833330 	 0.050 
 1747.25000000 	 0.000 
 1749.20833330 	 0.000 
 1749.25000000 	 0.083 
 1750.20833330 	 0.083 
 1750.25000000 	 0.004 
 1751.20833330 	 0.004 
 1751.25000000 	 0.196 
 1752.20833330 	 0.196 
 1752.25000000 	 0.063 
 1753.20833330 	 0.063 
 1753.25000000 	 0.158 
 1754.20833330 	 0.158 
 1754.25000000 	 0.154 
 1755.20833330 	 0.154 
 1755.25000000 	 0.021 
 1756.20833330 	 0.021 
 1756.25000000 	 0.000 
 1762.20833330 	 0.000 
 1762.25000000 	 0.050 
 1763.20833330 	 0.050 
 1763.25000000 	 0.042 
 1764.20833330 	 0.042 
 1764.25000000 	 0.008 
 1764.95833330 	 0.008 
 1765.00000000 	 0.000 
 1765.16666670 	 0.000 
 1765.20833330 	 0.100 
 1765.25000000 	 0.000 
 1765.75000000 	 0.000 
 1765.79166670 	 0.200 
 1765.83333330 	 0.200 
 1765.87500000 	 0.800 
 1765.91666670 	 0.300 
 1765.95833330 	 0.000 
 1766.00000000 	 0.200 
 1766.04166670 	 0.000 
 1766.08333330 	 0.000 
 1766.12500000 	 0.200 
 1766.16666670 	 0.100 
 1766.20833330 	 0.000 
 1766.25000000 	 0.100 
 1766.29166670 	 0.000 
 1766.33333330 	 0.000 
 1766.37500000 	 0.400 
 1766.41666670 	 0.900 
 1766.45833330 	 2.000 
 1766.50000000 	 2.600 
 1766.54166670 	 0.600 
 1766.58333330 	 0.800 
 1766.62500000 	 0.000 
 1769.25000000 	 0.000 
 1769.29166670 	 1.000 
 1769.33333330 	 0.000 
 1769.41666670 	 0.000 
 1769.45833330 	 0.400 
 1769.50000000 	 0.000 
 1769.75000000 	 0.000 
 1769.79166670 	 0.800 
 1769.83333330 	 3.700 
 1769.87500000 	 1.100 
 1769.91666670 	 0.000 
 1769.95833330 	 0.400 
 1770.00000000 	 0.800 
 1770.04166670 	 0.000 
 1770.08333330 	 0.300 
 1770.12500000 	 0.300 
 1770.16666670 	 0.100 
 1770.20833330 	 0.000 
 1770.25000000 	 0.000 
 1770.29166670 	 0.100 
 1770.33333330 	 0.000 
 1771.41666670 	 0.000 
 1771.45833330 	 0.100 
 1771.50000000 	 0.000 
 1771.54166670 	 0.100 
 1771.58333330 	 0.000 
 1772.45833330 	 0.000 
 1772.50000000 	 0.100 
 1772.54166670 	 0.000 
 1772.62500000 	 0.000 
 1772.66666670 	 1.000 
 1772.70833330 	 0.000 
 1772.75000000 	 0.900 
 1772.79166670 	 0.000 
 1773.08333330 	 0.000 
 1773.12500000 	 0.500 
 1773.16666670 	 0.100 
 1773.20833330 	 0.000 
 1774.75000000 	 0.000 
 1774.79166670 	 0.300 
 1774.83333330 	 0.000 
 1778.54166670 	 0.000 
 1778.58333330 	 0.900 
 1778.62500000 	 0.800 
 1778.66666670 	 0.500 
 1778.70833330 	 1.000 
 1778.75000000 	 1.200 
 1778.79166670 	 2.000 
 1778.83333330 	 1.400 
 1778.87500000 	 2.300 
 1778.91666670 	 1.100 
 1778.95833330 	 2.200 
 1779.00000000 	 0.900 
 1779.04166670 	 0.500 
 1779.08333330 	 0.000 
 1788.00000000 	 0.000 
 1788.04166670 	 0.400 
 1788.08333330 	 0.000 
 1788.12500000 	 0.200 
 1788.16666670 	 0.000 
 1788.37500000 	 0.000 
 1788.41666670 	 0.100 
 1788.45833330 	 0.400 
 1788.50000000 	 0.000 
 1788.91666670 	 0.000 
 1788.95833330 	 1.600 
 1789.00000000 	 0.000 
 1794.95833330 	 0.000 
 1795.00000000 	 0.100 
 1795.04166670 	 0.000 
 1795.08333330 	 0.900 
 1795.12500000 	 0.300 
 1795.16666670 	 0.000 
 1795.37500000 	 0.000 
 1795.41666670 	 0.200 
 1795.45833330 	 0.100 
 1795.50000000 	 0.200 
 1795.54166670 	 0.900 
 1795.58333330 	 0.000 
 1795.62500000 	 0.000 
 1795.66666670 	 0.400 
 1795.70833330 	 0.000 
 1795.75000000 	 0.500 
 1795.79166670 	 1.400 
 1795.83333330 	 0.000 
 1796.04166670 	 0.000 
 1796.08333330 	 0.100 
 1796.12500000 	 0.000 
 1796.29166670 	 0.000 
 1796.33333330 	 0.700 
 1796.37500000 	 0.000 
 1797.08333330 	 0.000 
 1797.12500000 	 0.500 
 1797.16666670 	 0.000 
 1805.70833330 	 0.000 
 1805.75000000 	 0.100 
 1805.79166670 	 0.000 
 1805.83333330 	 0.000 
 1805.87500000 	 0.100 
 1805.91666670 	 0.000 
 1806.33333330 	 0.000 
 1806.37500000 	 0.100 
 1806.41666670 	 0.000 
 1806.45833330 	 0.000 
 1806.50000000 	 0.100 
 1806.54166670 	 0.000 
 1812.91666670 	 0.000 
 1812.95833330 	 0.600 
 1813.00000000 	 2.200 
 1813.04166670 	 2.700 
 1813.08333330 	 0.700 
 1813.12500000 	 0.000 
 1813.16666670 	 0.000 
 1813.20833330 	 0.100 
 1813.25000000 	 0.100 
 1813.29166670 	 0.300 
 1813.33333330 	 0.300 
 1813.37500000 	 0.000 
 1813.41666670 	 0.000 
 1813.45833330 	 0.100 
 1813.50000000 	 0.000 
 1814.16666670 	 0.000 
 1814.20833330 	 0.100 
 1814.25000000 	 0.000 
 1817.70833330 	 0.000 
 1817.75000000 	 0.100 
 1817.79166670 	 0.000 
 1817.83333330 	 0.900 
 1817.87500000 	 0.800 
 1817.91666670 	 0.000 
 1818.45833330 	 0.000 
 1818.50000000 	 0.500 
 1818.54166670 	 0.500 
 1818.58333330 	 0.000 
 1818.62500000 	 0.600 
 1818.66666670 	 3.000 
 1818.70833330 	 0.300 
 1818.75000000 	 1.700 
 1818.79166670 	 1.300 
 1818.83333330 	 0.800 
 1818.87500000 	 1.000 
 1818.91666670 	 1.800 
 1818.95833330 	 4.900 
 1819.00000000 	 4.000 
 1819.04166670 	 0.600 
 1819.08333330 	 0.700 
 1819.12500000 	 1.400 
 1819.16666670 	 0.200 
 1819.20833330 	 0.100 
 1819.25000000 	 0.600 
 1819.29166670 	 0.300 
 1819.33333330 	 0.000 
 1821.45833330 	 0.000 
 1821.50000000 	 0.400 
 1821.54166670 	 0.000 
 1823.37500000 	 0.000 
 1823.41666670 	 0.200 
 1823.45833330 	 0.000 
 1823.58333330 	 0.000 
 1823.62500000 	 0.700 
 1823.66666670 	 0.000 
 1823.75000000 	 0.000 
 1823.79166670 	 0.300 
 1823.83333330 	 0.100 
 1823.87500000 	 0.000 
 1824.12500000 	 0.000 
 1824.16666670 	 0.300 
 1824.20833330 	 1.000 
 1824.25000000 	 0.000 
 1832.41666670 	 0.000 
 1832.45833330 	 0.900 
 1832.50000000 	 0.700 
 1832.54166670 	 0.000 
 1836.58333330 	 0.000 
 1836.62500000 	 0.100 
 1836.66666670 	 0.600 
 1836.70833330 	 0.700 
 1836.75000000 	 0.300 
 1836.79166670 	 0.000 
 1836.83333330 	 0.100 
 1836.87500000 	 0.000 
 1836.91666670 	 0.000 
 1836.95833330 	 0.900 
 1837.00000000 	 2.000 
 1837.04166670 	 0.000 
 1837.08333330 	 3.000 
 1837.12500000 	 2.400 
 1837.16666670 	 0.000 
 1838.41666670 	 0.000 
 1838.45833330 	 0.300 
 1838.50000000 	 0.100 
 1838.54166670 	 0.000 
 1839.41666670 	 0.000 
 1839.45833330 	 0.400 
 1839.50000000 	 0.900 
 1839.54166670 	 0.000 
 1839.58333330 	 0.800 
 1839.62500000 	 1.000 
 1839.66666670 	 0.000 
 1839.75000000 	 0.000 
 1839.79166670 	 0.400 
 1839.83333330 	 0.000 
 1839.87500000 	 0.000 
 1839.91666670 	 1.700 
 1839.95833330 	 0.300 
 1840.00000000 	 0.400 
 1840.04166670 	 0.300 
 1840.08333330 	 0.300 
 1840.12500000 	 0.400 
 1840.16666670 	 0.400 
 1840.20833330 	 0.300 
 1840.29166670 	 0.300 
 1840.33333330 	 0.000 
 1843.54166670 	 0.000 
 1843.58333330 	 1.000 
 1843.62500000 	 0.600 
 1843.66666670 	 0.000 
 1843.70833330 	 0.000 
 1843.75000000 	 0.300 
 1843.79166670 	 0.000 
 1846.12500000 	 0.000 
 1846.16666670 	 0.400 
 1846.20833330 	 0.000 
 1847.54166670 	 0.000 
 1847.58333330 	 5.600 
 1847.62500000 	 0.000 
 1847.66666670 	 1.000 
 1847.70833330 	 2.300 
 1847.75000000 	 0.000 
 1847.79166670 	 0.100 
 1847.83333330 	 0.700 
 1847.87500000 	 0.000 
 1848.29166670 	 0.000 
 1848.33333330 	 0.200 
 1848.37500000 	 0.000 
 1849.70833330 	 0.000 
 1849.75000000 	 0.200 
 1849.79166670 	 1.400 
 1849.83333330 	 0.300 
 1849.87500000 	 0.000 
 1850.04166670 	 0.000 
 1850.08333330 	 0.100 
 1850.12500000 	 0.000 
 1851.04166670 	 0.000 
 1851.08333330 	 0.100 
 1851.12500000 	 0.600 
 1851.16666670 	 0.200 
 1851.20833330 	 0.100 
 1851.25000000 	 0.100 
 1851.29166670 	 0.000 
 1851.33333330 	 0.100 
 1851.37500000 	 0.000 
 1851.58333330 	 0.000 
 1851.62500000 	 1.900 
 1851.66666670 	 0.000 
 1851.70833330 	 0.100 
 1851.75000000 	 0.000 
 1851.83333330 	 0.000 
 1851.87500000 	 0.400 
 1851.91666670 	 0.000 
 1851.95833330 	 0.000 
 1852.00000000 	 0.100 
 1852.04166670 	 0.000 
 1852.12500000 	 0.000 
 1852.16666670 	 0.100 
 1852.20833330 	 0.000 
 1853.25000000 	 0.000 
 1853.29166670 	 6.900 
 1853.33333330 	 0.000 
 1853.58333330 	 0.000 
 1853.62500000 	 1.900 
 1853.66666670 	 0.000 
 1854.50000000 	 0.000 
 1854.54166670 	 0.700 
 1854.58333330 	 1.900 
 1854.62500000 	 0.300 
 1854.66666670 	 0.200 
 1854.70833330 	 0.000 
 1858.62500000 	 0.000 
 1858.66666670 	 0.700 
 1858.70833330 	 0.000 
 1859.33333330 	 0.000 
 1859.37500000 	 0.100 
 1859.41666670 	 0.000 
 1859.58333330 	 0.000 
 1859.62500000 	 0.800 
 1859.66666670 	 8.400 
 1859.70833330 	 0.900 
 1859.75000000 	 0.200 
 1859.79166670 	 5.100 
 1859.83333330 	 0.000 
 1859.95833330 	 0.000 
 1860.00000000 	 0.100 
 1860.04166670 	 0.000 
 1860.12500000 	 0.000 
 1860.16666670 	 0.100 
 1860.20833330 	 0.000 
 1860.33333330 	 0.000 
 1860.37500000 	 1.300 
 1860.41666670 	 0.000 
 1860.45833330 	 0.000 
 1860.50000000 	 2.600 
 1860.54166670 	 0.000 
 1860.62500000 	 0.000 
 1860.66666670 	 0.200 
 1860.70833330 	 0.000 
 1864.50000000 	 0.000 
 1864.54166670 	 1.400 
 1864.58333330 	 0.100 
 1864.62500000 	 0.000 
 1875.58333330 	 0.000 
 1875.62500000 	 1.000 
 1875.66666670 	 0.000 
 1886.25000000 	 0.000 
 1886.29166670 	 0.200 
 1886.33333330 	 0.000 
 1886.37500000 	 0.400 
 1886.41666670 	 0.000 
 1886.58333330 	 0.000 
 1886.62500000 	 0.200 
 1886.66666670 	 0.000 
 1886.70833330 	 0.100 
 1886.75000000 	 0.000 
 1886.79166670 	 0.100 
 1886.83333330 	 0.700 
 1886.87500000 	 0.800 
 1886.91666670 	 0.100 
 1886.95833330 	 1.000 
 1887.00000000 	 1.900 
 1887.04166670 	 1.200 
 1887.08333330 	 0.200 
 1887.12500000 	 0.000 
 1887.16666670 	 0.100 
 1887.20833330 	 3.800 
 1887.25000000 	 0.600 
 1887.29166670 	 0.300 
 1887.33333330 	 0.500 
 1887.37500000 	 0.000 
 1887.58333330 	 0.000 
 1887.62500000 	 0.500 
 1887.66666670 	 0.000 
 1888.04166670 	 0.000 
 1888.08333330 	 0.100 
 1888.12500000 	 0.000 
 1888.20833330 	 0.000 
 1888.25000000 	 0.100 
 1888.29166670 	 0.000 
 1889.25000000 	 0.000 
 1889.29166670 	 0.300 
 1889.33333330 	 0.000 
 1896.62500000 	 0.000 
 1896.66666670 	 0.800 
 1896.70833330 	 0.000 
 1897.16666670 	 0.000 
 1897.20833330 	 0.100 
 1897.25000000 	 0.000 
 1899.87500000 	 0.000 
 1899.91666670 	 0.200 
 1899.95833330 	 0.200 
 1900.00000000 	 0.000 
 1903.91666670 	 0.000 
 1903.95833330 	 0.300 
 1904.00000000 	 0.900 
 1904.04166670 	 3.100 
 1904.08333330 	 0.700 
 1904.12500000 	 0.300 
 1904.16666670 	 0.000 
 1904.20833330 	 0.100 
 1904.25000000 	 0.100 
 1904.29166670 	 0.000 
 1907.91666670 	 0.000 
 1907.95833330 	 0.100 
 1908.00000000 	 0.600 
 1908.04166670 	 0.000 
 1908.33333330 	 0.000 
 1908.37500000 	 0.300 
 1908.41666670 	 0.000 
 1908.45833330 	 0.200 
 1908.50000000 	 0.000 
 1908.54166670 	 0.800 
 1908.58333330 	 1.400 
 1908.62500000 	 0.000 
 1911.12500000 	 0.000 
 1911.16666670 	 0.100 
 1911.20833330 	 1.400 
 1911.25000000 	 1.200 
 1911.29166670 	 0.700 
 1911.33333330 	 0.100 
 1911.37500000 	 0.000 
 1912.20833330 	 0.000 
 1912.25000000 	 0.100 
 1912.29166670 	 0.100 
 1912.33333330 	 0.300 
 1912.37500000 	 0.000 
 1913.04166670 	 0.000 
 1913.08333330 	 0.100 
 1913.12500000 	 0.000 
 1914.29166670 	 0.000 
 1914.33333330 	 0.100 
 1914.37500000 	 0.000 
 1916.08333330 	 0.000 
 1916.12500000 	 0.100 
 1916.16666670 	 0.300 
 1916.20833330 	 0.000 
 1916.58333330 	 0.000 
 1916.62500000 	 0.100 
 1916.66666670 	 0.500 
 1916.70833330 	 0.000 
 1918.29166670 	 0.000 
 1918.33333330 	 0.100 
 1918.37500000 	 0.000 
 1926.66666670 	 0.000 
 1926.70833330 	 0.100 
 1926.75000000 	 0.300 
 1926.79166670 	 0.400 
 1926.83333330 	 0.400 
 1926.87500000 	 0.300 
 1926.91666670 	 0.400 
 1926.95833330 	 0.300 
 1927.04166670 	 0.300 
 1927.08333330 	 0.000 
 1927.25000000 	 0.000 
 1927.29166670 	 0.100 
 1927.33333330 	 0.000 
 1928.20833330 	 0.000 
 1928.25000000 	 0.700 
 1928.29166670 	 0.600 
 1928.33333330 	 0.600 
 1928.37500000 	 0.700 
 1928.41666670 	 1.500 
 1928.45833330 	 1.300 
 1928.54166670 	 1.300 
 1928.58333330 	 0.800 
 1928.62500000 	 1.000 
 1928.66666670 	 0.900 
 1928.70833330 	 0.000 
 1932.66666670 	 0.000 
 1932.70833330 	 0.200 
 1932.75000000 	 0.000 
 1933.37500000 	 0.000 
 1933.41666670 	 1.500 
 1933.45833330 	 1.500 
 1933.50000000 	 0.600 
 1933.54166670 	 1.400 
 1933.58333330 	 0.400 
 1933.62500000 	 0.300 
 1933.66666670 	 0.000 
 1933.70833330 	 0.000 
 1933.75000000 	 0.200 
 1933.79166670 	 0.300 
 1933.83333330 	 0.000 
 1934.04166670 	 0.000 
 1934.08333330 	 0.300 
 1934.12500000 	 1.300 
 1934.16666670 	 1.200 
 1934.20833330 	 0.000 
 1935.12500000 	 0.000 
 1935.16666670 	 0.200 
 1935.20833330 	 0.000 
 1935.50000000 	 0.000 
 1935.54166670 	 0.500 
 1935.58333330 	 0.300 
 1935.62500000 	 0.200 
 1935.66666670 	 0.400 
 1935.70833330 	 0.100 
 1935.75000000 	 0.000 
 1935.79166670 	 0.100 
 1935.83333330 	 0.000 
 1936.58333330 	 0.000 
 1936.62500000 	 0.300 
 1936.66666670 	 1.000 
 1936.79166670 	 1.000 
 1936.83333330 	 0.300 
 1936.87500000 	 0.000 
 1936.95833330 	 0.000 
 1937.00000000 	 0.100 
 1937.04166670 	 0.500 
 1937.08333330 	 0.100 
 1937.12500000 	 0.000 
 1938.00000000 	 0.000 
 1938.04166670 	 1.300 
 1938.08333330 	 3.800 
 1938.12500000 	 2.900 
 1938.16666670 	 0.800 
 1938.20833330 	 0.200 
 1938.25000000 	 0.000 
 1938.29166670 	 0.000 
 1938.33333330 	 0.400 
 1938.37500000 	 0.000 
 1938.50000000 	 0.000 
 1938.54166670 	 0.600 
 1938.58333330 	 0.400 
 1938.62500000 	 0.300 
 1938.66666670 	 0.200 
 1938.70833330 	 0.000 
 1938.75000000 	 0.300 
 1938.79166670 	 0.300 
 1938.83333330 	 0.600 
 1938.87500000 	 0.000 
 1938.91666670 	 0.600 
 1938.95833330 	 0.900 
 1939.00000000 	 0.000 
 1939.04166670 	 0.400 
 1939.08333330 	 0.500 
 1939.12500000 	 0.000 
 1940.00000000 	 0.000 
 1940.04166670 	 0.200 
 1940.08333330 	 0.300 
 1940.12500000 	 0.200 
 1940.16666670 	 0.300 
 1940.20833330 	 0.000 
 1940.45833330 	 0.000 
 1940.50000000 	 0.200 
 1940.54166670 	 0.900 
 1940.58333330 	 1.800 
 1940.62500000 	 0.400 
 1940.66666670 	 0.000 
 1940.70833330 	 0.100 
 1940.75000000 	 1.300 
 1940.79166670 	 2.000 
 1940.83333330 	 1.100 
 1940.87500000 	 0.000 
 1947.58333330 	 0.000 
 1947.62500000 	 0.300 
 1947.66666670 	 0.200 
 1947.70833330 	 0.000 
 1953.20833330 	 0.000 
 1953.25000000 	 0.233 
 1954.20833330 	 0.233 
 1954.25000000 	 0.008 
 1956.20833330 	 0.008 
 1956.25000000 	 0.000 
 1959.20833330 	 0.000 
 1959.25000000 	 0.042 
 1960.20833330 	 0.042 
 1960.25000000 	 0.708 
 1961.20833330 	 0.708 
 1961.25000000 	 0.142 
 1962.20833330 	 0.142 
 1962.25000000 	 0.283 
 1963.20833330 	 0.283 
 1963.25000000 	 0.117 
 1964.20833330 	 0.117 
 1964.25000000 	 0.113 
 1965.20833330 	 0.113 
 1965.25000000 	 0.013 
 1966.20833330 	 0.013 
 1966.25000000 	 0.000 
 1967.20833330 	 0.000 
 1967.25000000 	 0.067 
 1968.20833330 	 0.067 
 1968.25000000 	 0.029 
 1969.20833330 	 0.029 
 1969.25000000 	 0.000 
 1972.20833330 	 0.000 
 1972.25000000 	 0.092 
 1973.20833330 	 0.092 
 1973.25000000 	 0.108 
 1974.20833330 	 0.108 
 1974.25000000 	 0.058 
 1975.20833330 	 0.058 
 1975.25000000 	 0.021 
 1976.20833330 	 0.021 
 1976.25000000 	 0.013 
 1977.20833330 	 0.013 
 1977.25000000 	 0.063 
 1978.20833330 	 0.063 
 1978.25000000 	 0.000 
 1979.20833330 	 0.000 
 1979.25000000 	 0.108 
 1980.20833330 	 0.108 
 1980.25000000 	 0.000 
 1981.20833330 	 0.000 
 1981.25000000 	 0.083 
 1982.20833330 	 0.083 
 1982.25000000 	 0.079 
 1983.20833330 	 0.079 
 1983.25000000 	 0.013 
 1984.20833330 	 0.013 
 1984.25000000 	 0.158 
 1985.20833330 	 0.158 
 1985.25000000 	 0.183 
 1986.20833330 	 0.183 
 1986.25000000 	 0.050 
 1987.20833330 	 0.050 
 1987.25000000 	 0.000 
 1990.20833330 	 0.000 
 1990.25000000 	 0.250 
 1991.20833330 	 0.250 
 1991.25000000 	 0.400 
 1992.20833330 	 0.400 
 1992.25000000 	 0.079 
 1993.20833330 	 0.079 
 1993.25000000 	 0.029 
 1994.20833330 	 0.029 
 1994.25000000 	 0.067 
 1995.20833330 	 0.067 
 1995.25000000 	 0.096 
 1996.20833330 	 0.096 
 1996.25000000 	 0.008 
 1997.20833330 	 0.008 
 1997.25000000 	 0.013 
 1998.20833330 	 0.013 
 1998.25000000 	 0.004 
 1999.20833330 	 0.004 
 1999.25000000 	 0.079 
 2000.20833330 	 0.079 
 2000.25000000 	 0.004 
 2001.20833330 	 0.004 
 2001.25000000 	 0.000 
 2002.20833330 	 0.000 
 2002.25000000 	 0.004 
 2003.20833330 	 0.004 
 2003.25000000 	 0.008 
 2004.20833330 	 0.008 
 2004.25000000 	 0.000 
 2005.20833330 	 0.000 
 2005.25000000 	 0.008 
 2006.20833330 	 0.008 
 2006.25000000 	 0.000 
 2014.20833330 	 0.000 
 2014.25000000 	 0.013 
 2015.20833330 	 0.013 
 2015.25000000 	 0.221 
 2016.20833330 	 0.221 
 2016.25000000 	 0.196 
 2017.20833330 	 0.196 
 2017.25000000 	 0.046 
 2018.20833330 	 0.046 
 2018.25000000 	 0.000 
 2020.20833330 	 0.000 
 2020.25000000 	 0.096 
 2021.20833330 	 0.096 
 2021.25000000 	 0.000 
 2022.20833330 	 0.000 
 2022.25000000 	 0.046 
 2023.20833330 	 0.046 
 2023.25000000 	 0.092 
 2024.20833330 	 0.092 
 2024.25000000 	 0.067 
 2025.20833330 	 0.067 
 2025.25000000 	 0.467 
 2026.20833330 	 0.467 
 2026.25000000 	 0.196 
 2027.20833330 	 0.196 
 2027.25000000 	 0.063 
 2028.20833330 	 0.063 
 2028.25000000 	 0.000 
 2031.20833330 	 0.000 
 2031.25000000 	 0.042 
 2032.20833330 	 0.042 
 2032.25000000 	 0.017 
 2034.20833330 	 0.017 
 2034.25000000 	 0.000 
 2037.20833330 	 0.000 
 2037.25000000 	 0.063 
 2038.20833330 	 0.063 
 2038.25000000 	 0.000 
 2040.20833330 	 0.000 
 2040.25000000 	 0.004 
 2041.20833330 	 0.004 
 2041.25000000 	 0.000 
 2045.20833330 	 0.000 
 2045.25000000 	 0.192 
 2046.20833330 	 0.192 
 2046.25000000 	 0.504 
 2047.20833330 	 0.504 
 2047.25000000 	 0.013 
 2048.20833330 	 0.013 
 2048.25000000 	 0.096 
 2049.20833330 	 0.096 
 2049.25000000 	 0.304 
 2050.20833330 	 0.304 
 2050.25000000 	 0.000 
 2057.20833330 	 0.000 
 2057.25000000 	 0.004 
 2058.20833330 	 0.004 
 2058.25000000 	 0.067 
 2059.20833330 	 0.067 
 2059.25000000 	 0.096 
 2060.20833330 	 0.096 
 2060.25000000 	 0.000 
 2061.20833330 	 0.000 
 2061.25000000 	 0.117 
 2062.20833330 	 0.117 
 2062.25000000 	 0.313 
 2063.20833330 	 0.313 
 2063.25000000 	 0.113 
 2064.20833330 	 0.113 
 2064.25000000 	 0.000 
 2066.20833330 	 0.000 
 2066.25000000 	 0.008 
 2067.20833330 	 0.008 
 2067.25000000 	 0.000 
 2074.20833330 	 0.000 
 2074.25000000 	 0.046 
 2075.20833330 	 0.046 
 2075.25000000 	 0.000 
 2076.20833330 	 0.000 
 2076.25000000 	 0.050 
 2077.20833330 	 0.050 
 2077.25000000 	 0.008 
 2078.20833330 	 0.008 
 2078.25000000 	 0.000 
 2083.20833330 	 0.000 
 2083.25000000 	 0.071 
 2084.20833330 	 0.071 
 2084.25000000 	 0.067 
 2085.20833330 	 0.067 
 2085.25000000 	 0.246 
 2086.20833330 	 0.246 
 2086.25000000 	 0.342 
 2087.20833330 	 0.342 
 2087.25000000 	 0.079 
 2088.20833330 	 0.079 
 2088.25000000 	 0.000 
 2097.20833330 	 0.000 
 2097.25000000 	 0.050 
 2098.20833330 	 0.050 
 2098.25000000 	 0.000 
 2113.20833330 	 0.000 
 2113.25000000 	 0.088 
 2114.20833330 	 0.088 
 2114.25000000 	 0.550 
 2115.20833330 	 0.550 
 2115.25000000 	 0.021 
 2116.20833330 	 0.021 
 2116.25000000 	 0.000 
 2123.20833330 	 0.000 
 2123.25000000 	 0.029 
 2124.20833330 	 0.029 
 2124.25000000 	 0.183 
 2125.20833330 	 0.183 
 2125.25000000 	 0.000 
 2128.20833330 	 0.000 
 2128.25000000 	 0.054 
 2129.20833330 	 0.054 
 2129.25000000 	 0.017 
 2130.20833330 	 0.017 
 2130.25000000 	 0.000 
 2131.66666670 	 0.000 
 2131.70833330 	 0.600 
 2131.75000000 	 0.100 
 2131.79166670 	 0.000 
 2133.20833330 	 0.000 
 2133.25000000 	 0.300 
 2133.29166670 	 0.300 
 2133.33333330 	 1.400 
 2133.37500000 	 4.000 
 2133.41666670 	 0.000 
 2133.87500000 	 0.000 
 2133.91666670 	 0.100 
 2133.95833330 	 0.000 
 2134.08333330 	 0.000 
 2134.12500000 	 0.700 
 2134.16666670 	 0.100 
 2134.20833330 	 0.200 
 2134.25000000 	 0.300 
 2134.29166670 	 0.100 
 2134.33333330 	 0.300 
 2134.37500000 	 0.200 
 2134.41666670 	 0.100 
 2134.45833330 	 0.400 
 2134.50000000 	 0.700 
 2134.54166670 	 0.000 
 2134.58333330 	 0.100 
 2134.62500000 	 0.000 
 2134.66666670 	 0.100 
 2134.70833330 	 0.100 
 2134.75000000 	 0.200 
 2134.79166670 	 0.100 
 2134.83333330 	 0.200 
 2134.87500000 	 0.100 
 2135.00000000 	 0.100 
 2135.04166670 	 0.000 
 2135.08333330 	 0.100 
 2135.12500000 	 0.100 
 2135.16666670 	 0.200 
 2135.20833330 	 0.100 
 2135.25000000 	 0.100 
 2135.29166670 	 0.300 
 2135.33333330 	 0.400 
 2135.37500000 	 0.900 
 2135.41666670 	 0.400 
 2135.50000000 	 0.400 
 2135.54166670 	 0.200 
 2135.58333330 	 0.200 
 2135.62500000 	 0.100 
 2135.66666670 	 0.100 
 2135.70833330 	 0.200 
 2135.79166670 	 0.200 
 2135.83333330 	 0.400 
 2135.87500000 	 0.200 
 2135.91666670 	 0.300 
 2135.95833330 	 0.400 
 2136.00000000 	 0.400 
 2136.04166670 	 0.300 
 2136.08333330 	 0.200 
 2136.12500000 	 0.200 
 2136.16666670 	 0.300 
 2136.20833330 	 0.300 
 2136.25000000 	 0.500 
 2136.29166670 	 0.500 
 2136.33333330 	 0.200 
 2136.37500000 	 0.000 
 2140.20833330 	 0.000 
 2140.25000000 	 0.300 
 2140.29166670 	 0.000 
 2140.45833330 	 0.000 
 2140.50000000 	 0.600 
 2140.54166670 	 0.000 
 2140.58333330 	 1.000 
 2140.62500000 	 4.500 
 2140.66666670 	 0.100 
 2140.70833330 	 0.000 
 2140.75000000 	 0.200 
 2140.79166670 	 0.000 
 2140.83333330 	 0.100 
 2140.87500000 	 0.200 
 2140.91666670 	 0.200 
 2140.95833330 	 0.000 
 2143.08333330 	 0.000 
 2143.12500000 	 1.700 
 2143.16666670 	 1.300 
 2143.20833330 	 0.000 
 2143.25000000 	 0.800 
 2143.29166670 	 0.000 
 2143.75000000 	 0.000 
 2143.79166670 	 0.500 
 2143.83333330 	 0.100 
 2143.87500000 	 1.800 
 2143.91666670 	 0.100 
 2143.95833330 	 0.200 
 2144.00000000 	 0.100 
 2144.04166670 	 0.000 
 2144.58333330 	 0.000 
 2144.62500000 	 2.200 
 2144.66666670 	 0.000 
 2149.37500000 	 0.000 
 2149.41666670 	 0.600 
 2149.45833330 	 0.000 
 2149.50000000 	 0.200 
 2149.54166670 	 0.000 
 2150.20833330 	 0.000 
 2150.25000000 	 0.100 
 2150.29166670 	 0.000 
 2150.87500000 	 0.000 
 2150.91666670 	 0.100 
 2150.95833330 	 2.500 
 2151.00000000 	 0.800 
 2151.04166670 	 0.100 
 2151.08333330 	 0.600 
 2151.12500000 	 1.500 
 2151.16666670 	 3.200 
 2151.20833330 	 2.400 
 2151.25000000 	 0.100 
 2151.29166670 	 0.400 
 2151.33333330 	 0.800 
 2151.37500000 	 0.000 
 2151.41666670 	 0.000 
 2151.45833330 	 0.400 
 2151.50000000 	 0.900 
 2151.54166670 	 0.200 
 2151.58333330 	 0.000 
 2151.87500000 	 0.000 
 2151.91666670 	 0.500 
 2151.95833330 	 0.000 
 2152.70833330 	 0.000 
 2152.75000000 	 1.300 
 2152.79166670 	 1.500 
 2152.83333330 	 0.000 
 2153.08333330 	 0.000 
 2153.12500000 	 0.100 
 2153.16666670 	 0.000 
 2153.25000000 	 0.000 
 2153.29166670 	 0.500 
 2153.33333330 	 0.000 
 2154.16666670 	 0.000 
 2154.20833330 	 0.600 
 2154.25000000 	 0.100 
 2154.29166670 	 0.000 
 2157.70833330 	 0.000 
 2157.75000000 	 0.600 
 2157.79166670 	 0.000 
 2158.25000000 	 0.000 
 2158.29166670 	 0.300 
 2158.33333330 	 0.100 
 2158.37500000 	 0.500 
 2158.41666670 	 0.000 
 2160.20833330 	 0.000 
 2160.25000000 	 0.700 
 2160.29166670 	 0.500 
 2160.33333330 	 0.400 
 2160.37500000 	 1.000 
 2160.41666670 	 0.000 
 2161.00000000 	 0.000 
 2161.04166670 	 0.300 
 2161.08333330 	 0.000 
 2161.25000000 	 0.000 
 2161.29166670 	 0.300 
 2161.33333330 	 0.100 
 2161.37500000 	 0.000 
 2163.45833330 	 0.000 
 2163.50000000 	 0.700 
 2163.54166670 	 2.500 
 2163.58333330 	 0.000 
 2163.70833330 	 0.000 
 2163.75000000 	 0.600 
 2163.79166670 	 0.300 
 2163.83333330 	 0.000 
 2166.79166670 	 0.000 
 2166.83333330 	 1.300 
 2166.87500000 	 0.400 
 2166.91666670 	 0.000 
 2166.95833330 	 0.500 
 2167.00000000 	 0.000 
 2167.41666670 	 0.000 
 2167.45833330 	 0.100 
 2167.50000000 	 0.500 
 2167.54166670 	 0.000 
 2168.45833330 	 0.000 
 2168.50000000 	 0.300 
 2168.54166670 	 0.000 
 2168.75000000 	 0.000 
 2168.79166670 	 0.100 
 2168.83333330 	 0.400 
 2168.87500000 	 0.400 
 2168.91666670 	 0.100 
 2168.95833330 	 0.400 
 2169.00000000 	 1.100 
 2169.04166670 	 0.600 
 2169.08333330 	 0.600 
 2169.12500000 	 0.000 
 2169.16666670 	 2.200 
 2169.20833330 	 0.300 
 2169.25000000 	 0.000 
 2169.29166670 	 0.200 
 2169.33333330 	 0.100 
 2169.37500000 	 0.000 
 2169.41666670 	 0.600 
 2169.45833330 	 0.200 
 2169.50000000 	 0.100 
 2169.54166670 	 0.000 
 2169.75000000 	 0.000 
 2169.79166670 	 0.300 
 2169.83333330 	 0.000 
 2170.16666670 	 0.000 
 2170.20833330 	 0.100 
 2170.25000000 	 0.000 
 2170.45833330 	 0.000 
 2170.50000000 	 0.300 
 2170.54166670 	 0.800 
 2170.58333330 	 0.000 
 2171.62500000 	 0.000 
 2171.66666670 	 0.100 
 2171.70833330 	 0.000 
 2171.75000000 	 0.500 
 2171.79166670 	 0.000 
 2171.83333330 	 0.100 
 2171.87500000 	 0.000 
 2172.08333330 	 0.000 
 2172.12500000 	 0.100 
 2172.16666670 	 0.300 
 2172.20833330 	 0.000 
 2172.25000000 	 0.100 
 2172.29166670 	 0.300 
 2172.33333330 	 0.100 
 2172.37500000 	 0.000 
 2174.66666670 	 0.000 
 2174.70833330 	 9.500 
 2174.75000000 	 0.800 
 2174.79166670 	 0.000 
 2176.62500000 	 0.000 
 2176.66666670 	 0.600 
 2176.70833330 	 0.000 
 2178.37500000 	 0.000 
 2178.41666670 	 0.100 
 2178.45833330 	 0.100 
 2178.50000000 	 0.800 
 2178.54166670 	 0.000 
 2180.37500000 	 0.000 
 2180.41666670 	 1.200 
 2180.45833330 	 0.400 
 2180.50000000 	 0.000 
 2186.83333330 	 0.000 
 2186.87500000 	 16.000 
 2186.91666670 	 0.000 
 2186.95833330 	 7.200 
 2187.00000000 	 0.500 
 2187.04166670 	 0.000 
 2187.12500000 	 0.000 
 2187.16666670 	 0.200 
 2187.20833330 	 0.000 
 2187.25000000 	 0.100 
 2187.29166670 	 0.000 
 2187.45833330 	 0.000 
 2187.50000000 	 0.400 
 2187.54166670 	 0.700 
 2187.58333330 	 0.000 
 2187.62500000 	 0.000 
 2187.66666670 	 0.900 
 2187.70833330 	 0.000 
 2187.75000000 	 0.100 
 2187.79166670 	 0.000 
 2187.83333330 	 0.000 
 2187.87500000 	 0.100 
 2187.91666670 	 1.300 
 2187.95833330 	 0.000 
 2188.00000000 	 0.000 
 2188.04166670 	 0.300 
 2188.08333330 	 0.000 
 2188.25000000 	 0.000 
 2188.29166670 	 0.200 
 2188.33333330 	 0.300 
 2188.37500000 	 0.100 
 2188.41666670 	 0.000 
 2188.45833330 	 7.900 
 2188.50000000 	 4.200 
 2188.54166670 	 2.900 
 2188.58333330 	 0.700 
 2188.62500000 	 0.000 
 2189.50000000 	 0.000 
 2189.54166670 	 1.500 
 2189.58333330 	 0.200 
 2189.62500000 	 0.400 
 2189.66666670 	 0.100 
 2189.70833330 	 0.100 
 2189.75000000 	 0.600 
 2189.79166670 	 0.000 
 2189.83333330 	 0.000 
 2189.87500000 	 0.300 
 2189.91666670 	 0.000 
 2190.54166670 	 0.000 
 2190.58333330 	 2.300 
 2190.62500000 	 1.200 
 2190.66666670 	 0.000 
 2190.75000000 	 0.000 
 2190.79166670 	 0.300 
 2190.83333330 	 2.400 
 2190.87500000 	 2.000 
 2190.91666670 	 0.600 
 2190.95833330 	 0.000 
 2191.00000000 	 0.100 
 2191.04166670 	 0.100 
 2191.08333330 	 0.000 
 2191.33333330 	 0.000 
 2191.37500000 	 0.600 
 2191.41666670 	 0.200 
 2191.45833330 	 0.500 
 2191.50000000 	 0.000 
 2191.54166670 	 0.000 
 2191.58333330 	 0.100 
 2191.62500000 	 0.100 
 2191.66666670 	 0.000 
 2191.70833330 	 0.000 
 2191.75000000 	 0.300 
 2191.79166670 	 0.000 
 2192.29166670 	 0.000 
 2192.33333330 	 0.800 
 2192.37500000 	 0.100 
 2192.41666670 	 0.000 
 2192.83333330 	 0.000 
 2192.87500000 	 0.100 
 2192.91666670 	 0.000 
 2193.33333330 	 0.000 
 2193.37500000 	 0.100 
 2193.41666670 	 0.100 
 2193.45833330 	 0.000 
 2193.54166670 	 0.000 
 2193.58333330 	 0.200 
 2193.62500000 	 0.200 
 2193.66666670 	 0.000 
 2193.70833330 	 0.000 
 2193.75000000 	 0.500 
 2193.79166670 	 0.000 
 2193.83333330 	 4.600 
 2193.87500000 	 0.400 
 2193.91666670 	 0.300 
 2193.95833330 	 0.000 
 2194.00000000 	 0.100 
 2194.04166670 	 0.200 
 2194.08333330 	 0.300 
 2194.12500000 	 0.100 
 2194.16666670 	 0.000 
 2194.45833330 	 0.000 
 2194.50000000 	 0.200 
 2194.54166670 	 0.000 
 2194.58333330 	 0.500 
 2194.62500000 	 0.000 
 2194.87500000 	 0.000 
 2194.91666670 	 0.400 
 2194.95833330 	 0.900 
 2195.00000000 	 0.100 
 2195.04166670 	 0.000 
 2195.08333330 	 0.100 
 2195.12500000 	 0.000 
 2195.29166670 	 0.000 
 2195.33333330 	 0.100 
 2195.37500000 	 0.200 
 2195.41666670 	 0.000 
 2195.45833330 	 0.100 
 2195.50000000 	 0.000 
 2195.95833330 	 0.000 
 2196.00000000 	 7.200 
 2196.95833330 	 7.200 
 2197.00000000 	 0.000 
 2197.70833330 	 0.000 
 2197.75000000 	 0.100 
 2197.79166670 	 0.000 
 2199.37500000 	 0.000 
 2199.41666670 	 0.100 
 2199.45833330 	 1.000 
 2199.50000000 	 1.700 
 2199.54166670 	 0.100 
 2199.58333330 	 0.100 
 2199.62500000 	 0.000 
 2199.66666670 	 0.000 
 2199.70833330 	 0.300 
 2199.75000000 	 0.000 
 2199.87500000 	 0.000 
 2199.91666670 	 0.300 
 2199.95833330 	 0.000 
 2200.54166670 	 0.000 
 2200.58333330 	 0.700 
 2200.62500000 	 0.000 
 2201.95833330 	 0.000 
 2202.00000000 	 0.700 
 2202.04166670 	 0.400 
 2202.08333330 	 0.000 
 2203.45833330 	 0.000 
 2203.50000000 	 0.100 
 2203.54166670 	 0.100 
 2203.58333330 	 0.000 
 2203.75000000 	 0.000 
 2203.79166670 	 0.300 
 2203.83333330 	 0.000 
 2204.37500000 	 0.000 
 2204.41666670 	 0.300 
 2204.45833330 	 0.000 
 2204.54166670 	 0.000 
 2204.58333330 	 0.100 
 2204.62500000 	 0.100 
 2204.66666670 	 0.000 
 2206.25000000 	 0.000 
 2206.29166670 	 0.200 
 2206.33333330 	 0.300 
 2206.37500000 	 0.000 
 2206.83333330 	 0.000 
 2206.87500000 	 0.300 
 2206.91666670 	 0.000 
 2207.87500000 	 0.000 
 2207.91666670 	 0.300 
 2207.95833330 	 0.000 
 2208.29166670 	 0.000 
 2208.33333330 	 0.400 
 2208.37500000 	 0.000 
 2210.20833330 	 0.000 
 2210.25000000 	 0.200 
 2210.29166670 	 0.300 
 2210.33333330 	 0.500 
 2210.37500000 	 0.800 
 2210.41666670 	 0.300 
 2210.45833330 	 0.000 
 2210.91666670 	 0.000 
 2210.95833330 	 0.200 
 2211.00000000 	 1.700 
 2211.04166670 	 0.500 
 2211.08333330 	 0.200 
 2211.12500000 	 0.800 
 2211.16666670 	 0.500 
 2211.20833330 	 0.200 
 2211.25000000 	 0.000 
 2213.54166670 	 0.000 
 2213.58333330 	 0.100 
 2213.62500000 	 0.000 
 2213.66666670 	 0.300 
 2213.70833330 	 0.000 
 2214.83333330 	 0.000 
 2214.87500000 	 2.300 
 2214.91666670 	 0.300 
 2214.95833330 	 0.100 
 2215.00000000 	 0.700 
 2215.04166670 	 0.100 
 2215.08333330 	 0.000 
 2215.12500000 	 0.300 
 2215.20833330 	 0.300 
 2215.25000000 	 2.000 
 2215.29166670 	 0.300 
 2215.33333330 	 0.100 
 2215.37500000 	 0.000 
 2215.41666670 	 0.000 
 2215.45833330 	 0.300 
 2215.50000000 	 0.000 
 2215.54166670 	 0.300 
 2215.58333330 	 0.100 
 2215.62500000 	 0.000 
 2215.66666670 	 0.000 
 2215.70833330 	 1.800 
 2215.75000000 	 0.200 
 2215.79166670 	 0.000 
 2225.16666670 	 0.000 
 2225.20833330 	 0.500 
 2225.25000000 	 0.700 
 2225.29166670 	 0.000 
 2225.66666670 	 0.000 
 2225.70833330 	 1.000 
 2225.75000000 	 0.000 
 2226.62500000 	 0.000 
 2226.66666670 	 0.200 
 2226.70833330 	 0.000 
 2229.58333330 	 0.000 
 2229.62500000 	 0.100 
 2229.66666670 	 0.200 
 2229.70833330 	 0.000 
 2229.91666670 	 0.000 
 2229.95833330 	 0.200 
 2230.00000000 	 0.000 
 2230.62500000 	 0.000 
 2230.66666670 	 0.300 
 2230.70833330 	 1.400 
 2230.75000000 	 0.300 
 2230.79166670 	 0.000 
 2231.20833330 	 0.000 
 2231.25000000 	 0.400 
 2231.29166670 	 0.000 
 2231.33333330 	 0.100 
 2231.37500000 	 0.100 
 2231.41666670 	 0.400 
 2231.45833330 	 1.200 
 2231.50000000 	 0.800 
 2231.54166670 	 0.400 
 2231.58333330 	 0.200 
 2231.62500000 	 0.000 
 2231.83333330 	 0.000 
 2231.87500000 	 0.200 
 2231.91666670 	 0.000 
 2232.50000000 	 0.000 
 2232.54166670 	 0.300 
 2232.58333330 	 0.400 
 2232.62500000 	 0.000 
 2232.75000000 	 0.000 
 2232.79166670 	 1.900 
 2232.83333330 	 2.000 
 2232.87500000 	 0.000 
 2233.00000000 	 0.000 
 2233.04166670 	 0.500 
 2233.08333330 	 0.000 
 2233.12500000 	 0.300 
 2233.16666670 	 0.000 
 2233.83333330 	 0.000 
 2233.87500000 	 0.500 
 2233.91666670 	 0.400 
 2233.95833330 	 0.200 
 2234.00000000 	 0.000 
 2238.95833330 	 0.000 
 2239.00000000 	 1.300 
 2239.04166670 	 4.500 
 2239.08333330 	 0.100 
 2239.12500000 	 0.000 
 2239.16666670 	 0.000 
 2239.20833330 	 0.100 
 2239.25000000 	 0.200 
 2239.29166670 	 0.000 
 2239.33333330 	 0.100 
 2239.37500000 	 0.000 
 2240.37500000 	 0.000 
 2240.41666670 	 0.300 
 2240.45833330 	 1.100 
 2240.50000000 	 0.200 
 2240.54166670 	 0.000 
 2240.83333330 	 0.000 
 2240.87500000 	 0.300 
 2240.91666670 	 1.400 
 2240.95833330 	 1.400 
 2241.00000000 	 0.100 
 2241.04166670 	 0.100 
 2241.08333330 	 0.000 
 2241.12500000 	 1.200 
 2241.16666670 	 0.100 
 2241.20833330 	 3.700 
 2241.25000000 	 2.000 
 2241.29166670 	 2.000 
 2241.33333330 	 2.600 
 2241.37500000 	 2.700 
 2241.41666670 	 0.500 
 2241.45833330 	 0.000 
 2241.50000000 	 0.100 
 2241.54166670 	 0.000 
 2242.00000000 	 0.000 
 2242.04166670 	 0.100 
 2242.08333330 	 0.000 
 2242.12500000 	 0.100 
 2242.16666670 	 0.000 
 2242.20833330 	 0.100 
 2242.25000000 	 0.100 
 2242.29166670 	 0.000 
 2242.33333330 	 0.100 
 2242.37500000 	 0.000 
 2248.04166670 	 0.000 
 2248.08333330 	 0.100 
 2248.12500000 	 0.900 
 2248.16666670 	 0.200 
 2248.20833330 	 1.600 
 2248.25000000 	 0.000 
 2248.37500000 	 0.000 
 2248.41666670 	 0.100 
 2248.45833330 	 0.200 
 2248.50000000 	 0.000 
 2253.12500000 	 0.000 
 2253.16666670 	 1.600 
 2253.20833330 	 1.300 
 2253.25000000 	 1.600 
 2253.29166670 	 0.100 
 2253.33333330 	 0.000 
 2253.83333330 	 0.000 
 2253.87500000 	 1.200 
 2253.91666670 	 0.500 
 2253.95833330 	 0.500 
 2254.00000000 	 0.000 
 2255.20833330 	 0.000 
 2255.25000000 	 0.400 
 2255.29166670 	 0.000 
 2255.62500000 	 0.000 
 2255.66666670 	 1.700 
 2255.70833330 	 0.100 
 2255.75000000 	 0.100 
 2255.79166670 	 0.000 
 2258.45833330 	 0.000 
 2258.50000000 	 0.100 
 2258.54166670 	 0.900 
 2258.58333330 	 1.000 
 2258.62500000 	 0.500 
 2258.66666670 	 0.000 
 2259.75000000 	 0.000 
 2259.79166670 	 0.600 
 2259.83333330 	 0.000 
 2261.66666670 	 0.000 
 2261.70833330 	 2.600 
 2261.75000000 	 1.900 
 2261.79166670 	 0.000 
 2270.41666670 	 0.000 
 2270.45833330 	 0.300 
 2270.50000000 	 0.500 
 2270.54166670 	 0.100 
 2270.58333330 	 0.000 
 2270.66666670 	 0.000 
 2270.70833330 	 0.200 
 2270.75000000 	 0.200 
 2270.79166670 	 0.000 
 2271.20833330 	 0.000 
 2271.25000000 	 0.100 
 2271.29166670 	 0.000 
 2275.79166670 	 0.000 
 2275.83333330 	 0.300 
 2275.87500000 	 0.700 
 2275.91666670 	 0.200 
 2275.95833330 	 0.000 
 2276.04166670 	 0.000 
 2276.08333330 	 0.100 
 2276.12500000 	 0.100 
 2276.16666670 	 0.000 
 2276.66666670 	 0.000 
 2276.70833330 	 1.100 
 2276.75000000 	 0.800 
 2276.79166670 	 0.200 
 2276.83333330 	 0.000 
 2277.50000000 	 0.000 
 2277.54166670 	 0.400 
 2277.58333330 	 0.300 
 2277.62500000 	 0.000 
 2277.66666670 	 0.300 
 2277.70833330 	 0.000 
 2277.75000000 	 0.000 
 2277.79166670 	 0.600 
 2277.83333330 	 1.000 
 2277.87500000 	 0.800 
 2277.91666670 	 0.600 
 2277.95833330 	 0.200 
 2278.00000000 	 0.000 
 2278.50000000 	 0.000 
 2278.54166670 	 1.300 
 2278.58333330 	 0.000 
 2278.70833330 	 0.000 
 2278.75000000 	 0.100 
 2278.79166670 	 0.000 
 2279.54166670 	 0.000 
 2279.58333330 	 0.200 
 2279.62500000 	 0.700 
 2279.66666670 	 0.600 
 2279.70833330 	 0.300 
 2279.75000000 	 0.000 
 2280.95833330 	 0.000 
 2281.00000000 	 0.400 
 2281.04166670 	 1.300 
 2281.08333330 	 0.800 
 2281.12500000 	 0.100 
 2281.16666670 	 0.200 
 2281.20833330 	 0.700 
 2281.25000000 	 0.100 
 2281.29166670 	 0.100 
 2281.33333330 	 0.300 
 2281.37500000 	 0.400 
 2281.41666670 	 0.000 
 2284.16666670 	 0.000 
 2284.20833330 	 0.100 
 2284.25000000 	 0.000 
 2284.29166670 	 0.100 
 2284.33333330 	 0.000 
 2284.50000000 	 0.000 
 2284.54166670 	 0.200 
 2284.58333330 	 0.800 
 2284.62500000 	 0.000 
 2285.20833330 	 0.000 
 2285.25000000 	 0.100 
 2285.29166670 	 0.000 
 2285.75000000 	 0.000 
 2285.79166670 	 0.400 
 2285.83333330 	 0.400 
 2285.87500000 	 0.100 
 2285.95833330 	 0.100 
 2286.00000000 	 0.000 
 2286.04166670 	 0.000 
 2286.08333330 	 0.100 
 2286.12500000 	 0.000 
 2286.62500000 	 0.000 
 2286.66666670 	 0.100 
 2286.70833330 	 0.000 
 2286.91666670 	 0.000 
 2286.95833330 	 0.100 
 2287.00000000 	 0.000 
 2287.62500000 	 0.000 
 2287.66666670 	 0.100 
 2287.70833330 	 0.200 
 2287.75000000 	 0.100 
 2287.79166670 	 0.000 
 2287.83333330 	 0.100 
 2287.87500000 	 0.200 
 2287.91666670 	 0.000 
 2289.37500000 	 0.000 
 2289.41666670 	 0.300 
 2289.45833330 	 0.000 
 2289.62500000 	 0.000 
 2289.66666670 	 0.100 
 2289.70833330 	 0.300 
 2289.75000000 	 1.200 
 2289.79166670 	 0.800 
 2289.83333330 	 0.600 
 2289.87500000 	 0.300 
 2289.91666670 	 0.100 
 2289.95833330 	 0.000 
 2290.29166670 	 0.000 
 2290.33333330 	 0.100 
 2290.37500000 	 0.000 
 2291.70833330 	 0.000 
 2291.75000000 	 0.100 
 2291.79166670 	 0.300 
 2291.83333330 	 0.200 
 2291.87500000 	 0.000 
 2291.91666670 	 0.000 
 2291.95833330 	 0.300 
 2292.00000000 	 0.500 
 2292.04166670 	 0.200 
 2292.08333330 	 0.100 
 2292.16666670 	 0.100 
 2292.20833330 	 0.000 
 2292.37500000 	 0.000 
 2292.41666670 	 0.300 
 2292.45833330 	 0.000 
 2293.95833330 	 0.000 
 2294.00000000 	 0.100 
 2294.04166670 	 0.000 
 2294.25000000 	 0.000 
 2294.29166670 	 0.100 
 2294.33333330 	 0.000 
 2295.12500000 	 0.000 
 2295.16666670 	 0.500 
 2295.20833330 	 1.000 
 2295.25000000 	 0.200 
 2295.29166670 	 0.200 
 2295.33333330 	 0.000 
 2297.08333330 	 0.000 
 2297.12500000 	 0.700 
 2297.16666670 	 1.500 
 2297.20833330 	 0.400 
 2297.25000000 	 0.000 
 2297.29166670 	 0.100 
 2297.33333330 	 0.100 
 2297.37500000 	 1.800 
 2297.41666670 	 1.700 
 2297.45833330 	 0.400 
 2297.50000000 	 0.100 
 2297.54166670 	 0.000 
 2297.58333330 	 0.000 
 2297.62500000 	 0.100 
 2297.66666670 	 0.500 
 2297.70833330 	 0.500 
 2297.75000000 	 0.200 
 2297.79166670 	 0.200 
 2297.83333330 	 0.000 
 2297.91666670 	 0.000 
 2297.95833330 	 0.400 
 2298.00000000 	 0.500 
 2298.04166670 	 0.700 
 2298.08333330 	 0.200 
 2298.12500000 	 0.100 
 2298.16666670 	 0.100 
 2298.20833330 	 1.000 
 2298.25000000 	 1.000 
 2298.29166670 	 0.900 
 2298.33333330 	 0.700 
 2298.37500000 	 0.800 
 2298.41666670 	 1.500 
 2298.45833330 	 3.500 
 2298.50000000 	 2.600 
 2298.54166670 	 1.800 
 2298.58333330 	 1.400 
 2298.62500000 	 0.700 
 2298.66666670 	 0.900 
 2298.70833330 	 0.400 
 2298.75000000 	 0.200 
 2298.79166670 	 0.100 
 2298.83333330 	 0.000 
 2300.25000000 	 0.000 
 2300.29166670 	 0.100 
 2300.33333330 	 0.000 
 2301.37500000 	 0.000 
 2301.41666670 	 0.600 
 2301.45833330 	 1.000 
 2301.50000000 	 0.500 
 2301.54166670 	 0.000 
 2301.58333330 	 0.000 
 2301.62500000 	 0.200 
 2301.66666670 	 0.000 
 2302.00000000 	 0.000 
 2302.04166670 	 0.100 
 2302.08333330 	 0.000 
 2302.54166670 	 0.000 
 2302.58333330 	 2.400 
 2302.62500000 	 1.400 
 2302.66666670 	 1.100 
 2302.70833330 	 0.000 
 2302.87500000 	 0.000 
 2302.91666670 	 0.100 
 2303.08333330 	 0.100 
 2303.12500000 	 0.900 
 2303.16666670 	 0.000 
 2303.20833330 	 0.100 
 2303.25000000 	 0.000 
 2303.58333330 	 0.000 
 2303.62500000 	 0.600 
 2303.66666670 	 0.900 
 2303.70833330 	 0.000 
 2304.04166670 	 0.000 
 2304.08333330 	 0.100 
 2304.12500000 	 0.800 
 2304.16666670 	 1.300 
 2304.20833330 	 2.300 
 2304.25000000 	 1.300 
 2304.29166670 	 1.200 
 2304.33333330 	 1.300 
 2304.37500000 	 0.800 
 2304.41666670 	 0.900 
 2304.45833330 	 0.400 
 2304.50000000 	 0.900 
 2304.54166670 	 1.300 
 2304.58333330 	 2.400 
 2304.62500000 	 2.500 
 2304.66666670 	 3.500 
 2304.70833330 	 2.800 
 2304.75000000 	 2.600 
 2304.79166670 	 2.100 
 2304.83333330 	 1.700 
 2304.87500000 	 1.100 
 2304.91666670 	 1.100 
 2304.95833330 	 1.200 
 2305.00000000 	 0.700 
 2305.04166670 	 1.000 
 2305.08333330 	 0.800 
 2305.12500000 	 1.700 
 2305.16666670 	 1.800 
 2305.20833330 	 0.900 
 2305.25000000 	 0.200 
 2305.29166670 	 0.300 
 2305.33333330 	 0.000 
 2306.00000000 	 0.000 
 2306.04166670 	 0.200 
 2306.08333330 	 0.600 
 2306.12500000 	 0.900 
 2306.16666670 	 1.400 
 2306.20833330 	 2.000 
 2306.25000000 	 1.500 
 2306.29166670 	 1.100 
 2306.33333330 	 0.500 
 2306.37500000 	 0.500 
 2306.41666670 	 0.200 
 2306.45833330 	 0.100 
 2306.50000000 	 0.000 
 2307.37500000 	 0.000 
 2307.41666670 	 0.100 
 2307.45833330 	 0.400 
 2307.50000000 	 0.000 
 2307.66666670 	 0.000 
 2307.70833330 	 0.200 
 2307.75000000 	 0.000 
 2307.79166670 	 0.000 
 2307.83333330 	 0.100 
 2307.87500000 	 0.200 
 2307.91666670 	 0.100 
 2307.95833330 	 0.000 
 2308.00000000 	 0.300 
 2308.04166670 	 0.600 
 2308.08333330 	 1.200 
 2308.12500000 	 0.200 
 2308.16666670 	 0.200 
 2308.20833330 	 1.400 
 2308.25000000 	 0.200 
 2308.29166670 	 0.000 
 2308.50000000 	 0.000 
 2308.54166670 	 0.500 
 2308.58333330 	 0.000 
 2309.25000000 	 0.000 
 2309.29166670 	 0.100 
 2309.33333330 	 0.200 
 2309.37500000 	 0.300 
 2309.41666670 	 0.100 
 2309.45833330 	 0.300 
 2309.50000000 	 0.500 
 2309.54166670 	 0.000 
 2309.58333330 	 0.400 
 2309.62500000 	 0.000 
 2309.66666670 	 0.200 
 2309.70833330 	 0.700 
 2309.75000000 	 0.200 
 2309.79166670 	 0.000 
 2309.83333330 	 0.000 
 2309.87500000 	 0.100 
 2309.95833330 	 0.100 
 2310.00000000 	 0.500 
 2310.04166670 	 0.600 
 2310.08333330 	 0.500 
 2310.12500000 	 0.600 
 2310.16666670 	 0.100 
 2310.25000000 	 0.100 
 2310.29166670 	 0.300 
 2310.33333330 	 0.100 
 2310.37500000 	 0.200 
 2310.41666670 	 0.100 
 2310.45833330 	 0.100 
 2310.50000000 	 0.200 
 2310.54166670 	 0.100 
 2310.58333330 	 0.600 
 2310.62500000 	 0.500 
 2310.66666670 	 0.000 
 2310.70833330 	 0.200 
 2310.75000000 	 0.000 
 2310.79166670 	 0.800 
 2310.83333330 	 0.600 
 2310.87500000 	 1.300 
 2310.91666670 	 0.400 
 2310.95833330 	 0.000 
 2311.00000000 	 0.100 
 2311.04166670 	 0.300 
 2311.08333330 	 0.100 
 2311.12500000 	 0.000 
 2311.33333330 	 0.000 
 2311.37500000 	 0.100 
 2311.41666670 	 0.000 
 2312.16666670 	 0.000 
 2312.20833330 	 0.100 
 2312.25000000 	 0.200 
 2312.29166670 	 0.400 
 2312.33333330 	 2.300 
 2312.37500000 	 1.600 
 2312.41666670 	 2.100 
 2312.45833330 	 2.300 
 2312.50000000 	 1.800 
 2312.54166670 	 0.000 
 2312.62500000 	 0.000 
 2312.66666670 	 0.100 
 2312.70833330 	 0.000 
 2312.87500000 	 0.000 
 2312.91666670 	 0.100 
 2312.95833330 	 0.000 
 2313.20833330 	 0.000 
 2313.25000000 	 0.121 
 2314.20833330 	 0.121 
 2314.25000000 	 0.104 
 2315.20833330 	 0.104 
 2315.25000000 	 0.142 
 2316.20833330 	 0.142 
 2316.25000000 	 0.067 
 2317.20833330 	 0.067 
 2317.25000000 	 0.017 
 2318.20833330 	 0.017 
 2318.25000000 	 0.000 
 2321.20833330 	 0.000 
 2321.25000000 	 0.008 
 2322.20833330 	 0.008 
 2322.25000000 	 0.046 
 2323.20833330 	 0.046 
 2323.25000000 	 0.067 
 2324.20833330 	 0.067 
 2324.25000000 	 0.000 
 2325.20833330 	 0.000 
 2325.25000000 	 0.067 
 2326.20833330 	 0.067 
 2326.25000000 	 0.000 
 2329.20833330 	 0.000 
 2329.25000000 	 0.054 
 2330.20833330 	 0.054 
 2330.25000000 	 0.000 
 2331.20833330 	 0.000 
 2331.25000000 	 0.042 
 2332.20833330 	 0.042 
 2332.25000000 	 0.025 
 2333.20833330 	 0.025 
 2333.25000000 	 0.000 
 2334.20833330 	 0.000 
 2334.25000000 	 0.021 
 2335.20833330 	 0.021 
 2335.25000000 	 0.208 
 2336.20833330 	 0.208 
 2336.25000000 	 0.000 
 2337.20833330 	 0.000 
 2337.25000000 	 0.267 
 2338.20833330 	 0.267 
 2338.25000000 	 0.154 
 2339.20833330 	 0.154 
 2339.25000000 	 0.042 
 2340.20833330 	 0.042 
 2340.25000000 	 0.163 
 2341.20833330 	 0.163 
 2341.25000000 	 0.350 
 2342.20833330 	 0.350 
 2342.25000000 	 0.133 
 2343.20833330 	 0.133 
 2343.25000000 	 0.083 
 2344.20833330 	 0.083 
 2344.25000000 	 0.008 
 2345.20833330 	 0.008 
 2345.25000000 	 0.054 
 2346.20833330 	 0.054 
 2346.25000000 	 0.000 
 2347.20833330 	 0.000 
 2347.25000000 	 0.167 
 2348.20833330 	 0.167 
 2348.25000000 	 0.225 
 2349.20833330 	 0.225 
 2349.25000000 	 0.229 
 2350.20833330 	 0.229 
 2350.25000000 	 0.117 
 2351.20833330 	 0.117 
 2351.25000000 	 0.083 
 2352.20833330 	 0.083 
 2352.25000000 	 0.096 
 2353.20833330 	 0.096 
 2353.25000000 	 0.183 
 2354.20833330 	 0.183 
 2354.25000000 	 0.429 
 2355.20833330 	 0.429 
 2355.25000000 	 0.346 
 2356.20833330 	 0.346 
 2356.25000000 	 0.058 
 2357.20833330 	 0.058 
 2357.25000000 	 0.013 
 2358.20833330 	 0.013 
 2358.25000000 	 0.058 
 2359.20833330 	 0.058 
 2359.25000000 	 0.613 
 2360.20833330 	 0.613 
 2360.25000000 	 0.221 
 2361.20833330 	 0.221 
 2361.25000000 	 0.121 
 2362.20833330 	 0.121 
 2362.25000000 	 0.008 
 2363.20833330 	 0.008 
 2363.25000000 	 0.000 
 2367.20833330 	 0.000 
 2367.25000000 	 0.079 
 2368.20833330 	 0.079 
 2368.25000000 	 0.625 
 2369.20833330 	 0.625 
 2369.25000000 	 0.238 
 2370.20833330 	 0.238 
 2370.25000000 	 0.158 
 2371.20833330 	 0.158 
 2371.25000000 	 0.025 
 2372.20833330 	 0.025 
 2372.25000000 	 0.554 
 2373.20833330 	 0.554 
 2373.25000000 	 0.042 
 2374.20833330 	 0.042 
 2374.25000000 	 0.017 
 2375.20833330 	 0.017 
 2375.25000000 	 0.038 
 2376.20833330 	 0.038 
 2376.25000000 	 0.000 
 2377.20833330 	 0.000 
 2377.25000000 	 0.008 
 2378.20833330 	 0.008 
 2378.25000000 	 0.000 
 2380.20833330 	 0.000 
 2380.25000000 	 0.438 
 2381.20833330 	 0.438 
 2381.25000000 	 0.000 
 2382.20833330 	 0.000 
 2382.25000000 	 0.025 
 2383.20833330 	 0.025 
 2383.25000000 	 0.000 
 2385.20833330 	 0.000 
 2385.25000000 	 0.033 
 2386.20833330 	 0.033 
 2386.25000000 	 0.000 
 2387.20833330 	 0.000 
 2387.25000000 	 0.004 
 2388.20833330 	 0.004 
 2388.25000000 	 0.000 
 2391.20833330 	 0.000 
 2391.25000000 	 0.025 
 2392.20833330 	 0.025 
 2392.25000000 	 0.000 
 2394.20833330 	 0.000 
 2394.25000000 	 0.013 
 2395.20833330 	 0.013 
 2395.25000000 	 0.000 
 2396.20833330 	 0.000 
 2396.25000000 	 0.200 
 2397.20833330 	 0.200 
 2397.25000000 	 0.171 
 2398.20833330 	 0.171 
 2398.25000000 	 0.000 
 2399.20833330 	 0.000 
 2399.25000000 	 0.175 
 2400.20833330 	 0.175 
 2400.25000000 	 0.000 
 2401.20833330 	 0.000 
 2401.25000000 	 0.088 
 2402.20833330 	 0.088 
 2402.25000000 	 0.233 
 2403.20833330 	 0.233 
 2403.25000000 	 0.000 
 2404.20833330 	 0.000 
 2404.25000000 	 0.042 
 2405.20833330 	 0.042 
 2405.25000000 	 0.171 
 2406.20833330 	 0.171 
 2406.25000000 	 0.046 
 2407.20833330 	 0.046 
 2407.25000000 	 0.071 
 2408.20833330 	 0.071 
 2408.25000000 	 0.000 
 2419.20833330 	 0.000 
 2419.25000000 	 0.088 
 2420.20833330 	 0.088 
 2420.25000000 	 0.004 
 2421.20833330 	 0.004 
 2421.25000000 	 0.000 
 2423.20833330 	 0.000 
 2423.25000000 	 0.333 
 2424.20833330 	 0.333 
 2424.25000000 	 0.000 
 2429.20833330 	 0.000 
 2429.25000000 	 0.025 
 2430.20833330 	 0.025 
 2430.25000000 	 0.000 
 2433.20833330 	 0.000 
 2433.25000000 	 0.013 
 2434.20833330 	 0.013 
 2434.25000000 	 0.000 
 2435.20833330 	 0.000 
 2435.25000000 	 0.008 
 2436.20833330 	 0.008 
 2436.25000000 	 0.000 
 2437.20833330 	 0.000 
 2437.25000000 	 0.004 
 2438.20833330 	 0.004 
 2438.25000000 	 0.000 
 2440.20833330 	 0.000 
 2440.25000000 	 0.183 
 2441.20833330 	 0.183 
 2441.25000000 	 0.000 
 2444.20833330 	 0.000 
 2444.25000000 	 0.025 
 2445.20833330 	 0.025 
 2445.25000000 	 0.242 
 2446.20833330 	 0.242 
 2446.25000000 	 0.063 
 2447.20833330 	 0.063 
 2447.25000000 	 0.417 
 2448.20833330 	 0.417 
 2448.25000000 	 0.129 
 2449.20833330 	 0.129 
 2449.25000000 	 0.000 
 2450.20833330 	 0.000 
 2450.25000000 	 0.042 
 2451.20833330 	 0.042 
 2451.25000000 	 0.071 
 2452.20833330 	 0.071 
 2452.25000000 	 1.296 
 2453.20833330 	 1.296 
 2453.25000000 	 0.546 
 2454.20833330 	 0.546 
 2454.25000000 	 0.000 
 2457.20833330 	 0.000 
 2457.25000000 	 0.108 
 2458.20833330 	 0.108 
 2458.25000000 	 0.163 
 2459.20833330 	 0.163 
 2459.25000000 	 0.188 
 2460.20833330 	 0.188 
 2460.25000000 	 0.375 
 2461.20833330 	 0.375 
 2461.25000000 	 0.046 
 2462.20833330 	 0.046 
 2462.25000000 	 0.004 
 2463.20833330 	 0.004 
 2463.25000000 	 0.000 
 2465.20833330 	 0.000 
 2465.25000000 	 0.004 
 2466.20833330 	 0.004 
 2466.25000000 	 0.125 
 2467.20833330 	 0.125 
 2467.25000000 	 0.179 
 2468.20833330 	 0.179 
 2468.25000000 	 0.108 
 2469.20833330 	 0.108 
 2469.25000000 	 0.121 
 2470.20833330 	 0.121 
 2470.25000000 	 0.279 
 2471.20833330 	 0.279 
 2471.25000000 	 0.296 
 2472.20833330 	 0.296 
 2472.25000000 	 0.033 
 2473.20833330 	 0.033 
 2473.25000000 	 0.021 
 2474.20833330 	 0.021 
 2474.25000000 	 0.013 
 2475.20833330 	 0.013 
 2475.25000000 	 0.017 
 2476.20833330 	 0.017 
 2476.25000000 	 0.042 
 2478.20833330 	 0.042 
 2478.25000000 	 0.325 
 2479.20833330 	 0.325 
 2479.25000000 	 0.271 
 2480.20833330 	 0.271 
 2480.25000000 	 0.008 
 2481.20833330 	 0.008 
 2481.25000000 	 0.000 
 2483.20833330 	 0.000 
 2483.25000000 	 0.108 
 2484.20833330 	 0.108 
 2484.25000000 	 0.004 
 2485.20833330 	 0.004 
 2485.25000000 	 0.000 
 2491.20833330 	 0.000 
 2491.25000000 	 0.046 
 2492.20833330 	 0.046 
 2492.25000000 	 0.000 
 2496.75000000 	 0.000 
 2496.79166670 	 1.300 
 2496.83333330 	 0.200 
 2496.87500000 	 0.000 
 2497.00000000 	 0.000 
 2497.04166670 	 0.200 
 2497.08333330 	 0.800 
 2497.12500000 	 0.600 
 2497.16666670 	 0.800 
 2497.20833330 	 1.700 
 2497.25000000 	 1.200 
 2497.29166670 	 1.000 
 2497.33333330 	 0.300 
 2497.37500000 	 0.000 
 2497.58333330 	 0.000 
 2497.62500000 	 0.100 
 2497.66666670 	 0.000 
 2500.04166670 	 0.000 
 2500.08333330 	 0.100 
 2500.12500000 	 0.000 
 2500.20833330 	 0.000 
 2500.25000000 	 0.300 
 2500.29166670 	 0.800 
 2500.33333330 	 0.100 
 2500.37500000 	 0.000 
 2502.62500000 	 0.000 
 2502.66666670 	 3.000 
 2502.70833330 	 6.100 
 2502.75000000 	 1.500 
 2502.79166670 	 0.700 
 2502.83333330 	 0.100 
 2502.87500000 	 0.600 
 2502.91666670 	 0.000 
 2503.04166670 	 0.000 
 2503.08333330 	 0.200 
 2503.12500000 	 0.200 
 2503.16666670 	 0.900 
 2503.20833330 	 0.000 
 2503.25000000 	 2.000 
 2503.29166670 	 3.000 
 2503.33333330 	 4.000 
 2503.37500000 	 2.000 
 2503.41666670 	 2.300 
 2503.45833330 	 0.800 
 2503.50000000 	 0.300 
 2503.54166670 	 0.000 
 2503.83333330 	 0.000 
 2503.87500000 	 1.500 
 2503.91666670 	 0.000 
 2505.41666670 	 0.000 
 2505.45833330 	 0.800 
 2505.50000000 	 0.000 
 2505.54166670 	 0.100 
 2505.58333330 	 0.000 
 2505.91666670 	 0.000 
 2505.95833330 	 0.200 
 2506.00000000 	 4.700 
 2506.04166670 	 1.500 
 2506.08333330 	 2.800 
 2506.12500000 	 4.200 
 2506.16666670 	 3.600 
 2506.20833330 	 2.800 
 2506.25000000 	 0.700 
 2506.29166670 	 0.200 
 2506.33333330 	 0.000 
 2506.50000000 	 0.000 
 2506.54166670 	 0.100 
 2506.58333330 	 0.100 
 2506.62500000 	 0.000 
 2507.16666670 	 0.000 
 2507.20833330 	 0.100 
 2507.25000000 	 0.000 
 2511.70833330 	 0.000 
 2511.75000000 	 0.100 
 2511.79166670 	 0.000 
 2511.87500000 	 0.000 
 2511.91666670 	 1.400 
 2511.95833330 	 1.100 
 2512.00000000 	 0.100 
 2512.04166670 	 0.000 
 2512.87500000 	 0.000 
 2512.91666670 	 1.100 
 2512.95833330 	 1.100 
 2513.00000000 	 0.000 
 2526.70833330 	 0.000 
 2526.75000000 	 0.600 
 2526.79166670 	 0.000 
 2528.12500000 	 0.000 
 2528.16666670 	 0.800 
 2528.20833330 	 0.300 
 2528.25000000 	 0.000 
 2528.41666670 	 0.000 
 2528.45833330 	 0.200 
 2528.50000000 	 0.000 
 2528.54166670 	 0.000 
 2528.58333330 	 0.400 
 2528.62500000 	 0.000 
 2528.70833330 	 0.000 
 2528.75000000 	 1.100 
 2528.79166670 	 0.000 
 2528.83333330 	 2.300 
 2528.87500000 	 0.000 
 2534.66666670 	 0.000 
 2534.70833330 	 9.200 
 2534.75000000 	 0.000 
 2534.79166670 	 0.000 
 2534.83333330 	 3.400 
 2534.87500000 	 0.000 
 2535.29166670 	 0.000 
 2535.33333330 	 0.800 
 2535.37500000 	 1.700 
 2535.41666670 	 5.000 
 2535.45833330 	 2.500 
 2535.50000000 	 0.600 
 2535.54166670 	 0.000 
 2539.83333330 	 0.000 
 2539.87500000 	 0.300 
 2539.91666670 	 0.000 
 2539.95833330 	 0.000 
 2540.00000000 	 0.600 
 2540.04166670 	 0.100 
 2540.08333330 	 1.500 
 2540.12500000 	 0.000 
 2540.54166670 	 0.000 
 2540.58333330 	 0.400 
 2540.62500000 	 0.900 
 2540.66666670 	 0.200 
 2540.70833330 	 0.100 
 2540.75000000 	 0.500 
 2540.79166670 	 0.000 
 2542.79166670 	 0.000 
 2542.83333330 	 0.100 
 2542.87500000 	 0.000 
 2543.00000000 	 0.000 
 2543.04166670 	 0.100 
 2543.08333330 	 0.000 
 2543.29166670 	 0.000 
 2543.33333330 	 0.100 
 2543.37500000 	 0.000 
 2543.50000000 	 0.000 
 2543.54166670 	 0.600 
 2543.58333330 	 0.000 
 2543.62500000 	 0.000 
 2543.66666670 	 0.700 
 2543.70833330 	 0.000 
 2546.12500000 	 0.000 
 2546.16666670 	 1.600 
 2546.20833330 	 0.000 
 2546.45833330 	 0.000 
 2546.50000000 	 0.700 
 2546.54166670 	 0.000 
 2546.62500000 	 0.000 
 2546.66666670 	 2.100 
 2546.70833330 	 4.900 
 2546.75000000 	 0.800 
 2546.79166670 	 0.000 
 2547.58333330 	 0.000 
 2547.62500000 	 0.400 
 2547.66666670 	 2.200 
 2547.70833330 	 0.100 
 2547.75000000 	 0.000 
 2547.79166670 	 2.600 
 2547.83333330 	 0.400 
 2547.87500000 	 0.000 
 2549.41666670 	 0.000 
 2549.45833330 	 0.300 
 2549.50000000 	 0.500 
 2549.54166670 	 0.000 
 2554.79166670 	 0.000 
 2554.83333330 	 0.500 
 2554.87500000 	 0.100 
 2554.91666670 	 0.000 
 2554.95833330 	 2.900 
 2555.00000000 	 3.200 
 2555.04166670 	 0.500 
 2555.08333330 	 0.100 
 2555.12500000 	 0.000 
 2555.20833330 	 0.000 
 2555.25000000 	 0.100 
 2555.29166670 	 0.000 
 2555.66666670 	 0.000 
 2555.70833330 	 0.600 
 2555.75000000 	 0.000 
 2557.16666670 	 0.000 
 2557.20833330 	 0.200 
 2557.25000000 	 0.000 
 2557.29166670 	 0.100 
 2557.33333330 	 0.000 
 2566.54166670 	 0.000 
 2566.58333330 	 0.800 
 2566.62500000 	 0.200 
 2566.66666670 	 0.000 
 2566.87500000 	 0.000 
 2566.91666670 	 0.100 
 2566.95833330 	 0.000 
 2569.91666670 	 0.000 
 2569.95833330 	 2.800 
 2570.00000000 	 0.300 
 2570.04166670 	 0.000 
 2573.62500000 	 0.000 
 2573.66666670 	 13.000 
 2573.70833330 	 2.000 
 2573.75000000 	 0.000 
 2575.54166670 	 0.000 
 2575.58333330 	 6.100 
 2575.62500000 	 4.600 
 2575.66666670 	 0.000 
 2579.08333330 	 0.000 
 2579.12500000 	 0.100 
 2579.16666670 	 0.000 
 2579.33333330 	 0.000 
 2579.37500000 	 0.900 
 2579.41666670 	 0.700 
 2579.45833330 	 0.000 
 2580.54166670 	 0.000 
 2580.58333330 	 4.400 
 2580.62500000 	 0.000 
 2580.70833330 	 0.000 
 2580.75000000 	 0.900 
 2580.79166670 	 0.000 
 2593.79166670 	 0.000 
 2593.83333330 	 0.100 
 2593.87500000 	 0.000 
 2601.54166670 	 0.000 
 2601.58333330 	 1.200 
 2601.62500000 	 0.100 
 2601.66666670 	 0.000 
 2606.20833330 	 0.000 
 2606.25000000 	 0.900 
 2606.29166670 	 0.000 
 2608.45833330 	 0.000 
 2608.50000000 	 1.000 
 2608.54166670 	 0.100 
 2608.58333330 	 0.000 
 2608.75000000 	 0.000 
 2608.79166670 	 0.100 
 2608.83333330 	 0.300 
 2608.87500000 	 0.000 
 2608.91666670 	 0.100 
 2608.95833330 	 1.100 
 2609.00000000 	 0.100 
 2609.04166670 	 1.500 
 2609.08333330 	 1.200 
 2609.12500000 	 0.800 
 2609.16666670 	 2.500 
 2609.20833330 	 0.800 
 2609.25000000 	 0.100 
 2609.29166670 	 0.000 
 2610.50000000 	 0.000 
 2610.54166670 	 1.000 
 2610.58333330 	 3.300 
 2610.62500000 	 1.100 
 2610.66666670 	 0.800 
 2610.70833330 	 0.500 
 2610.75000000 	 0.300 
 2610.79166670 	 0.400 
 2610.83333330 	 0.900 
 2610.87500000 	 0.100 
 2610.91666670 	 0.000 
 2620.45833330 	 0.000 
 2620.50000000 	 10.900 
 2620.54166670 	 0.100 
 2620.58333330 	 0.000 
 2620.75000000 	 0.000 
 2620.79166670 	 13.700 
 2620.83333330 	 2.200 
 2620.87500000 	 0.000 
 2621.37500000 	 0.000 
 2621.41666670 	 0.100 
 2621.45833330 	 0.100 
 2621.50000000 	 0.000 
 2624.62500000 	 0.000 
 2624.66666670 	 0.500 
 2624.70833330 	 0.000 
 2628.54166670 	 0.000 
 2628.58333330 	 4.100 
 2628.62500000 	 0.000 
 2628.79166670 	 0.000 
 2628.83333330 	 0.400 
 2628.87500000 	 0.100 
 2628.91666670 	 0.500 
 2628.95833330 	 1.000 
 2629.00000000 	 0.400 
 2629.04166670 	 0.000 
 2629.66666670 	 0.000 
 2629.70833330 	 0.500 
 2629.75000000 	 5.500 
 2629.79166670 	 0.500 
 2629.83333330 	 0.100 
 2629.87500000 	 0.000 
 2630.50000000 	 0.000 
 2630.54166670 	 0.200 
 2630.58333330 	 0.000 
 2630.95833330 	 0.000 
 2631.00000000 	 0.300 
 2631.04166670 	 2.300 
 2631.08333330 	 2.500 
 2631.12500000 	 0.600 
 2631.16666670 	 0.600 
 2631.20833330 	 0.000 
 2636.04166670 	 0.000 
 2636.08333330 	 0.600 
 2636.12500000 	 0.000 
 2636.25000000 	 0.000 
 2636.29166670 	 5.600 
 2636.33333330 	 0.700 
 2636.37500000 	 0.000 
 2643.33333330 	 0.000 
 2643.37500000 	 0.300 
 2643.41666670 	 3.300 
 2643.45833330 	 1.600 
 2643.50000000 	 0.000 
 2643.70833330 	 0.000 
 2643.75000000 	 0.200 
 2643.79166670 	 0.000 
 2644.37500000 	 0.000 
 2644.41666670 	 0.500 
 2644.45833330 	 0.300 
 2644.50000000 	 0.100 
 2644.54166670 	 0.000 
 2646.00000000 	 0.000 
 2646.04166670 	 0.800 
 2646.08333330 	 0.500 
 2646.12500000 	 1.000 
 2646.16666670 	 0.400 
 2646.20833330 	 0.100 
 2646.25000000 	 0.000 
 2648.16666670 	 0.000 
 2648.20833330 	 0.400 
 2648.25000000 	 0.200 
 2648.29166670 	 0.000 
 2649.25000000 	 0.000 
 2649.29166670 	 0.400 
 2649.33333330 	 0.000 
 2650.12500000 	 0.000 
 2650.16666670 	 1.000 
 2650.20833330 	 1.100 
 2650.25000000 	 0.000 
 2650.29166670 	 0.200 
 2650.33333330 	 0.300 
 2650.37500000 	 0.000 
 2650.41666670 	 1.700 
 2650.45833330 	 0.100 
 2650.50000000 	 0.000 
 2650.70833330 	 0.000 
 2650.75000000 	 0.200 
 2650.79166670 	 0.000 
 2650.83333330 	 0.100 
 2650.87500000 	 0.000 
 2652.08333330 	 0.000 
 2652.12500000 	 0.500 
 2652.16666670 	 0.400 
 2652.20833330 	 0.200 
 2652.25000000 	 0.100 
 2652.29166670 	 0.100 
 2652.33333330 	 0.200 
 2652.37500000 	 0.100 
 2652.41666670 	 0.000 
 2652.50000000 	 0.000 
 2652.54166670 	 0.300 
 2652.58333330 	 0.500 
 2652.62500000 	 0.200 
 2652.66666670 	 0.100 
 2652.70833330 	 0.000 
 2656.29166670 	 0.000 
 2656.33333330 	 0.100 
 2656.37500000 	 0.300 
 2656.41666670 	 0.000 
 2656.45833330 	 0.000 
 2656.50000000 	 0.300 
 2656.54166670 	 0.800 
 2656.58333330 	 0.200 
 2656.62500000 	 0.000 
 2656.66666670 	 0.000 
 2656.70833330 	 0.100 
 2656.75000000 	 0.500 
 2656.79166670 	 0.500 
 2656.83333330 	 0.400 
 2656.87500000 	 0.000 
 2657.29166670 	 0.000 
 2657.33333330 	 0.100 
 2657.37500000 	 0.600 
 2657.41666670 	 0.000 
 2657.50000000 	 0.000 
 2657.54166670 	 0.100 
 2657.58333330 	 0.000 
 2657.62500000 	 1.100 
 2657.66666670 	 0.300 
 2657.70833330 	 0.000 
 2658.25000000 	 0.000 
 2658.29166670 	 0.200 
 2658.33333330 	 0.300 
 2658.37500000 	 0.300 
 2658.41666670 	 0.000 
 2659.29166670 	 0.000 
 2659.33333330 	 0.900 
 2659.37500000 	 0.100 
 2659.41666670 	 0.000 
 2661.08333330 	 0.000 
 2661.12500000 	 0.500 
 2661.16666670 	 2.400 
 2661.20833330 	 4.400 
 2661.25000000 	 4.800 
 2661.29166670 	 2.200 
 2661.33333330 	 1.100 
 2661.37500000 	 0.100 
 2661.41666670 	 0.000 
 2664.70833330 	 0.000 
 2664.75000000 	 0.400 
 2664.79166670 	 1.000 
 2664.83333330 	 1.300 
 2664.87500000 	 2.000 
 2664.91666670 	 0.900 
 2664.95833330 	 0.600 
 2665.00000000 	 0.400 
 2665.04166670 	 0.100 
 2665.08333330 	 0.000 
 2665.79166670 	 0.000 
 2665.83333330 	 0.100 
 2665.87500000 	 0.900 
 2665.91666670 	 0.900 
 2665.95833330 	 1.300 
 2666.00000000 	 0.800 
 2666.04166670 	 1.200 
 2666.08333330 	 1.000 
 2666.12500000 	 1.500 
 2666.16666670 	 2.700 
 2666.20833330 	 1.600 
 2666.25000000 	 2.700 
 2666.29166670 	 2.100 
 2666.33333330 	 1.500 
 2666.37500000 	 0.600 
 2666.41666670 	 0.600 
 2666.45833330 	 1.500 
 2666.50000000 	 1.000 
 2666.54166670 	 2.200 
 2666.58333330 	 1.500 
 2666.62500000 	 1.300 
 2666.66666670 	 1.200 
 2666.70833330 	 1.600 
 2666.75000000 	 2.000 
 2666.79166670 	 2.400 
 2666.83333330 	 1.300 
 2666.87500000 	 1.400 
 2666.91666670 	 1.100 
 2666.95833330 	 0.600 
 2667.00000000 	 0.400 
 2667.04166670 	 0.300 
 2667.08333330 	 0.700 
 2667.12500000 	 0.400 
 2667.16666670 	 0.200 
 2667.20833330 	 0.000 
 2667.62500000 	 0.000 
 2667.66666670 	 0.400 
 2667.70833330 	 0.100 
 2667.75000000 	 0.100 
 2667.79166670 	 0.300 
 2667.83333330 	 0.300 
 2667.87500000 	 0.200 
 2667.91666670 	 0.300 
 2667.95833330 	 0.200 
 2668.00000000 	 0.200 
 2668.04166670 	 0.100 
 2668.08333330 	 0.100 
 2668.12500000 	 0.000 
 2668.16666670 	 0.100 
 2668.20833330 	 0.100 
 2668.25000000 	 0.200 
 2668.29166670 	 0.000 
 2669.45833330 	 0.000 
 2669.50000000 	 0.200 
 2669.54166670 	 0.100 
 2669.66666670 	 0.100 
 2669.70833330 	 0.000 
 2669.75000000 	 0.100 
 2669.79166670 	 0.000 
 2678.95833330 	 0.000 
