01.01.1975 00:00:00.00      86400.  
#  Startzeit              [d] -> [s]  
1.00  1
1.25  0
1.50  0
1.75  0
2.00  1
2.25  0
2.50  0
2.75  0
3.00  1
3.25  0
3.50  0
3.75  0
4.00  1
4.25  0
4.50  0
4.75  0
5.00  1
5.25  0
5.50  0
5.75  0
6.00  1
6.25  0
6.50  0
6.75  0
7.00  1
7.25  0
7.50  0
7.75  0
8.00  1
8.25  0
8.50  0
8.75  0
9.00  1
9.25  0
9.50  0
9.75  0
10.00  1
10.25  0
10.50  0
10.75  0
11.00  1
11.25  0
11.50  0
11.75  0
12.00  1
12.25  0
12.50  0
12.75  0
13.00  1
13.25  0
13.50  0
13.75  0
14.00  1
14.25  0
14.50  0
14.75  0
15.00  1
15.25  0
15.50  0
15.75  0
16.00  1
16.25  0
16.50  0
16.75  0
17.00  1
17.25  0
17.50  0
17.75  0
18.00  1
18.25  0
18.50  0
18.75  0
19.00  1
19.25  0
19.50  0
19.75  0
20.00  1
20.25  0
20.50  0
20.75  0
21.00  1
21.25  0
21.50  0
21.75  0
22.00  1
22.25  0
22.50  0
22.75  0
23.00  1
23.25  0
23.50  0
23.75  0
24.00  1
24.25  0
24.50  0
24.75  0
25.00  1
25.25  0
25.50  0
25.75  0
26.00  1
26.25  0
26.50  0
26.75  0
27.00  1
27.25  0
27.50  0
27.75  0
28.00  1
28.25  0
28.50  0
28.75  0
29.00  1
29.25  0
29.50  0
29.75  0
30.00  1
30.25  0
30.50  0
30.75  0
31.00  1
31.25  0
31.50  0
31.75  0
32.00  1
32.25  0
32.50  0
32.75  0
33.00  1
33.25  0
33.50  0
33.75  0
34.00  1
34.25  0
34.50  0
34.75  0
35.00  1
35.25  0
35.50  0
35.75  0
36.00  1
36.25  0
36.50  0
36.75  0
37.00  1
37.25  0
37.50  0
37.75  0
38.00  1
38.25  0
38.50  0
38.75  0
39.00  1
39.25  0
39.50  0
39.75  0
40.00  1
40.25  0
40.50  0
40.75  0
41.00  1
41.25  0
41.50  0
41.75  0
42.00  1
42.25  0
42.50  0
42.75  0
43.00  1
43.25  0
43.50  0
43.75  0
44.00  1
44.25  0
44.50  0
44.75  0
45.00  1
45.25  0
45.50  0
45.75  0
46.00  1
46.25  0
46.50  0
46.75  0
47.00  1
47.25  0
47.50  0
47.75  0
48.00  1
48.25  0
48.50  0
48.75  0
49.00  1
49.25  0
49.50  0
49.75  0
50.00  1
50.25  0
50.50  0
50.75  0
51.00  1
51.25  0
51.50  0
51.75  0
52.00  1
52.25  0
52.50  0
52.75  0
53.00  1
53.25  0
53.50  0
53.75  0
54.00  1
54.25  0
54.50  0
54.75  0
55.00  1
55.25  0
55.50  0
55.75  0
56.00  1
56.25  0
56.50  0
56.75  0
57.00  1
57.25  0
57.50  0
57.75  0
58.00  1
58.25  0
58.50  0
58.75  0
59.00  1
59.25  0
59.50  0
59.75  0
60.00  1
60.25  0
60.50  0
60.75  0
61.00  1
61.25  0
61.50  0
61.75  0
62.00  1
62.25  0
62.50  0
62.75  0
63.00  1
63.25  0
63.50  0
63.75  0
64.00  1
64.25  0
64.50  0
64.75  0
65.00  1
65.25  0
65.50  0
65.75  0
66.00  1
66.25  0
66.50  0
66.75  0
67.00  1
67.25  0
67.50  0
67.75  0
68.00  1
68.25  0
68.50  0
68.75  0
69.00  1
69.25  0
69.50  0
69.75  0
70.00  1
70.25  0
70.50  0
70.75  0
71.00  1
71.25  0
71.50  0
71.75  0
72.00  1
72.25  0
72.50  0
72.75  0
73.00  1
73.25  0
73.50  0
73.75  0
74.00  1
74.25  0
74.50  0
74.75  0
75.00  1
75.25  0
75.50  0
75.75  0
76.00  1
76.25  0
76.50  0
76.75  0
77.00  1
77.25  0
77.50  0
77.75  0
78.00  1
78.25  0
78.50  0
78.75  0
79.00  1
79.25  0
79.50  0
79.75  0
80.00  1
80.25  0
80.50  0
80.75  0
81.00  1
81.25  0
81.50  0
81.75  0
82.00  1
82.25  0
82.50  0
82.75  0
83.00  1
83.25  0
83.50  0
83.75  0
84.00  1
84.25  0
84.50  0
84.75  0
85.00  1
85.25  0
85.50  0
85.75  0
86.00  1
86.25  0
86.50  0
86.75  0
87.00  1
87.25  0
87.50  0
87.75  0
88.00  1
88.25  0
88.50  0
88.75  0
89.00  1
89.25  0
89.50  0
89.75  0
90.00  1
90.25  0
90.50  0
90.75  0
91.00  1
91.25  0
91.50  0
91.75  0
92.00  1
92.25  0
92.50  0
92.75  0
93.00  1
93.25  0
93.50  0
93.75  0
94.00  1
94.25  0
94.50  0
94.75  0
95.00  1
95.25  0
95.50  0
95.75  0
96.00  1
96.25  0
96.50  0
96.75  0
97.00  1
97.25  0
97.50  0
97.75  0
98.00  1
98.25  0
98.50  0
98.75  0
99.00  1
99.25  0
99.50  0
99.75  0
100.00  1
100.25  0
100.50  0
100.75  0
101.00  1
101.25  0
101.50  0
101.75  0
102.00  1
102.25  0
102.50  0
102.75  0
103.00  1
103.25  0
103.50  0
103.75  0
104.00  1
104.25  0
104.50  0
104.75  0
105.00  1
105.25  0
105.50  0
105.75  0
106.00  1
106.25  0
106.50  0
106.75  0
107.00  1
107.25  0
107.50  0
107.75  0
108.00  1
108.25  0
108.50  0
108.75  0
109.00  1
109.25  0
109.50  0
109.75  0
110.00  1
110.25  0
110.50  0
110.75  0
111.00  1
111.25  0
111.50  0
111.75  0
112.00  1
112.25  0
112.50  0
112.75  0
113.00  1
113.25  0
113.50  0
113.75  0
114.00  1
114.25  0
114.50  0
114.75  0
115.00  1
115.25  0
115.50  0
115.75  0
116.00  1
116.25  0
116.50  0
116.75  0
117.00  1
117.25  0
117.50  0
117.75  0
118.00  1
118.25  0
118.50  0
118.75  0
119.00  1
119.25  0
119.50  0
119.75  0
120.00  1
120.25  0
120.50  0
120.75  0
121.00  1
121.25  0
121.50  0
121.75  0
122.00  1
122.25  0
122.50  0
122.75  0
123.00  1
123.25  0
123.50  0
123.75  0
124.00  1
124.25  0
124.50  0
124.75  0
125.00  1
125.25  0
125.50  0
125.75  0
126.00  1
126.25  0
126.50  0
126.75  0
127.00  1
127.25  0
127.50  0
127.75  0
128.00  1
128.25  0
128.50  0
128.75  0
129.00  1
129.25  0
129.50  0
129.75  0
130.00  1
130.25  0
130.50  0
130.75  0
131.00  1
131.25  0
131.50  0
131.75  0
132.00  1
132.25  0
132.50  0
132.75  0
133.00  1
133.25  0
133.50  0
133.75  0
134.00  1
134.25  0
134.50  0
134.75  0
135.00  1
135.25  0
135.50  0
135.75  0
136.00  1
136.25  0
136.50  0
136.75  0
137.00  1
137.25  0
137.50  0
137.75  0
138.00  1
138.25  0
138.50  0
138.75  0
139.00  1
139.25  0
139.50  0
139.75  0
140.00  1
140.25  0
140.50  0
140.75  0
141.00  1
141.25  0
141.50  0
141.75  0
142.00  1
142.25  0
142.50  0
142.75  0
143.00  1
143.25  0
143.50  0
143.75  0
144.00  1
144.25  0
144.50  0
144.75  0
145.00  1
145.25  0
145.50  0
145.75  0
146.00  1
146.25  0
146.50  0
146.75  0
147.00  1
147.25  0
147.50  0
147.75  0
148.00  1
148.25  0
148.50  0
148.75  0
149.00  1
149.25  0
149.50  0
149.75  0
150.00  1
150.25  0
150.50  0
150.75  0
151.00  1
151.25  0
151.50  0
151.75  0
152.00  1
152.25  0
152.50  0
152.75  0
153.00  1
153.25  0
153.50  0
153.75  0
154.00  1
154.25  0
154.50  0
154.75  0
155.00  1
155.25  0
155.50  0
155.75  0
156.00  1
156.25  0
156.50  0
156.75  0
157.00  1
157.25  0
157.50  0
157.75  0
158.00  1
158.25  0
158.50  0
158.75  0
159.00  1
159.25  0
159.50  0
159.75  0
160.00  1
160.25  0
160.50  0
160.75  0
161.00  1
161.25  0
161.50  0
161.75  0
162.00  1
162.25  0
162.50  0
162.75  0
163.00  1
163.25  0
163.50  0
163.75  0
164.00  1
164.25  0
164.50  0
164.75  0
165.00  1
165.25  0
165.50  0
165.75  0
166.00  1
166.25  0
166.50  0
166.75  0
167.00  1
167.25  0
167.50  0
167.75  0
168.00  1
168.25  0
168.50  0
168.75  0
169.00  1
169.25  0
169.50  0
169.75  0
170.00  1
170.25  0
170.50  0
170.75  0
171.00  1
171.25  0
171.50  0
171.75  0
172.00  1
172.25  0
172.50  0
172.75  0
173.00  1
173.25  0
173.50  0
173.75  0
174.00  1
174.25  0
174.50  0
174.75  0
175.00  1
175.25  0
175.50  0
175.75  0
176.00  1
176.25  0
176.50  0
176.75  0
177.00  1
177.25  0
177.50  0
177.75  0
178.00  1
178.25  0
178.50  0
178.75  0
179.00  1
179.25  0
179.50  0
179.75  0
180.00  1
180.25  0
180.50  0
180.75  0
181.00  1
181.25  0
181.50  0
181.75  0
182.00  1
182.25  0
182.50  0
182.75  0
183.00  1
183.25  0
183.50  0
183.75  0
184.00  1
184.25  0
184.50  0
184.75  0
185.00  1
185.25  0
185.50  0
185.75  0
186.00  1
186.25  0
186.50  0
186.75  0
187.00  1
187.25  0
187.50  0
187.75  0
188.00  1
188.25  0
188.50  0
188.75  0
189.00  1
189.25  0
189.50  0
189.75  0
190.00  1
190.25  0
190.50  0
190.75  0
191.00  1
191.25  0
191.50  0
191.75  0
192.00  1
192.25  0
192.50  0
192.75  0
193.00  1
193.25  0
193.50  0
193.75  0
194.00  1
194.25  0
194.50  0
194.75  0
195.00  1
195.25  0
195.50  0
195.75  0
196.00  1
196.25  0
196.50  0
196.75  0
197.00  1
197.25  0
197.50  0
197.75  0
198.00  1
198.25  0
198.50  0
198.75  0
199.00  1
199.25  0
199.50  0
199.75  0
200.00  1
200.25  0
200.50  0
200.75  0
201.00  1
201.25  0
201.50  0
201.75  0
202.00  1
202.25  0
202.50  0
202.75  0
203.00  1
203.25  0
203.50  0
203.75  0
204.00  1
204.25  0
204.50  0
204.75  0
205.00  1
205.25  0
205.50  0
205.75  0
206.00  1
206.25  0
206.50  0
206.75  0
207.00  1
207.25  0
207.50  0
207.75  0
208.00  1
208.25  0
208.50  0
208.75  0
209.00  1
209.25  0
209.50  0
209.75  0
210.00  1
210.25  0
210.50  0
210.75  0
211.00  1
211.25  0
211.50  0
211.75  0
212.00  1
212.25  0
212.50  0
212.75  0
213.00  1
213.25  0
213.50  0
213.75  0
214.00  1
214.25  0
214.50  0
214.75  0
215.00  1
215.25  0
215.50  0
215.75  0
216.00  1
216.25  0
216.50  0
216.75  0
217.00  1
217.25  0
217.50  0
217.75  0
218.00  1
218.25  0
218.50  0
218.75  0
219.00  1
219.25  0
219.50  0
219.75  0
220.00  1
220.25  0
220.50  0
220.75  0
221.00  1
221.25  0
221.50  0
221.75  0
222.00  1
222.25  0
222.50  0
222.75  0
223.00  1
223.25  0
223.50  0
223.75  0
224.00  1
224.25  0
224.50  0
224.75  0
225.00  1
225.25  0
225.50  0
225.75  0
226.00  1
226.25  0
226.50  0
226.75  0
227.00  1
227.25  0
227.50  0
227.75  0
228.00  1
228.25  0
228.50  0
228.75  0
229.00  1
229.25  0
229.50  0
229.75  0
230.00  1
230.25  0
230.50  0
230.75  0
231.00  1
231.25  0
231.50  0
231.75  0
232.00  1
232.25  0
232.50  0
232.75  0
233.00  1
233.25  0
233.50  0
233.75  0
234.00  1
234.25  0
234.50  0
234.75  0
235.00  1
235.25  0
235.50  0
235.75  0
236.00  1
236.25  0
236.50  0
236.75  0
237.00  1
237.25  0
237.50  0
237.75  0
238.00  1
238.25  0
238.50  0
238.75  0
239.00  1
239.25  0
239.50  0
239.75  0
240.00  1
240.25  0
240.50  0
240.75  0
241.00  1
241.25  0
241.50  0
241.75  0
242.00  1
242.25  0
242.50  0
242.75  0
243.00  1
243.25  0
243.50  0
243.75  0
244.00  1
244.25  0
244.50  0
244.75  0
245.00  1
245.25  0
245.50  0
245.75  0
246.00  1
246.25  0
246.50  0
246.75  0
247.00  1
247.25  0
247.50  0
247.75  0
248.00  1
248.25  0
248.50  0
248.75  0
249.00  1
249.25  0
249.50  0
249.75  0
250.00  1
250.25  0
250.50  0
250.75  0
251.00  1
251.25  0
251.50  0
251.75  0
252.00  1
252.25  0
252.50  0
252.75  0
253.00  1
253.25  0
253.50  0
253.75  0
254.00  1
254.25  0
254.50  0
254.75  0
255.00  1
255.25  0
255.50  0
255.75  0
256.00  1
256.25  0
256.50  0
256.75  0
257.00  1
257.25  0
257.50  0
257.75  0
258.00  1
258.25  0
258.50  0
258.75  0
259.00  1
259.25  0
259.50  0
259.75  0
260.00  1
260.25  0
260.50  0
260.75  0
261.00  1
261.25  0
261.50  0
261.75  0
262.00  1
262.25  0
262.50  0
262.75  0
263.00  1
263.25  0
263.50  0
263.75  0
264.00  1
264.25  0
264.50  0
264.75  0
265.00  1
265.25  0
265.50  0
265.75  0
266.00  1
266.25  0
266.50  0
266.75  0
267.00  1
267.25  0
267.50  0
267.75  0
268.00  1
268.25  0
268.50  0
268.75  0
269.00  1
269.25  0
269.50  0
269.75  0
270.00  1
270.25  0
270.50  0
270.75  0
271.00  1
271.25  0
271.50  0
271.75  0
272.00  1
272.25  0
272.50  0
272.75  0
273.00  1
273.25  0
273.50  0
273.75  0
274.00  1
274.25  0
274.50  0
274.75  0
275.00  1
275.25  0
275.50  0
275.75  0
276.00  1
276.25  0
276.50  0
276.75  0
277.00  1
277.25  0
277.50  0
277.75  0
278.00  1
278.25  0
278.50  0
278.75  0
279.00  1
279.25  0
279.50  0
279.75  0
280.00  1
280.25  0
280.50  0
280.75  0
281.00  1
281.25  0
281.50  0
281.75  0
282.00  1
282.25  0
282.50  0
282.75  0
283.00  1
283.25  0
283.50  0
283.75  0
284.00  1
284.25  0
284.50  0
284.75  0
285.00  1
285.25  0
285.50  0
285.75  0
286.00  1
286.25  0
286.50  0
286.75  0
287.00  1
287.25  0
287.50  0
287.75  0
288.00  1
288.25  0
288.50  0
288.75  0
289.00  1
289.25  0
289.50  0
289.75  0
290.00  1
290.25  0
290.50  0
290.75  0
291.00  1
291.25  0
291.50  0
291.75  0
292.00  1
292.25  0
292.50  0
292.75  0
293.00  1
293.25  0
293.50  0
293.75  0
294.00  1
294.25  0
294.50  0
294.75  0
295.00  1
295.25  0
295.50  0
295.75  0
296.00  1
296.25  0
296.50  0
296.75  0
297.00  1
297.25  0
297.50  0
297.75  0
298.00  1
298.25  0
298.50  0
298.75  0
299.00  1
299.25  0
299.50  0
299.75  0
300.00  1
300.25  0
300.50  0
300.75  0
301.00  1
301.25  0
301.50  0
301.75  0
302.00  1
302.25  0
302.50  0
302.75  0
303.00  1
303.25  0
303.50  0
303.75  0
304.00  1
304.25  0
304.50  0
304.75  0
305.00  1
305.25  0
305.50  0
305.75  0
306.00  1
306.25  0
306.50  0
306.75  0
307.00  1
307.25  0
307.50  0
307.75  0
308.00  1
308.25  0
308.50  0
308.75  0
309.00  1
309.25  0
309.50  0
309.75  0
310.00  1
310.25  0
310.50  0
310.75  0
311.00  1
311.25  0
311.50  0
311.75  0
312.00  1
312.25  0
312.50  0
312.75  0
313.00  1
313.25  0
313.50  0
313.75  0
314.00  1
314.25  0
314.50  0
314.75  0
315.00  1
315.25  0
315.50  0
315.75  0
316.00  1
316.25  0
316.50  0
316.75  0
317.00  1
317.25  0
317.50  0
317.75  0
318.00  1
318.25  0
318.50  0
318.75  0
319.00  1
319.25  0
319.50  0
319.75  0
320.00  1
320.25  0
320.50  0
320.75  0
321.00  1
321.25  0
321.50  0
321.75  0
322.00  1
322.25  0
322.50  0
322.75  0
323.00  1
323.25  0
323.50  0
323.75  0
324.00  1
324.25  0
324.50  0
324.75  0
325.00  1
325.25  0
325.50  0
325.75  0
326.00  1
326.25  0
326.50  0
326.75  0
327.00  1
327.25  0
327.50  0
327.75  0
328.00  1
328.25  0
328.50  0
328.75  0
329.00  1
329.25  0
329.50  0
329.75  0
330.00  1
330.25  0
330.50  0
330.75  0
331.00  1
331.25  0
331.50  0
331.75  0
332.00  1
332.25  0
332.50  0
332.75  0
333.00  1
333.25  0
333.50  0
333.75  0
334.00  1
334.25  0
334.50  0
334.75  0
335.00  1
335.25  0
335.50  0
335.75  0
336.00  1
336.25  0
336.50  0
336.75  0
337.00  1
337.25  0
337.50  0
337.75  0
338.00  1
338.25  0
338.50  0
338.75  0
339.00  1
339.25  0
339.50  0
339.75  0
340.00  1
340.25  0
340.50  0
340.75  0
341.00  1
341.25  0
341.50  0
341.75  0
342.00  1
342.25  0
342.50  0
342.75  0
343.00  1
343.25  0
343.50  0
343.75  0
344.00  1
344.25  0
344.50  0
344.75  0
345.00  1
345.25  0
345.50  0
345.75  0
346.00  1
346.25  0
346.50  0
346.75  0
347.00  1
347.25  0
347.50  0
347.75  0
348.00  1
348.25  0
348.50  0
348.75  0
349.00  1
349.25  0
349.50  0
349.75  0
350.00  1
350.25  0
350.50  0
350.75  0
351.00  1
351.25  0
351.50  0
351.75  0
352.00  1
352.25  0
352.50  0
352.75  0
353.00  1
353.25  0
353.50  0
353.75  0
354.00  1
354.25  0
354.50  0
354.75  0
355.00  1
355.25  0
355.50  0
355.75  0
356.00  1
356.25  0
356.50  0
356.75  0
357.00  1
357.25  0
357.50  0
357.75  0
358.00  1
358.25  0
358.50  0
358.75  0
359.00  1
359.25  0
359.50  0
359.75  0
360.00  1
360.25  0
360.50  0
360.75  0
361.00  1
361.25  0
361.50  0
361.75  0
362.00  1
362.25  0
362.50  0
362.75  0
363.00  1
363.25  0
363.50  0
363.75  0
364.00  1
364.25  0
364.50  0
364.75  0
365.00  1
365.25  0
365.50  0
365.75  0
366.00  1
366.25  0
366.50  0
366.75  0
367.00  1
367.25  0
367.50  0
367.75  0
368.00  1
368.25  0
368.50  0
368.75  0
369.00  1
369.25  0
369.50  0
369.75  0
370.00  1
370.25  0
370.50  0
370.75  0
371.00  1
371.25  0
371.50  0
371.75  0
372.00  1
372.25  0
372.50  0
372.75  0
373.00  1
373.25  0
373.50  0
373.75  0
374.00  1
374.25  0
374.50  0
374.75  0
375.00  1
375.25  0
375.50  0
375.75  0
376.00  1
376.25  0
376.50  0
376.75  0
377.00  1
377.25  0
377.50  0
377.75  0
378.00  1
378.25  0
378.50  0
378.75  0
379.00  1
379.25  0
379.50  0
379.75  0
380.00  1
380.25  0
380.50  0
380.75  0
381.00  1
381.25  0
381.50  0
381.75  0
382.00  1
382.25  0
382.50  0
382.75  0
383.00  1
383.25  0
383.50  0
383.75  0
384.00  1
384.25  0
384.50  0
384.75  0
385.00  1
385.25  0
385.50  0
385.75  0
386.00  1
386.25  0
386.50  0
386.75  0
387.00  1
387.25  0
387.50  0
387.75  0
388.00  1
388.25  0
388.50  0
388.75  0
389.00  1
389.25  0
389.50  0
389.75  0
390.00  1
390.25  0
390.50  0
390.75  0
391.00  1
391.25  0
391.50  0
391.75  0
392.00  1
392.25  0
392.50  0
392.75  0
393.00  1
393.25  0
393.50  0
393.75  0
394.00  1
394.25  0
394.50  0
394.75  0
395.00  1
395.25  0
395.50  0
395.75  0
396.00  1
396.25  0
396.50  0
396.75  0
397.00  1
397.25  0
397.50  0
397.75  0
398.00  1
398.25  0
398.50  0
398.75  0
399.00  1
399.25  0
399.50  0
399.75  0
400.00  1
400.25  0
400.50  0
400.75  0
401.00  1
401.25  0
401.50  0
401.75  0
402.00  1
402.25  0
402.50  0
402.75  0
403.00  1
403.25  0
403.50  0
403.75  0
404.00  1
404.25  0
404.50  0
404.75  0
405.00  1
405.25  0
405.50  0
405.75  0
406.00  1
406.25  0
406.50  0
406.75  0
407.00  1
407.25  0
407.50  0
407.75  0
408.00  1
408.25  0
408.50  0
408.75  0
409.00  1
409.25  0
409.50  0
409.75  0
410.00  1
410.25  0
410.50  0
410.75  0
411.00  1
411.25  0
411.50  0
411.75  0
412.00  1
412.25  0
412.50  0
412.75  0
413.00  1
413.25  0
413.50  0
413.75  0
414.00  1
414.25  0
414.50  0
414.75  0
415.00  1
415.25  0
415.50  0
415.75  0
416.00  1
416.25  0
416.50  0
416.75  0
417.00  1
417.25  0
417.50  0
417.75  0
418.00  1
418.25  0
418.50  0
418.75  0
419.00  1
419.25  0
419.50  0
419.75  0
420.00  1
420.25  0
420.50  0
420.75  0
421.00  1
421.25  0
421.50  0
421.75  0
422.00  1
422.25  0
422.50  0
422.75  0
423.00  1
423.25  0
423.50  0
423.75  0
424.00  1
424.25  0
424.50  0
424.75  0
425.00  1
425.25  0
425.50  0
425.75  0
426.00  1
426.25  0
426.50  0
426.75  0
427.00  1
427.25  0
427.50  0
427.75  0
428.00  1
428.25  0
428.50  0
428.75  0
429.00  1
429.25  0
429.50  0
429.75  0
430.00  1
430.25  0
430.50  0
430.75  0
431.00  1
431.25  0
431.50  0
431.75  0
432.00  1
432.25  0
432.50  0
432.75  0
433.00  1
433.25  0
433.50  0
433.75  0
434.00  1
434.25  0
434.50  0
434.75  0
435.00  1
435.25  0
435.50  0
435.75  0
436.00  1
436.25  0
436.50  0
436.75  0
437.00  1
437.25  0
437.50  0
437.75  0
438.00  1
438.25  0
438.50  0
438.75  0
439.00  1
439.25  0
439.50  0
439.75  0
440.00  1
440.25  0
440.50  0
440.75  0
441.00  1
441.25  0
441.50  0
441.75  0
442.00  1
442.25  0
442.50  0
442.75  0
443.00  1
443.25  0
443.50  0
443.75  0
444.00  1
444.25  0
444.50  0
444.75  0
445.00  1
445.25  0
445.50  0
445.75  0
446.00  1
446.25  0
446.50  0
446.75  0
447.00  1
447.25  0
447.50  0
447.75  0
448.00  1
448.25  0
448.50  0
448.75  0
449.00  1
449.25  0
449.50  0
449.75  0
450.00  1
450.25  0
450.50  0
450.75  0
451.00  1
451.25  0
451.50  0
451.75  0
452.00  1
452.25  0
452.50  0
452.75  0
453.00  1
453.25  0
453.50  0
453.75  0
454.00  1
454.25  0
454.50  0
454.75  0
455.00  1
455.25  0
455.50  0
455.75  0
456.00  1
456.25  0
456.50  0
456.75  0
457.00  1
457.25  0
457.50  0
457.75  0
458.00  1
458.25  0
458.50  0
458.75  0
459.00  1
459.25  0
459.50  0
459.75  0
460.00  1
460.25  0
460.50  0
460.75  0
461.00  1
461.25  0
461.50  0
461.75  0
462.00  1
462.25  0
462.50  0
462.75  0
463.00  1
463.25  0
463.50  0
463.75  0
464.00  1
464.25  0
464.50  0
464.75  0
465.00  1
465.25  0
465.50  0
465.75  0
466.00  1
466.25  0
466.50  0
466.75  0
467.00  1
467.25  0
467.50  0
467.75  0
468.00  1
468.25  0
468.50  0
468.75  0
469.00  1
469.25  0
469.50  0
469.75  0
470.00  1
470.25  0
470.50  0
470.75  0
471.00  1
471.25  0
471.50  0
471.75  0
472.00  1
472.25  0
472.50  0
472.75  0
473.00  1
473.25  0
473.50  0
473.75  0
474.00  1
474.25  0
474.50  0
474.75  0
475.00  1
475.25  0
475.50  0
475.75  0
476.00  1
476.25  0
476.50  0
476.75  0
477.00  1
477.25  0
477.50  0
477.75  0
478.00  1
478.25  0
478.50  0
478.75  0
479.00  1
479.25  0
479.50  0
479.75  0
480.00  1
480.25  0
480.50  0
480.75  0
481.00  1
481.25  0
481.50  0
481.75  0
482.00  1
482.25  0
482.50  0
482.75  0
483.00  1
483.25  0
483.50  0
483.75  0
484.00  1
484.25  0
484.50  0
484.75  0
485.00  1
485.25  0
485.50  0
485.75  0
486.00  1
486.25  0
486.50  0
486.75  0
487.00  1
487.25  0
487.50  0
487.75  0
488.00  1
488.25  0
488.50  0
488.75  0
489.00  1
489.25  0
489.50  0
489.75  0
490.00  1
490.25  0
490.50  0
490.75  0
491.00  1
491.25  0
491.50  0
491.75  0
492.00  1
492.25  0
492.50  0
492.75  0
493.00  1
493.25  0
493.50  0
493.75  0
494.00  1
494.25  0
494.50  0
494.75  0
495.00  1
495.25  0
495.50  0
495.75  0
496.00  1
496.25  0
496.50  0
496.75  0
497.00  1
497.25  0
497.50  0
497.75  0
498.00  1
498.25  0
498.50  0
498.75  0
499.00  1
499.25  0
499.50  0
499.75  0
500.00  1
500.25  0
500.50  0
500.75  0
501.00  1
501.25  0
501.50  0
501.75  0
502.00  1
502.25  0
502.50  0
502.75  0
503.00  1
503.25  0
503.50  0
503.75  0
504.00  1
504.25  0
504.50  0
504.75  0
505.00  1
505.25  0
505.50  0
505.75  0
506.00  1
506.25  0
506.50  0
506.75  0
507.00  1
507.25  0
507.50  0
507.75  0
508.00  1
508.25  0
508.50  0
508.75  0
509.00  1
509.25  0
509.50  0
509.75  0
510.00  1
510.25  0
510.50  0
510.75  0
511.00  1
511.25  0
511.50  0
511.75  0
512.00  1
512.25  0
512.50  0
512.75  0
513.00  1
513.25  0
513.50  0
513.75  0
514.00  1
514.25  0
514.50  0
514.75  0
515.00  1
515.25  0
515.50  0
515.75  0
516.00  1
516.25  0
516.50  0
516.75  0
517.00  1
517.25  0
517.50  0
517.75  0
518.00  1
518.25  0
518.50  0
518.75  0
519.00  1
519.25  0
519.50  0
519.75  0
520.00  1
520.25  0
520.50  0
520.75  0
521.00  1
521.25  0
521.50  0
521.75  0
522.00  1
522.25  0
522.50  0
522.75  0
523.00  1
523.25  0
523.50  0
523.75  0
524.00  1
524.25  0
524.50  0
524.75  0
525.00  1
525.25  0
525.50  0
525.75  0
526.00  1
526.25  0
526.50  0
526.75  0
527.00  1
527.25  0
527.50  0
527.75  0
528.00  1
528.25  0
528.50  0
528.75  0
529.00  1
529.25  0
529.50  0
529.75  0
530.00  1
530.25  0
530.50  0
530.75  0
531.00  1
531.25  0
531.50  0
531.75  0
532.00  1
532.25  0
532.50  0
532.75  0
533.00  1
533.25  0
533.50  0
533.75  0
534.00  1
534.25  0
534.50  0
534.75  0
535.00  1
535.25  0
535.50  0
535.75  0
536.00  1
536.25  0
536.50  0
536.75  0
537.00  1
537.25  0
537.50  0
537.75  0
538.00  1
538.25  0
538.50  0
538.75  0
539.00  1
539.25  0
539.50  0
539.75  0
540.00  1
540.25  0
540.50  0
540.75  0
541.00  1
541.25  0
541.50  0
541.75  0
542.00  1
542.25  0
542.50  0
542.75  0
543.00  1
543.25  0
543.50  0
543.75  0
544.00  1
544.25  0
544.50  0
544.75  0
545.00  1
545.25  0
545.50  0
545.75  0
546.00  1
546.25  0
546.50  0
546.75  0
547.00  1
547.25  0
547.50  0
547.75  0
548.00  1
548.25  0
548.50  0
548.75  0
549.00  1
549.25  0
549.50  0
549.75  0
550.00  1
550.25  0
550.50  0
550.75  0
551.00  1
551.25  0
551.50  0
551.75  0
552.00  1
552.25  0
552.50  0
552.75  0
553.00  1
553.25  0
553.50  0
553.75  0
554.00  1
554.25  0
554.50  0
554.75  0
555.00  1
555.25  0
555.50  0
555.75  0
556.00  1
556.25  0
556.50  0
556.75  0
557.00  1
557.25  0
557.50  0
557.75  0
558.00  1
558.25  0
558.50  0
558.75  0
559.00  1
559.25  0
559.50  0
559.75  0
560.00  1
560.25  0
560.50  0
560.75  0
561.00  1
561.25  0
561.50  0
561.75  0
562.00  1
562.25  0
562.50  0
562.75  0
563.00  1
563.25  0
563.50  0
563.75  0
564.00  1
564.25  0
564.50  0
564.75  0
565.00  1
565.25  0
565.50  0
565.75  0
566.00  1
566.25  0
566.50  0
566.75  0
567.00  1
567.25  0
567.50  0
567.75  0
568.00  1
568.25  0
568.50  0
568.75  0
569.00  1
569.25  0
569.50  0
569.75  0
570.00  1
570.25  0
570.50  0
570.75  0
571.00  1
571.25  0
571.50  0
571.75  0
572.00  1
572.25  0
572.50  0
572.75  0
573.00  1
573.25  0
573.50  0
573.75  0
574.00  1
574.25  0
574.50  0
574.75  0
575.00  1
575.25  0
575.50  0
575.75  0
576.00  1
576.25  0
576.50  0
576.75  0
577.00  1
577.25  0
577.50  0
577.75  0
578.00  1
578.25  0
578.50  0
578.75  0
579.00  1
579.25  0
579.50  0
579.75  0
580.00  1
580.25  0
580.50  0
580.75  0
581.00  1
581.25  0
581.50  0
581.75  0
582.00  1
582.25  0
582.50  0
582.75  0
583.00  1
583.25  0
583.50  0
583.75  0
584.00  1
584.25  0
584.50  0
584.75  0
585.00  1
585.25  0
585.50  0
585.75  0
586.00  1
586.25  0
586.50  0
586.75  0
587.00  1
587.25  0
587.50  0
587.75  0
588.00  1
588.25  0
588.50  0
588.75  0
589.00  1
589.25  0
589.50  0
589.75  0
590.00  1
590.25  0
590.50  0
590.75  0
591.00  1
591.25  0
591.50  0
591.75  0
592.00  1
592.25  0
592.50  0
592.75  0
593.00  1
593.25  0
593.50  0
593.75  0
594.00  1
594.25  0
594.50  0
594.75  0
595.00  1
595.25  0
595.50  0
595.75  0
596.00  1
596.25  0
596.50  0
596.75  0
597.00  1
597.25  0
597.50  0
597.75  0
598.00  1
598.25  0
598.50  0
598.75  0
599.00  1
599.25  0
599.50  0
599.75  0
600.00  1
600.25  0
600.50  0
600.75  0
601.00  1
601.25  0
601.50  0
601.75  0
602.00  1
602.25  0
602.50  0
602.75  0
603.00  1
603.25  0
603.50  0
603.75  0
604.00  1
604.25  0
604.50  0
604.75  0
605.00  1
605.25  0
605.50  0
605.75  0
606.00  1
606.25  0
606.50  0
606.75  0
607.00  1
607.25  0
607.50  0
607.75  0
608.00  1
608.25  0
608.50  0
608.75  0
609.00  1
609.25  0
609.50  0
609.75  0
610.00  1
610.25  0
610.50  0
610.75  0
611.00  1
611.25  0
611.50  0
611.75  0
612.00  1
612.25  0
612.50  0
612.75  0
613.00  1
613.25  0
613.50  0
613.75  0
614.00  1
614.25  0
614.50  0
614.75  0
615.00  1
615.25  0
615.50  0
615.75  0
616.00  1
616.25  0
616.50  0
616.75  0
617.00  1
617.25  0
617.50  0
617.75  0
618.00  1
618.25  0
618.50  0
618.75  0
619.00  1
619.25  0
619.50  0
619.75  0
620.00  1
620.25  0
620.50  0
620.75  0
621.00  1
621.25  0
621.50  0
621.75  0
622.00  1
622.25  0
622.50  0
622.75  0
623.00  1
623.25  0
623.50  0
623.75  0
624.00  1
624.25  0
624.50  0
624.75  0
625.00  1
625.25  0
625.50  0
625.75  0
626.00  1
626.25  0
626.50  0
626.75  0
627.00  1
627.25  0
627.50  0
627.75  0
628.00  1
628.25  0
628.50  0
628.75  0
629.00  1
629.25  0
629.50  0
629.75  0
630.00  1
630.25  0
630.50  0
630.75  0
631.00  1
631.25  0
631.50  0
631.75  0
632.00  1
632.25  0
632.50  0
632.75  0
633.00  1
633.25  0
633.50  0
633.75  0
634.00  1
634.25  0
634.50  0
634.75  0
635.00  1
635.25  0
635.50  0
635.75  0
636.00  1
636.25  0
636.50  0
636.75  0
637.00  1
637.25  0
637.50  0
637.75  0
638.00  1
638.25  0
638.50  0
638.75  0
639.00  1
639.25  0
639.50  0
639.75  0
640.00  1
640.25  0
640.50  0
640.75  0
641.00  1
641.25  0
641.50  0
641.75  0
642.00  1
642.25  0
642.50  0
642.75  0
643.00  1
643.25  0
643.50  0
643.75  0
644.00  1
644.25  0
644.50  0
644.75  0
645.00  1
645.25  0
645.50  0
645.75  0
646.00  1
646.25  0
646.50  0
646.75  0
647.00  1
647.25  0
647.50  0
647.75  0
648.00  1
648.25  0
648.50  0
648.75  0
649.00  1
649.25  0
649.50  0
649.75  0
650.00  1
650.25  0
650.50  0
650.75  0
651.00  1
651.25  0
651.50  0
651.75  0
652.00  1
652.25  0
652.50  0
652.75  0
653.00  1
653.25  0
653.50  0
653.75  0
654.00  1
654.25  0
654.50  0
654.75  0
655.00  1
655.25  0
655.50  0
655.75  0
656.00  1
656.25  0
656.50  0
656.75  0
657.00  1
657.25  0
657.50  0
657.75  0
658.00  1
658.25  0
658.50  0
658.75  0
659.00  1
659.25  0
659.50  0
659.75  0
660.00  1
660.25  0
660.50  0
660.75  0
661.00  1
661.25  0
661.50  0
661.75  0
662.00  1
662.25  0
662.50  0
662.75  0
663.00  1
663.25  0
663.50  0
663.75  0
664.00  1
664.25  0
664.50  0
664.75  0
665.00  1
665.25  0
665.50  0
665.75  0
666.00  1
666.25  0
666.50  0
666.75  0
667.00  1
667.25  0
667.50  0
667.75  0
668.00  1
668.25  0
668.50  0
668.75  0
669.00  1
669.25  0
669.50  0
669.75  0
670.00  1
670.25  0
670.50  0
670.75  0
671.00  1
671.25  0
671.50  0
671.75  0
672.00  1
672.25  0
672.50  0
672.75  0
673.00  1
673.25  0
673.50  0
673.75  0
674.00  1
674.25  0
674.50  0
674.75  0
675.00  1
675.25  0
675.50  0
675.75  0
676.00  1
676.25  0
676.50  0
676.75  0
677.00  1
677.25  0
677.50  0
677.75  0
678.00  1
678.25  0
678.50  0
678.75  0
679.00  1
679.25  0
679.50  0
679.75  0
680.00  1
680.25  0
680.50  0
680.75  0
681.00  1
681.25  0
681.50  0
681.75  0
682.00  1
682.25  0
682.50  0
682.75  0
683.00  1
683.25  0
683.50  0
683.75  0
684.00  1
684.25  0
684.50  0
684.75  0
685.00  1
685.25  0
685.50  0
685.75  0
686.00  1
686.25  0
686.50  0
686.75  0
687.00  1
687.25  0
687.50  0
687.75  0
688.00  1
688.25  0
688.50  0
688.75  0
689.00  1
689.25  0
689.50  0
689.75  0
690.00  1
690.25  0
690.50  0
690.75  0
691.00  1
691.25  0
691.50  0
691.75  0
692.00  1
692.25  0
692.50  0
692.75  0
693.00  1
693.25  0
693.50  0
693.75  0
694.00  1
694.25  0
694.50  0
694.75  0
695.00  1
695.25  0
695.50  0
695.75  0
696.00  1
696.25  0
696.50  0
696.75  0
697.00  1
697.25  0
697.50  0
697.75  0
698.00  1
698.25  0
698.50  0
698.75  0
699.00  1
699.25  0
699.50  0
699.75  0
700.00  1
700.25  0
700.50  0
700.75  0
701.00  1
701.25  0
701.50  0
701.75  0
702.00  1
702.25  0
702.50  0
702.75  0
703.00  1
703.25  0
703.50  0
703.75  0
704.00  1
704.25  0
704.50  0
704.75  0
705.00  1
705.25  0
705.50  0
705.75  0
706.00  1
706.25  0
706.50  0
706.75  0
707.00  1
707.25  0
707.50  0
707.75  0
708.00  1
708.25  0
708.50  0
708.75  0
709.00  1
709.25  0
709.50  0
709.75  0
710.00  1
710.25  0
710.50  0
710.75  0
711.00  1
711.25  0
711.50  0
711.75  0
712.00  1
712.25  0
712.50  0
712.75  0
713.00  1
713.25  0
713.50  0
713.75  0
714.00  1
714.25  0
714.50  0
714.75  0
715.00  1
715.25  0
715.50  0
715.75  0
716.00  1
716.25  0
716.50  0
716.75  0
717.00  1
717.25  0
717.50  0
717.75  0
718.00  1
718.25  0
718.50  0
718.75  0
719.00  1
719.25  0
719.50  0
719.75  0
720.00  1
720.25  0
720.50  0
720.75  0
721.00  1
721.25  0
721.50  0
721.75  0
722.00  1
722.25  0
722.50  0
722.75  0
723.00  1
723.25  0
723.50  0
723.75  0
724.00  1
724.25  0
724.50  0
724.75  0
725.00  1
725.25  0
725.50  0
725.75  0
726.00  1
726.25  0
726.50  0
726.75  0
727.00  1
727.25  0
727.50  0
727.75  0
728.00  1
728.25  0
728.50  0
728.75  0
729.00  1
729.25  0
729.50  0
729.75  0
730.00  1
730.25  0
730.50  0
730.75  0
731.00  1
731.25  0
731.50  0
731.75  0
732.00  1
732.25  0
732.50  0
732.75  0
733.00  1
733.25  0
733.50  0
733.75  0
734.00  1
734.25  0
734.50  0
734.75  0
735.00  1
735.25  0
735.50  0
735.75  0
736.00  1
736.25  0
736.50  0
736.75  0
737.00  1
737.25  0
737.50  0
737.75  0
738.00  1
738.25  0
738.50  0
738.75  0
739.00  1
739.25  0
739.50  0
739.75  0
740.00  1
740.25  0
740.50  0
740.75  0
741.00  1
741.25  0
741.50  0
741.75  0
742.00  1
742.25  0
742.50  0
742.75  0
743.00  1
743.25  0
743.50  0
743.75  0
744.00  1
744.25  0
744.50  0
744.75  0
745.00  1
745.25  0
745.50  0
745.75  0
746.00  1
746.25  0
746.50  0
746.75  0
747.00  1
747.25  0
747.50  0
747.75  0
748.00  1
748.25  0
748.50  0
748.75  0
749.00  1
749.25  0
749.50  0
749.75  0
750.00  1
750.25  0
750.50  0
750.75  0
751.00  1
751.25  0
751.50  0
751.75  0
752.00  1
752.25  0
752.50  0
752.75  0
753.00  1
753.25  0
753.50  0
753.75  0
754.00  1
754.25  0
754.50  0
754.75  0
755.00  1
755.25  0
755.50  0
755.75  0
756.00  1
756.25  0
756.50  0
756.75  0
757.00  1
757.25  0
757.50  0
757.75  0
758.00  1
758.25  0
758.50  0
758.75  0
759.00  1
759.25  0
759.50  0
759.75  0
760.00  1
760.25  0
760.50  0
760.75  0
761.00  1
761.25  0
761.50  0
761.75  0
762.00  1
762.25  0
762.50  0
762.75  0
763.00  1
763.25  0
763.50  0
763.75  0
764.00  1
764.25  0
764.50  0
764.75  0
765.00  1
765.25  0
765.50  0
765.75  0
766.00  1
766.25  0
766.50  0
766.75  0
767.00  1
767.25  0
767.50  0
767.75  0
768.00  1
768.25  0
768.50  0
768.75  0
769.00  1
769.25  0
769.50  0
769.75  0
770.00  1
770.25  0
770.50  0
770.75  0
771.00  1
771.25  0
771.50  0
771.75  0
772.00  1
772.25  0
772.50  0
772.75  0
773.00  1
773.25  0
773.50  0
773.75  0
774.00  1
774.25  0
774.50  0
774.75  0
775.00  1
775.25  0
775.50  0
775.75  0
776.00  1
776.25  0
776.50  0
776.75  0
777.00  1
777.25  0
777.50  0
777.75  0
778.00  1
778.25  0
778.50  0
778.75  0
779.00  1
779.25  0
779.50  0
779.75  0
780.00  1
780.25  0
780.50  0
780.75  0
781.00  1
781.25  0
781.50  0
781.75  0
782.00  1
782.25  0
782.50  0
782.75  0
783.00  1
783.25  0
783.50  0
783.75  0
784.00  1
784.25  0
784.50  0
784.75  0
785.00  1
785.25  0
785.50  0
785.75  0
786.00  1
786.25  0
786.50  0
786.75  0
787.00  1
787.25  0
787.50  0
787.75  0
788.00  1
788.25  0
788.50  0
788.75  0
789.00  1
789.25  0
789.50  0
789.75  0
790.00  1
790.25  0
790.50  0
790.75  0
791.00  1
791.25  0
791.50  0
791.75  0
792.00  1
792.25  0
792.50  0
792.75  0
793.00  1
793.25  0
793.50  0
793.75  0
794.00  1
794.25  0
794.50  0
794.75  0
795.00  1
795.25  0
795.50  0
795.75  0
796.00  1
796.25  0
796.50  0
796.75  0
797.00  1
797.25  0
797.50  0
797.75  0
798.00  1
798.25  0
798.50  0
798.75  0
799.00  1
799.25  0
799.50  0
799.75  0
800.00  1
800.25  0
800.50  0
800.75  0
801.00  1
801.25  0
801.50  0
801.75  0
802.00  1
802.25  0
802.50  0
802.75  0
803.00  1
803.25  0
803.50  0
803.75  0
804.00  1
804.25  0
804.50  0
804.75  0
805.00  1
805.25  0
805.50  0
805.75  0
806.00  1
806.25  0
806.50  0
806.75  0
807.00  1
807.25  0
807.50  0
807.75  0
808.00  1
808.25  0
808.50  0
808.75  0
809.00  1
809.25  0
809.50  0
809.75  0
810.00  1
810.25  0
810.50  0
810.75  0
811.00  1
811.25  0
811.50  0
811.75  0
812.00  1
812.25  0
812.50  0
812.75  0
813.00  1
813.25  0
813.50  0
813.75  0
814.00  1
814.25  0
814.50  0
814.75  0
815.00  1
815.25  0
815.50  0
815.75  0
816.00  1
816.25  0
816.50  0
816.75  0
817.00  1
817.25  0
817.50  0
817.75  0
818.00  1
818.25  0
818.50  0
818.75  0
819.00  1
819.25  0
819.50  0
819.75  0
820.00  1
820.25  0
820.50  0
820.75  0
821.00  1
821.25  0
821.50  0
821.75  0
822.00  1
822.25  0
822.50  0
822.75  0
823.00  1
823.25  0
823.50  0
823.75  0
824.00  1
824.25  0
824.50  0
824.75  0
825.00  1
825.25  0
825.50  0
825.75  0
826.00  1
826.25  0
826.50  0
826.75  0
827.00  1
827.25  0
827.50  0
827.75  0
828.00  1
828.25  0
828.50  0
828.75  0
829.00  1
829.25  0
829.50  0
829.75  0
830.00  1
830.25  0
830.50  0
830.75  0
831.00  1
831.25  0
831.50  0
831.75  0
832.00  1
832.25  0
832.50  0
832.75  0
833.00  1
833.25  0
833.50  0
833.75  0
834.00  1
834.25  0
834.50  0
834.75  0
835.00  1
835.25  0
835.50  0
835.75  0
836.00  1
836.25  0
836.50  0
836.75  0
837.00  1
837.25  0
837.50  0
837.75  0
838.00  1
838.25  0
838.50  0
838.75  0
839.00  1
839.25  0
839.50  0
839.75  0
840.00  1
840.25  0
840.50  0
840.75  0
841.00  1
841.25  0
841.50  0
841.75  0
842.00  1
842.25  0
842.50  0
842.75  0
843.00  1
843.25  0
843.50  0
843.75  0
844.00  1
844.25  0
844.50  0
844.75  0
845.00  1
845.25  0
845.50  0
845.75  0
846.00  1
846.25  0
846.50  0
846.75  0
847.00  1
847.25  0
847.50  0
847.75  0
848.00  1
848.25  0
848.50  0
848.75  0
849.00  1
849.25  0
849.50  0
849.75  0
850.00  1
850.25  0
850.50  0
850.75  0
851.00  1
851.25  0
851.50  0
851.75  0
852.00  1
852.25  0
852.50  0
852.75  0
853.00  1
853.25  0
853.50  0
853.75  0
854.00  1
854.25  0
854.50  0
854.75  0
855.00  1
855.25  0
855.50  0
855.75  0
856.00  1
856.25  0
856.50  0
856.75  0
857.00  1
857.25  0
857.50  0
857.75  0
858.00  1
858.25  0
858.50  0
858.75  0
859.00  1
859.25  0
859.50  0
859.75  0
860.00  1
860.25  0
860.50  0
860.75  0
861.00  1
861.25  0
861.50  0
861.75  0
862.00  1
862.25  0
862.50  0
862.75  0
863.00  1
863.25  0
863.50  0
863.75  0
864.00  1
864.25  0
864.50  0
864.75  0
865.00  1
865.25  0
865.50  0
865.75  0
866.00  1
866.25  0
866.50  0
866.75  0
867.00  1
867.25  0
867.50  0
867.75  0
868.00  1
868.25  0
868.50  0
868.75  0
869.00  1
869.25  0
869.50  0
869.75  0
870.00  1
870.25  0
870.50  0
870.75  0
871.00  1
871.25  0
871.50  0
871.75  0
872.00  1
872.25  0
872.50  0
872.75  0
873.00  1
873.25  0
873.50  0
873.75  0
874.00  1
874.25  0
874.50  0
874.75  0
875.00  1
875.25  0
875.50  0
875.75  0
876.00  1
876.25  0
876.50  0
876.75  0
877.00  1
877.25  0
877.50  0
877.75  0
878.00  1
878.25  0
878.50  0
878.75  0
879.00  1
879.25  0
879.50  0
879.75  0
880.00  1
880.25  0
880.50  0
880.75  0
881.00  1
881.25  0
881.50  0
881.75  0
882.00  1
882.25  0
882.50  0
882.75  0
883.00  1
883.25  0
883.50  0
883.75  0
884.00  1
884.25  0
884.50  0
884.75  0
885.00  1
885.25  0
885.50  0
885.75  0
886.00  1
886.25  0
886.50  0
886.75  0
887.00  1
887.25  0
887.50  0
887.75  0
888.00  1
888.25  0
888.50  0
888.75  0
889.00  1
889.25  0
889.50  0
889.75  0
890.00  1
890.25  0
890.50  0
890.75  0
891.00  1
891.25  0
891.50  0
891.75  0
892.00  1
892.25  0
892.50  0
892.75  0
893.00  1
893.25  0
893.50  0
893.75  0
894.00  1
894.25  0
894.50  0
894.75  0
895.00  1
895.25  0
895.50  0
895.75  0
896.00  1
896.25  0
896.50  0
896.75  0
897.00  1
897.25  0
897.50  0
897.75  0
898.00  1
898.25  0
898.50  0
898.75  0
899.00  1
899.25  0
899.50  0
899.75  0
900.00  1
900.25  0
900.50  0
900.75  0
901.00  1
901.25  0
901.50  0
901.75  0
902.00  1
902.25  0
902.50  0
902.75  0
903.00  1
903.25  0
903.50  0
903.75  0
904.00  1
904.25  0
904.50  0
904.75  0
905.00  1
905.25  0
905.50  0
905.75  0
906.00  1
906.25  0
906.50  0
906.75  0
907.00  1
907.25  0
907.50  0
907.75  0
908.00  1
908.25  0
908.50  0
908.75  0
909.00  1
909.25  0
909.50  0
909.75  0
910.00  1
910.25  0
910.50  0
910.75  0
911.00  1
911.25  0
911.50  0
911.75  0
912.00  1
912.25  0
912.50  0
912.75  0
913.00  1
913.25  0
913.50  0
913.75  0
914.00  1
914.25  0
914.50  0
914.75  0
915.00  1
915.25  0
915.50  0
915.75  0
916.00  1
916.25  0
916.50  0
916.75  0
917.00  1
917.25  0
917.50  0
917.75  0
918.00  1
918.25  0
918.50  0
918.75  0
919.00  1
919.25  0
919.50  0
919.75  0
920.00  1
920.25  0
920.50  0
920.75  0
921.00  1
921.25  0
921.50  0
921.75  0
922.00  1
922.25  0
922.50  0
922.75  0
923.00  1
923.25  0
923.50  0
923.75  0
924.00  1
924.25  0
924.50  0
924.75  0
925.00  1
925.25  0
925.50  0
925.75  0
926.00  1
926.25  0
926.50  0
926.75  0
927.00  1
927.25  0
927.50  0
927.75  0
928.00  1
928.25  0
928.50  0
928.75  0
929.00  1
929.25  0
929.50  0
929.75  0
930.00  1
930.25  0
930.50  0
930.75  0
931.00  1
931.25  0
931.50  0
931.75  0
932.00  1
932.25  0
932.50  0
932.75  0
933.00  1
933.25  0
933.50  0
933.75  0
934.00  1
934.25  0
934.50  0
934.75  0
935.00  1
935.25  0
935.50  0
935.75  0
936.00  1
936.25  0
936.50  0
936.75  0
937.00  1
937.25  0
937.50  0
937.75  0
938.00  1
938.25  0
938.50  0
938.75  0
939.00  1
939.25  0
939.50  0
939.75  0
940.00  1
940.25  0
940.50  0
940.75  0
941.00  1
941.25  0
941.50  0
941.75  0
942.00  1
942.25  0
942.50  0
942.75  0
943.00  1
943.25  0
943.50  0
943.75  0
944.00  1
944.25  0
944.50  0
944.75  0
945.00  1
945.25  0
945.50  0
945.75  0
946.00  1
946.25  0
946.50  0
946.75  0
947.00  1
947.25  0
947.50  0
947.75  0
948.00  1
948.25  0
948.50  0
948.75  0
949.00  1
949.25  0
949.50  0
949.75  0
950.00  1
950.25  0
950.50  0
950.75  0
951.00  1
951.25  0
951.50  0
951.75  0
952.00  1
952.25  0
952.50  0
952.75  0
953.00  1
953.25  0
953.50  0
953.75  0
954.00  1
954.25  0
954.50  0
954.75  0
955.00  1
955.25  0
955.50  0
955.75  0
956.00  1
956.25  0
956.50  0
956.75  0
957.00  1
957.25  0
957.50  0
957.75  0
958.00  1
958.25  0
958.50  0
958.75  0
959.00  1
959.25  0
959.50  0
959.75  0
960.00  1
960.25  0
960.50  0
960.75  0
961.00  1
961.25  0
961.50  0
961.75  0
962.00  1
962.25  0
962.50  0
962.75  0
963.00  1
963.25  0
963.50  0
963.75  0
964.00  1
964.25  0
964.50  0
964.75  0
965.00  1
965.25  0
965.50  0
965.75  0
966.00  1
966.25  0
966.50  0
966.75  0
967.00  1
967.25  0
967.50  0
967.75  0
968.00  1
968.25  0
968.50  0
968.75  0
969.00  1
969.25  0
969.50  0
969.75  0
970.00  1
970.25  0
970.50  0
970.75  0
971.00  1
971.25  0
971.50  0
971.75  0
972.00  1
972.25  0
972.50  0
972.75  0
973.00  1
973.25  0
973.50  0
973.75  0
974.00  1
974.25  0
974.50  0
974.75  0
975.00  1
975.25  0
975.50  0
975.75  0
976.00  1
976.25  0
976.50  0
976.75  0
977.00  1
977.25  0
977.50  0
977.75  0
978.00  1
978.25  0
978.50  0
978.75  0
979.00  1
979.25  0
979.50  0
979.75  0
980.00  1
980.25  0
980.50  0
980.75  0
981.00  1
981.25  0
981.50  0
981.75  0
982.00  1
982.25  0
982.50  0
982.75  0
983.00  1
983.25  0
983.50  0
983.75  0
984.00  1
984.25  0
984.50  0
984.75  0
985.00  1
985.25  0
985.50  0
985.75  0
986.00  1
986.25  0
986.50  0
986.75  0
987.00  1
987.25  0
987.50  0
987.75  0
988.00  1
988.25  0
988.50  0
988.75  0
989.00  1
989.25  0
989.50  0
989.75  0
990.00  1
990.25  0
990.50  0
990.75  0
991.00  1
991.25  0
991.50  0
991.75  0
992.00  1
992.25  0
992.50  0
992.75  0
993.00  1
993.25  0
993.50  0
993.75  0
994.00  1
994.25  0
994.50  0
994.75  0
995.00  1
995.25  0
995.50  0
995.75  0
996.00  1
996.25  0
996.50  0
996.75  0
997.00  1
997.25  0
997.50  0
997.75  0
998.00  1
998.25  0
998.50  0
998.75  0
999.00  1
999.25  0
999.50  0
999.75  0
1000.00  1
1000.25  0
1000.50  0
1000.75  0
1001.00  1
1001.25  0
1001.50  0
1001.75  0
1002.00  1
1002.25  0
1002.50  0
1002.75  0
1003.00  1
1003.25  0
1003.50  0
1003.75  0
1004.00  1
1004.25  0
1004.50  0
1004.75  0
1005.00  1
1005.25  0
1005.50  0
1005.75  0
1006.00  1
1006.25  0
1006.50  0
1006.75  0
1007.00  1
1007.25  0
1007.50  0
1007.75  0
1008.00  1
1008.25  0
1008.50  0
1008.75  0
1009.00  1
1009.25  0
1009.50  0
1009.75  0
1010.00  1
1010.25  0
1010.50  0
1010.75  0
1011.00  1
1011.25  0
1011.50  0
1011.75  0
1012.00  1
1012.25  0
1012.50  0
1012.75  0
1013.00  1
1013.25  0
1013.50  0
1013.75  0
1014.00  1
1014.25  0
1014.50  0
1014.75  0
1015.00  1
1015.25  0
1015.50  0
1015.75  0
1016.00  1
1016.25  0
1016.50  0
1016.75  0
1017.00  1
1017.25  0
1017.50  0
1017.75  0
1018.00  1
1018.25  0
1018.50  0
1018.75  0
1019.00  1
1019.25  0
1019.50  0
1019.75  0
1020.00  1
1020.25  0
1020.50  0
1020.75  0
1021.00  1
1021.25  0
1021.50  0
1021.75  0
1022.00  1
1022.25  0
1022.50  0
1022.75  0
1023.00  1
1023.25  0
1023.50  0
1023.75  0
1024.00  1
1024.25  0
1024.50  0
1024.75  0
1025.00  1
1025.25  0
1025.50  0
1025.75  0
1026.00  1
1026.25  0
1026.50  0
1026.75  0
1027.00  1
1027.25  0
1027.50  0
1027.75  0
1028.00  1
1028.25  0
1028.50  0
1028.75  0
1029.00  1
1029.25  0
1029.50  0
1029.75  0
1030.00  1
1030.25  0
1030.50  0
1030.75  0
1031.00  1
1031.25  0
1031.50  0
1031.75  0
1032.00  1
1032.25  0
1032.50  0
1032.75  0
1033.00  1
1033.25  0
1033.50  0
1033.75  0
1034.00  1
1034.25  0
1034.50  0
1034.75  0
1035.00  1
1035.25  0
1035.50  0
1035.75  0
1036.00  1
1036.25  0
1036.50  0
1036.75  0
1037.00  1
1037.25  0
1037.50  0
1037.75  0
1038.00  1
1038.25  0
1038.50  0
1038.75  0
1039.00  1
1039.25  0
1039.50  0
1039.75  0
1040.00  1
1040.25  0
1040.50  0
1040.75  0
1041.00  1
1041.25  0
1041.50  0
1041.75  0
1042.00  1
1042.25  0
1042.50  0
1042.75  0
1043.00  1
1043.25  0
1043.50  0
1043.75  0
1044.00  1
1044.25  0
1044.50  0
1044.75  0
1045.00  1
1045.25  0
1045.50  0
1045.75  0
1046.00  1
1046.25  0
1046.50  0
1046.75  0
1047.00  1
1047.25  0
1047.50  0
1047.75  0
1048.00  1
1048.25  0
1048.50  0
1048.75  0
1049.00  1
1049.25  0
1049.50  0
1049.75  0
1050.00  1
1050.25  0
1050.50  0
1050.75  0
1051.00  1
1051.25  0
1051.50  0
1051.75  0
1052.00  1
1052.25  0
1052.50  0
1052.75  0
1053.00  1
1053.25  0
1053.50  0
1053.75  0
1054.00  1
1054.25  0
1054.50  0
1054.75  0
1055.00  1
1055.25  0
1055.50  0
1055.75  0
1056.00  1
1056.25  0
1056.50  0
1056.75  0
1057.00  1
1057.25  0
1057.50  0
1057.75  0
1058.00  1
1058.25  0
1058.50  0
1058.75  0
1059.00  1
1059.25  0
1059.50  0
1059.75  0
1060.00  1
1060.25  0
1060.50  0
1060.75  0
1061.00  1
1061.25  0
1061.50  0
1061.75  0
1062.00  1
1062.25  0
1062.50  0
1062.75  0
1063.00  1
1063.25  0
1063.50  0
1063.75  0
1064.00  1
1064.25  0
1064.50  0
1064.75  0
1065.00  1
1065.25  0
1065.50  0
1065.75  0
1066.00  1
1066.25  0
1066.50  0
1066.75  0
1067.00  1
1067.25  0
1067.50  0
1067.75  0
1068.00  1
1068.25  0
1068.50  0
1068.75  0
1069.00  1
1069.25  0
1069.50  0
1069.75  0
1070.00  1
1070.25  0
1070.50  0
1070.75  0
1071.00  1
1071.25  0
1071.50  0
1071.75  0
1072.00  1
1072.25  0
1072.50  0
1072.75  0
1073.00  1
1073.25  0
1073.50  0
1073.75  0
1074.00  1
1074.25  0
1074.50  0
1074.75  0
1075.00  1
1075.25  0
1075.50  0
1075.75  0
1076.00  1
1076.25  0
1076.50  0
1076.75  0
1077.00  1
1077.25  0
1077.50  0
1077.75  0
1078.00  1
1078.25  0
1078.50  0
1078.75  0
1079.00  1
1079.25  0
1079.50  0
1079.75  0
1080.00  1
1080.25  0
1080.50  0
1080.75  0
1081.00  1
1081.25  0
1081.50  0
1081.75  0
1082.00  1
1082.25  0
1082.50  0
1082.75  0
1083.00  1
1083.25  0
1083.50  0
1083.75  0
1084.00  1
1084.25  0
1084.50  0
1084.75  0
1085.00  1
1085.25  0
1085.50  0
1085.75  0
1086.00  1
1086.25  0
1086.50  0
1086.75  0
1087.00  1
1087.25  0
1087.50  0
1087.75  0
1088.00  1
1088.25  0
1088.50  0
1088.75  0
1089.00  1
1089.25  0
1089.50  0
1089.75  0
1090.00  1
1090.25  0
1090.50  0
1090.75  0
1091.00  1
1091.25  0
1091.50  0
1091.75  0
1092.00  1
1092.25  0
1092.50  0
1092.75  0
1093.00  1
1093.25  0
1093.50  0
1093.75  0
1094.00  1
1094.25  0
1094.50  0
1094.75  0
1095.00  1
1095.25  0
1095.50  0
1095.75  0
1096.00  1
1096.25  0
1096.50  0
1096.75  0
1097.00  1
1097.25  0
1097.50  0
1097.75  0
1098.00  1
1098.25  0
1098.50  0
1098.75  0
1099.00  1
1099.25  0
1099.50  0
1099.75  0
1100.00  1
1100.25  0
1100.50  0
1100.75  0
1101.00  1
1101.25  0
1101.50  0
1101.75  0
1102.00  1
1102.25  0
1102.50  0
1102.75  0
1103.00  1
1103.25  0
1103.50  0
1103.75  0
1104.00  1
1104.25  0
1104.50  0
1104.75  0
1105.00  1
1105.25  0
1105.50  0
1105.75  0
1106.00  1
1106.25  0
1106.50  0
1106.75  0
1107.00  1
1107.25  0
1107.50  0
1107.75  0
1108.00  1
1108.25  0
1108.50  0
1108.75  0
1109.00  1
1109.25  0
1109.50  0
1109.75  0
1110.00  1
1110.25  0
1110.50  0
1110.75  0
1111.00  1
1111.25  0
1111.50  0
1111.75  0
1112.00  1
1112.25  0
1112.50  0
1112.75  0
1113.00  1
1113.25  0
1113.50  0
1113.75  0
1114.00  1
1114.25  0
1114.50  0
1114.75  0
1115.00  1
1115.25  0
1115.50  0
1115.75  0
1116.00  1
1116.25  0
1116.50  0
1116.75  0
1117.00  1
1117.25  0
1117.50  0
1117.75  0
1118.00  1
1118.25  0
1118.50  0
1118.75  0
1119.00  1
1119.25  0
1119.50  0
1119.75  0
1120.00  1
1120.25  0
1120.50  0
1120.75  0
1121.00  1
1121.25  0
1121.50  0
1121.75  0
1122.00  1
1122.25  0
1122.50  0
1122.75  0
1123.00  1
1123.25  0
1123.50  0
1123.75  0
1124.00  1
1124.25  0
1124.50  0
1124.75  0
1125.00  1
1125.25  0
1125.50  0
1125.75  0
1126.00  1
1126.25  0
1126.50  0
1126.75  0
1127.00  1
1127.25  0
1127.50  0
1127.75  0
1128.00  1
1128.25  0
1128.50  0
1128.75  0
1129.00  1
1129.25  0
1129.50  0
1129.75  0
1130.00  1
1130.25  0
1130.50  0
1130.75  0
1131.00  1
1131.25  0
1131.50  0
1131.75  0
1132.00  1
1132.25  0
1132.50  0
1132.75  0
1133.00  1
1133.25  0
1133.50  0
1133.75  0
1134.00  1
1134.25  0
1134.50  0
1134.75  0
1135.00  1
1135.25  0
1135.50  0
1135.75  0
1136.00  1
1136.25  0
1136.50  0
1136.75  0
1137.00  1
1137.25  0
1137.50  0
1137.75  0
1138.00  1
1138.25  0
1138.50  0
1138.75  0
1139.00  1
1139.25  0
1139.50  0
1139.75  0
1140.00  1
1140.25  0
1140.50  0
1140.75  0
1141.00  1
1141.25  0
1141.50  0
1141.75  0
1142.00  1
1142.25  0
1142.50  0
1142.75  0
1143.00  1
1143.25  0
1143.50  0
1143.75  0
1144.00  1
1144.25  0
1144.50  0
1144.75  0
1145.00  1
1145.25  0
1145.50  0
1145.75  0
1146.00  1
1146.25  0
1146.50  0
1146.75  0
1147.00  1
1147.25  0
1147.50  0
1147.75  0
1148.00  1
1148.25  0
1148.50  0
1148.75  0
1149.00  1
1149.25  0
1149.50  0
1149.75  0
1150.00  1
1150.25  0
1150.50  0
1150.75  0
1151.00  1
1151.25  0
1151.50  0
1151.75  0
1152.00  1
1152.25  0
1152.50  0
1152.75  0
1153.00  1
1153.25  0
1153.50  0
1153.75  0
1154.00  1
1154.25  0
1154.50  0
1154.75  0
1155.00  1
1155.25  0
1155.50  0
1155.75  0
1156.00  1
1156.25  0
1156.50  0
1156.75  0
1157.00  1
1157.25  0
1157.50  0
1157.75  0
1158.00  1
1158.25  0
1158.50  0
1158.75  0
1159.00  1
1159.25  0
1159.50  0
1159.75  0
1160.00  1
1160.25  0
1160.50  0
1160.75  0
1161.00  1
1161.25  0
1161.50  0
1161.75  0
1162.00  1
1162.25  0
1162.50  0
1162.75  0
1163.00  1
1163.25  0
1163.50  0
1163.75  0
1164.00  1
1164.25  0
1164.50  0
1164.75  0
1165.00  1
1165.25  0
1165.50  0
1165.75  0
1166.00  1
1166.25  0
1166.50  0
1166.75  0
1167.00  1
1167.25  0
1167.50  0
1167.75  0
1168.00  1
1168.25  0
1168.50  0
1168.75  0
1169.00  1
1169.25  0
1169.50  0
1169.75  0
1170.00  1
1170.25  0
1170.50  0
1170.75  0
1171.00  1
1171.25  0
1171.50  0
1171.75  0
1172.00  1
1172.25  0
1172.50  0
1172.75  0
1173.00  1
1173.25  0
1173.50  0
1173.75  0
1174.00  1
1174.25  0
1174.50  0
1174.75  0
1175.00  1
1175.25  0
1175.50  0
1175.75  0
1176.00  1
1176.25  0
1176.50  0
1176.75  0
1177.00  1
1177.25  0
1177.50  0
1177.75  0
1178.00  1
1178.25  0
1178.50  0
1178.75  0
1179.00  1
1179.25  0
1179.50  0
1179.75  0
1180.00  1
1180.25  0
1180.50  0
1180.75  0
1181.00  1
1181.25  0
1181.50  0
1181.75  0
1182.00  1
1182.25  0
1182.50  0
1182.75  0
1183.00  1
1183.25  0
1183.50  0
1183.75  0
1184.00  1
1184.25  0
1184.50  0
1184.75  0
1185.00  1
1185.25  0
1185.50  0
1185.75  0
1186.00  1
1186.25  0
1186.50  0
1186.75  0
1187.00  1
1187.25  0
1187.50  0
1187.75  0
1188.00  1
1188.25  0
1188.50  0
1188.75  0
1189.00  1
1189.25  0
1189.50  0
1189.75  0
1190.00  1
1190.25  0
1190.50  0
1190.75  0
1191.00  1
1191.25  0
1191.50  0
1191.75  0
1192.00  1
1192.25  0
1192.50  0
1192.75  0
1193.00  1
1193.25  0
1193.50  0
1193.75  0
1194.00  1
1194.25  0
1194.50  0
1194.75  0
1195.00  1
1195.25  0
1195.50  0
1195.75  0
1196.00  1
1196.25  0
1196.50  0
1196.75  0
1197.00  1
1197.25  0
1197.50  0
1197.75  0
1198.00  1
1198.25  0
1198.50  0
1198.75  0
1199.00  1
1199.25  0
1199.50  0
1199.75  0
1200.00  1
1200.25  0
1200.50  0
1200.75  0
1201.00  1
1201.25  0
1201.50  0
1201.75  0
1202.00  1
1202.25  0
1202.50  0
1202.75  0
1203.00  1
1203.25  0
1203.50  0
1203.75  0
1204.00  1
1204.25  0
1204.50  0
1204.75  0
1205.00  1
1205.25  0
1205.50  0
1205.75  0
1206.00  1
1206.25  0
1206.50  0
1206.75  0
1207.00  1
1207.25  0
1207.50  0
1207.75  0
1208.00  1
1208.25  0
1208.50  0
1208.75  0
1209.00  1
1209.25  0
1209.50  0
1209.75  0
1210.00  1
1210.25  0
1210.50  0
1210.75  0
1211.00  1
1211.25  0
1211.50  0
1211.75  0
1212.00  1
1212.25  0
1212.50  0
1212.75  0
1213.00  1
1213.25  0
1213.50  0
1213.75  0
1214.00  1
1214.25  0
1214.50  0
1214.75  0
1215.00  1
1215.25  0
1215.50  0
1215.75  0
1216.00  1
1216.25  0
1216.50  0
1216.75  0
1217.00  1
1217.25  0
1217.50  0
1217.75  0
1218.00  1
1218.25  0
1218.50  0
1218.75  0
1219.00  1
1219.25  0
1219.50  0
1219.75  0
1220.00  1
1220.25  0
1220.50  0
1220.75  0
1221.00  1
1221.25  0
1221.50  0
1221.75  0
1222.00  1
1222.25  0
1222.50  0
1222.75  0
1223.00  1
1223.25  0
1223.50  0
1223.75  0
1224.00  1
1224.25  0
1224.50  0
1224.75  0
1225.00  1
1225.25  0
1225.50  0
1225.75  0
1226.00  1
1226.25  0
1226.50  0
1226.75  0
1227.00  1
1227.25  0
1227.50  0
1227.75  0
1228.00  1
1228.25  0
1228.50  0
1228.75  0
1229.00  1
1229.25  0
1229.50  0
1229.75  0
1230.00  1
1230.25  0
1230.50  0
1230.75  0
1231.00  1
1231.25  0
1231.50  0
1231.75  0
1232.00  1
1232.25  0
1232.50  0
1232.75  0
1233.00  1
1233.25  0
1233.50  0
1233.75  0
1234.00  1
1234.25  0
1234.50  0
1234.75  0
1235.00  1
1235.25  0
1235.50  0
1235.75  0
1236.00  1
1236.25  0
1236.50  0
1236.75  0
1237.00  1
1237.25  0
1237.50  0
1237.75  0
1238.00  1
1238.25  0
1238.50  0
1238.75  0
1239.00  1
1239.25  0
1239.50  0
1239.75  0
1240.00  1
1240.25  0
1240.50  0
1240.75  0
1241.00  1
1241.25  0
1241.50  0
1241.75  0
1242.00  1
1242.25  0
1242.50  0
1242.75  0
1243.00  1
1243.25  0
1243.50  0
1243.75  0
1244.00  1
1244.25  0
1244.50  0
1244.75  0
1245.00  1
1245.25  0
1245.50  0
1245.75  0
1246.00  1
1246.25  0
1246.50  0
1246.75  0
1247.00  1
1247.25  0
1247.50  0
1247.75  0
1248.00  1
1248.25  0
1248.50  0
1248.75  0
1249.00  1
1249.25  0
1249.50  0
1249.75  0
1250.00  1
1250.25  0
1250.50  0
1250.75  0
1251.00  1
1251.25  0
1251.50  0
1251.75  0
1252.00  1
1252.25  0
1252.50  0
1252.75  0
1253.00  1
1253.25  0
1253.50  0
1253.75  0
1254.00  1
1254.25  0
1254.50  0
1254.75  0
1255.00  1
1255.25  0
1255.50  0
1255.75  0
1256.00  1
1256.25  0
1256.50  0
1256.75  0
1257.00  1
1257.25  0
1257.50  0
1257.75  0
1258.00  1
1258.25  0
1258.50  0
1258.75  0
1259.00  1
1259.25  0
1259.50  0
1259.75  0
1260.00  1
1260.25  0
1260.50  0
1260.75  0
1261.00  1
1261.25  0
1261.50  0
1261.75  0
1262.00  1
1262.25  0
1262.50  0
1262.75  0
1263.00  1
1263.25  0
1263.50  0
1263.75  0
1264.00  1
1264.25  0
1264.50  0
1264.75  0
1265.00  1
1265.25  0
1265.50  0
1265.75  0
1266.00  1
1266.25  0
1266.50  0
1266.75  0
1267.00  1
1267.25  0
1267.50  0
1267.75  0
1268.00  1
1268.25  0
1268.50  0
1268.75  0
1269.00  1
1269.25  0
1269.50  0
1269.75  0
1270.00  1
1270.25  0
1270.50  0
1270.75  0
1271.00  1
1271.25  0
1271.50  0
1271.75  0
1272.00  1
1272.25  0
1272.50  0
1272.75  0
1273.00  1
1273.25  0
1273.50  0
1273.75  0
1274.00  1
1274.25  0
1274.50  0
1274.75  0
1275.00  1
1275.25  0
1275.50  0
1275.75  0
1276.00  1
1276.25  0
1276.50  0
1276.75  0
1277.00  1
1277.25  0
1277.50  0
1277.75  0
1278.00  1
1278.25  0
1278.50  0
1278.75  0
1279.00  1
1279.25  0
1279.50  0
1279.75  0
1280.00  1
1280.25  0
1280.50  0
1280.75  0
1281.00  1
1281.25  0
1281.50  0
1281.75  0
1282.00  1
1282.25  0
1282.50  0
1282.75  0
1283.00  1
1283.25  0
1283.50  0
1283.75  0
1284.00  1
1284.25  0
1284.50  0
1284.75  0
1285.00  1
1285.25  0
1285.50  0
1285.75  0
1286.00  1
1286.25  0
1286.50  0
1286.75  0
1287.00  1
1287.25  0
1287.50  0
1287.75  0
1288.00  1
1288.25  0
1288.50  0
1288.75  0
1289.00  1
1289.25  0
1289.50  0
1289.75  0
1290.00  1
1290.25  0
1290.50  0
1290.75  0
1291.00  1
1291.25  0
1291.50  0
1291.75  0
1292.00  1
1292.25  0
1292.50  0
1292.75  0
1293.00  1
1293.25  0
1293.50  0
1293.75  0
1294.00  1
1294.25  0
1294.50  0
1294.75  0
1295.00  1
1295.25  0
1295.50  0
1295.75  0
1296.00  1
1296.25  0
1296.50  0
1296.75  0
1297.00  1
1297.25  0
1297.50  0
1297.75  0
1298.00  1
1298.25  0
1298.50  0
1298.75  0
1299.00  1
1299.25  0
1299.50  0
1299.75  0
1300.00  1
1300.25  0
1300.50  0
1300.75  0
1301.00  1
1301.25  0
1301.50  0
1301.75  0
1302.00  1
1302.25  0
1302.50  0
1302.75  0
1303.00  1
1303.25  0
1303.50  0
1303.75  0
1304.00  1
1304.25  0
1304.50  0
1304.75  0
1305.00  1
1305.25  0
1305.50  0
1305.75  0
1306.00  1
1306.25  0
1306.50  0
1306.75  0
1307.00  1
1307.25  0
1307.50  0
1307.75  0
1308.00  1
1308.25  0
1308.50  0
1308.75  0
1309.00  1
1309.25  0
1309.50  0
1309.75  0
1310.00  1
1310.25  0
1310.50  0
1310.75  0
1311.00  1
1311.25  0
1311.50  0
1311.75  0
1312.00  1
1312.25  0
1312.50  0
1312.75  0
1313.00  1
1313.25  0
1313.50  0
1313.75  0
1314.00  1
1314.25  0
1314.50  0
1314.75  0
1315.00  1
1315.25  0
1315.50  0
1315.75  0
1316.00  1
1316.25  0
1316.50  0
1316.75  0
1317.00  1
1317.25  0
1317.50  0
1317.75  0
1318.00  1
1318.25  0
1318.50  0
1318.75  0
1319.00  1
1319.25  0
1319.50  0
1319.75  0
1320.00  1
1320.25  0
1320.50  0
1320.75  0
1321.00  1
1321.25  0
1321.50  0
1321.75  0
1322.00  1
1322.25  0
1322.50  0
1322.75  0
1323.00  1
1323.25  0
1323.50  0
1323.75  0
1324.00  1
1324.25  0
1324.50  0
1324.75  0
1325.00  1
1325.25  0
1325.50  0
1325.75  0
1326.00  1
1326.25  0
1326.50  0
1326.75  0
1327.00  1
1327.25  0
1327.50  0
1327.75  0
1328.00  1
1328.25  0
1328.50  0
1328.75  0
1329.00  1
1329.25  0
1329.50  0
1329.75  0
1330.00  1
1330.25  0
1330.50  0
1330.75  0
1331.00  1
1331.25  0
1331.50  0
1331.75  0
1332.00  1
1332.25  0
1332.50  0
1332.75  0
1333.00  1
1333.25  0
1333.50  0
1333.75  0
1334.00  1
1334.25  0
1334.50  0
1334.75  0
1335.00  1
1335.25  0
1335.50  0
1335.75  0
1336.00  1
1336.25  0
1336.50  0
1336.75  0
1337.00  1
1337.25  0
1337.50  0
1337.75  0
1338.00  1
1338.25  0
1338.50  0
1338.75  0
1339.00  1
1339.25  0
1339.50  0
1339.75  0
1340.00  1
1340.25  0
1340.50  0
1340.75  0
1341.00  1
1341.25  0
1341.50  0
1341.75  0
1342.00  1
1342.25  0
1342.50  0
1342.75  0
1343.00  1
1343.25  0
1343.50  0
1343.75  0
1344.00  1
1344.25  0
1344.50  0
1344.75  0
1345.00  1
1345.25  0
1345.50  0
1345.75  0
1346.00  1
1346.25  0
1346.50  0
1346.75  0
1347.00  1
1347.25  0
1347.50  0
1347.75  0
1348.00  1
1348.25  0
1348.50  0
1348.75  0
1349.00  1
1349.25  0
1349.50  0
1349.75  0
1350.00  1
1350.25  0
1350.50  0
1350.75  0
1351.00  1
1351.25  0
1351.50  0
1351.75  0
1352.00  1
1352.25  0
1352.50  0
1352.75  0
1353.00  1
1353.25  0
1353.50  0
1353.75  0
1354.00  1
1354.25  0
1354.50  0
1354.75  0
1355.00  1
1355.25  0
1355.50  0
1355.75  0
1356.00  1
1356.25  0
1356.50  0
1356.75  0
1357.00  1
1357.25  0
1357.50  0
1357.75  0
1358.00  1
1358.25  0
1358.50  0
1358.75  0
1359.00  1
1359.25  0
1359.50  0
1359.75  0
1360.00  1
1360.25  0
1360.50  0
1360.75  0
1361.00  1
1361.25  0
1361.50  0
1361.75  0
1362.00  1
1362.25  0
1362.50  0
1362.75  0
1363.00  1
1363.25  0
1363.50  0
1363.75  0
1364.00  1
1364.25  0
1364.50  0
1364.75  0
1365.00  1
1365.25  0
1365.50  0
1365.75  0
1366.00  1
1366.25  0
1366.50  0
1366.75  0
1367.00  1
1367.25  0
1367.50  0
1367.75  0
1368.00  1
1368.25  0
1368.50  0
1368.75  0
1369.00  1
1369.25  0
1369.50  0
1369.75  0
1370.00  1
1370.25  0
1370.50  0
1370.75  0
1371.00  1
1371.25  0
1371.50  0
1371.75  0
1372.00  1
1372.25  0
1372.50  0
1372.75  0
1373.00  1
1373.25  0
1373.50  0
1373.75  0
1374.00  1
1374.25  0
1374.50  0
1374.75  0
1375.00  1
1375.25  0
1375.50  0
1375.75  0
1376.00  1
1376.25  0
1376.50  0
1376.75  0
1377.00  1
1377.25  0
1377.50  0
1377.75  0
1378.00  1
1378.25  0
1378.50  0
1378.75  0
1379.00  1
1379.25  0
1379.50  0
1379.75  0
1380.00  1
1380.25  0
1380.50  0
1380.75  0
1381.00  1
1381.25  0
1381.50  0
1381.75  0
1382.00  1
1382.25  0
1382.50  0
1382.75  0
1383.00  1
1383.25  0
1383.50  0
1383.75  0
1384.00  1
1384.25  0
1384.50  0
1384.75  0
1385.00  1
1385.25  0
1385.50  0
1385.75  0
1386.00  1
1386.25  0
1386.50  0
1386.75  0
1387.00  1
1387.25  0
1387.50  0
1387.75  0
1388.00  1
1388.25  0
1388.50  0
1388.75  0
1389.00  1
1389.25  0
1389.50  0
1389.75  0
1390.00  1
1390.25  0
1390.50  0
1390.75  0
1391.00  1
1391.25  0
1391.50  0
1391.75  0
1392.00  1
1392.25  0
1392.50  0
1392.75  0
1393.00  1
1393.25  0
1393.50  0
1393.75  0
1394.00  1
1394.25  0
1394.50  0
1394.75  0
1395.00  1
1395.25  0
1395.50  0
1395.75  0
1396.00  1
1396.25  0
1396.50  0
1396.75  0
1397.00  1
1397.25  0
1397.50  0
1397.75  0
1398.00  1
1398.25  0
1398.50  0
1398.75  0
1399.00  1
1399.25  0
1399.50  0
1399.75  0
1400.00  1
1400.25  0
1400.50  0
1400.75  0
1401.00  1
1401.25  0
1401.50  0
1401.75  0
1402.00  1
1402.25  0
1402.50  0
1402.75  0
1403.00  1
1403.25  0
1403.50  0
1403.75  0
1404.00  1
1404.25  0
1404.50  0
1404.75  0
1405.00  1
1405.25  0
1405.50  0
1405.75  0
1406.00  1
1406.25  0
1406.50  0
1406.75  0
1407.00  1
1407.25  0
1407.50  0
1407.75  0
1408.00  1
1408.25  0
1408.50  0
1408.75  0
1409.00  1
1409.25  0
1409.50  0
1409.75  0
1410.00  1
1410.25  0
1410.50  0
1410.75  0
1411.00  1
1411.25  0
1411.50  0
1411.75  0
1412.00  1
1412.25  0
1412.50  0
1412.75  0
1413.00  1
1413.25  0
1413.50  0
1413.75  0
1414.00  1
1414.25  0
1414.50  0
1414.75  0
1415.00  1
1415.25  0
1415.50  0
1415.75  0
1416.00  1
1416.25  0
1416.50  0
1416.75  0
1417.00  1
1417.25  0
1417.50  0
1417.75  0
1418.00  1
1418.25  0
1418.50  0
1418.75  0
1419.00  1
1419.25  0
1419.50  0
1419.75  0
1420.00  1
1420.25  0
1420.50  0
1420.75  0
1421.00  1
1421.25  0
1421.50  0
1421.75  0
1422.00  1
1422.25  0
1422.50  0
1422.75  0
1423.00  1
1423.25  0
1423.50  0
1423.75  0
1424.00  1
1424.25  0
1424.50  0
1424.75  0
1425.00  1
1425.25  0
1425.50  0
1425.75  0
1426.00  1
1426.25  0
1426.50  0
1426.75  0
1427.00  1
1427.25  0
1427.50  0
1427.75  0
1428.00  1
1428.25  0
1428.50  0
1428.75  0
1429.00  1
1429.25  0
1429.50  0
1429.75  0
1430.00  1
1430.25  0
1430.50  0
1430.75  0
1431.00  1
1431.25  0
1431.50  0
1431.75  0
1432.00  1
1432.25  0
1432.50  0
1432.75  0
1433.00  1
1433.25  0
1433.50  0
1433.75  0
1434.00  1
1434.25  0
1434.50  0
1434.75  0
1435.00  1
1435.25  0
1435.50  0
1435.75  0
1436.00  1
1436.25  0
1436.50  0
1436.75  0
1437.00  1
1437.25  0
1437.50  0
1437.75  0
1438.00  1
1438.25  0
1438.50  0
1438.75  0
1439.00  1
1439.25  0
1439.50  0
1439.75  0
1440.00  1
1440.25  0
1440.50  0
1440.75  0
1441.00  1
1441.25  0
1441.50  0
1441.75  0
1442.00  1
1442.25  0
1442.50  0
1442.75  0
1443.00  1
1443.25  0
1443.50  0
1443.75  0
1444.00  1
1444.25  0
1444.50  0
1444.75  0
1445.00  1
1445.25  0
1445.50  0
1445.75  0
1446.00  1
1446.25  0
1446.50  0
1446.75  0
1447.00  1
1447.25  0
1447.50  0
1447.75  0
1448.00  1
1448.25  0
1448.50  0
1448.75  0
1449.00  1
1449.25  0
1449.50  0
1449.75  0
1450.00  1
1450.25  0
1450.50  0
1450.75  0
1451.00  1
1451.25  0
1451.50  0
1451.75  0
1452.00  1
1452.25  0
1452.50  0
1452.75  0
1453.00  1
1453.25  0
1453.50  0
1453.75  0
1454.00  1
1454.25  0
1454.50  0
1454.75  0
1455.00  1
1455.25  0
1455.50  0
1455.75  0
1456.00  1
1456.25  0
1456.50  0
1456.75  0
1457.00  1
1457.25  0
1457.50  0
1457.75  0
1458.00  1
1458.25  0
1458.50  0
1458.75  0
1459.00  1
1459.25  0
1459.50  0
1459.75  0
1460.00  1
1460.25  0
1460.50  0
1460.75  0
1461.00  1
1461.25  0
1461.50  0
1461.75  0
1462.00  1
1462.25  0
1462.50  0
1462.75  0
1463.00  1
1463.25  0
1463.50  0
1463.75  0
1464.00  1
1464.25  0
1464.50  0
1464.75  0
1465.00  1
1465.25  0
1465.50  0
1465.75  0
1466.00  1
1466.25  0
1466.50  0
1466.75  0
1467.00  1
1467.25  0
1467.50  0
1467.75  0
1468.00  1
1468.25  0
1468.50  0
1468.75  0
1469.00  1
1469.25  0
1469.50  0
1469.75  0
1470.00  1
1470.25  0
1470.50  0
1470.75  0
1471.00  1
1471.25  0
1471.50  0
1471.75  0
1472.00  1
1472.25  0
1472.50  0
1472.75  0
1473.00  1
1473.25  0
1473.50  0
1473.75  0
1474.00  1
1474.25  0
1474.50  0
1474.75  0
1475.00  1
1475.25  0
1475.50  0
1475.75  0
1476.00  1
1476.25  0
1476.50  0
1476.75  0
1477.00  1
1477.25  0
1477.50  0
1477.75  0
1478.00  1
1478.25  0
1478.50  0
1478.75  0
1479.00  1
1479.25  0
1479.50  0
1479.75  0
1480.00  1
1480.25  0
1480.50  0
1480.75  0
1481.00  1
1481.25  0
1481.50  0
1481.75  0
1482.00  1
1482.25  0
1482.50  0
1482.75  0
1483.00  1
1483.25  0
1483.50  0
1483.75  0
1484.00  1
1484.25  0
1484.50  0
1484.75  0
1485.00  1
1485.25  0
1485.50  0
1485.75  0
1486.00  1
1486.25  0
1486.50  0
1486.75  0
1487.00  1
1487.25  0
1487.50  0
1487.75  0
1488.00  1
1488.25  0
1488.50  0
1488.75  0
1489.00  1
1489.25  0
1489.50  0
1489.75  0
1490.00  1
1490.25  0
1490.50  0
1490.75  0
1491.00  1
1491.25  0
1491.50  0
1491.75  0
1492.00  1
1492.25  0
1492.50  0
1492.75  0
1493.00  1
1493.25  0
1493.50  0
1493.75  0
1494.00  1
1494.25  0
1494.50  0
1494.75  0
1495.00  1
1495.25  0
1495.50  0
1495.75  0
1496.00  1
1496.25  0
1496.50  0
1496.75  0
1497.00  1
1497.25  0
1497.50  0
1497.75  0
1498.00  1
1498.25  0
1498.50  0
1498.75  0
1499.00  1
1499.25  0
1499.50  0
1499.75  0
1500.00  1
1500.25  0
1500.50  0
1500.75  0
1501.00  1
1501.25  0
1501.50  0
1501.75  0
1502.00  1
1502.25  0
1502.50  0
1502.75  0
1503.00  1
1503.25  0
1503.50  0
1503.75  0
1504.00  1
1504.25  0
1504.50  0
1504.75  0
1505.00  1
1505.25  0
1505.50  0
1505.75  0
1506.00  1
1506.25  0
1506.50  0
1506.75  0
1507.00  1
1507.25  0
1507.50  0
1507.75  0
1508.00  1
1508.25  0
1508.50  0
1508.75  0
1509.00  1
1509.25  0
1509.50  0
1509.75  0
1510.00  1
1510.25  0
1510.50  0
1510.75  0
1511.00  1
1511.25  0
1511.50  0
1511.75  0
1512.00  1
1512.25  0
1512.50  0
1512.75  0
1513.00  1
1513.25  0
1513.50  0
1513.75  0
1514.00  1
1514.25  0
1514.50  0
1514.75  0
1515.00  1
1515.25  0
1515.50  0
1515.75  0
1516.00  1
1516.25  0
1516.50  0
1516.75  0
1517.00  1
1517.25  0
1517.50  0
1517.75  0
1518.00  1
1518.25  0
1518.50  0
1518.75  0
1519.00  1
1519.25  0
1519.50  0
1519.75  0
1520.00  1
1520.25  0
1520.50  0
1520.75  0
1521.00  1
1521.25  0
1521.50  0
1521.75  0
1522.00  1
1522.25  0
1522.50  0
1522.75  0
1523.00  1
1523.25  0
1523.50  0
1523.75  0
1524.00  1
1524.25  0
1524.50  0
1524.75  0
1525.00  1
1525.25  0
1525.50  0
1525.75  0
1526.00  1
1526.25  0
1526.50  0
1526.75  0
1527.00  1
1527.25  0
1527.50  0
1527.75  0
1528.00  1
1528.25  0
1528.50  0
1528.75  0
1529.00  1
1529.25  0
1529.50  0
1529.75  0
1530.00  1
1530.25  0
1530.50  0
1530.75  0
1531.00  1
1531.25  0
1531.50  0
1531.75  0
1532.00  1
1532.25  0
1532.50  0
1532.75  0
1533.00  1
1533.25  0
1533.50  0
1533.75  0
1534.00  1
1534.25  0
1534.50  0
1534.75  0
1535.00  1
1535.25  0
1535.50  0
1535.75  0
1536.00  1
1536.25  0
1536.50  0
1536.75  0
1537.00  1
1537.25  0
1537.50  0
1537.75  0
1538.00  1
1538.25  0
1538.50  0
1538.75  0
1539.00  1
1539.25  0
1539.50  0
1539.75  0
1540.00  1
1540.25  0
1540.50  0
1540.75  0
1541.00  1
1541.25  0
1541.50  0
1541.75  0
1542.00  1
1542.25  0
1542.50  0
1542.75  0
1543.00  1
1543.25  0
1543.50  0
1543.75  0
1544.00  1
1544.25  0
1544.50  0
1544.75  0
1545.00  1
1545.25  0
1545.50  0
1545.75  0
1546.00  1
1546.25  0
1546.50  0
1546.75  0
1547.00  1
1547.25  0
1547.50  0
1547.75  0
1548.00  1
1548.25  0
1548.50  0
1548.75  0
1549.00  1
1549.25  0
1549.50  0
1549.75  0
1550.00  1
1550.25  0
1550.50  0
1550.75  0
1551.00  1
1551.25  0
1551.50  0
1551.75  0
1552.00  1
1552.25  0
1552.50  0
1552.75  0
1553.00  1
1553.25  0
1553.50  0
1553.75  0
1554.00  1
1554.25  0
1554.50  0
1554.75  0
1555.00  1
1555.25  0
1555.50  0
1555.75  0
1556.00  1
1556.25  0
1556.50  0
1556.75  0
1557.00  1
1557.25  0
1557.50  0
1557.75  0
1558.00  1
1558.25  0
1558.50  0
1558.75  0
1559.00  1
1559.25  0
1559.50  0
1559.75  0
1560.00  1
1560.25  0
1560.50  0
1560.75  0
1561.00  1
1561.25  0
1561.50  0
1561.75  0
1562.00  1
1562.25  0
1562.50  0
1562.75  0
1563.00  1
1563.25  0
1563.50  0
1563.75  0
1564.00  1
1564.25  0
1564.50  0
1564.75  0
1565.00  1
1565.25  0
1565.50  0
1565.75  0
1566.00  1
1566.25  0
1566.50  0
1566.75  0
1567.00  1
1567.25  0
1567.50  0
1567.75  0
1568.00  1
1568.25  0
1568.50  0
1568.75  0
1569.00  1
1569.25  0
1569.50  0
1569.75  0
1570.00  1
1570.25  0
1570.50  0
1570.75  0
1571.00  1
1571.25  0
1571.50  0
1571.75  0
1572.00  1
1572.25  0
1572.50  0
1572.75  0
1573.00  1
1573.25  0
1573.50  0
1573.75  0
1574.00  1
1574.25  0
1574.50  0
1574.75  0
1575.00  1
1575.25  0
1575.50  0
1575.75  0
1576.00  1
1576.25  0
1576.50  0
1576.75  0
1577.00  1
1577.25  0
1577.50  0
1577.75  0
1578.00  1
1578.25  0
1578.50  0
1578.75  0
1579.00  1
1579.25  0
1579.50  0
1579.75  0
1580.00  1
1580.25  0
1580.50  0
1580.75  0
1581.00  1
1581.25  0
1581.50  0
1581.75  0
1582.00  1
1582.25  0
1582.50  0
1582.75  0
1583.00  1
1583.25  0
1583.50  0
1583.75  0
1584.00  1
1584.25  0
1584.50  0
1584.75  0
1585.00  1
1585.25  0
1585.50  0
1585.75  0
1586.00  1
1586.25  0
1586.50  0
1586.75  0
1587.00  1
1587.25  0
1587.50  0
1587.75  0
1588.00  1
1588.25  0
1588.50  0
1588.75  0
1589.00  1
1589.25  0
1589.50  0
1589.75  0
1590.00  1
1590.25  0
1590.50  0
1590.75  0
1591.00  1
1591.25  0
1591.50  0
1591.75  0
1592.00  1
1592.25  0
1592.50  0
1592.75  0
1593.00  1
1593.25  0
1593.50  0
1593.75  0
1594.00  1
1594.25  0
1594.50  0
1594.75  0
1595.00  1
1595.25  0
1595.50  0
1595.75  0
1596.00  1
1596.25  0
1596.50  0
1596.75  0
1597.00  1
1597.25  0
1597.50  0
1597.75  0
1598.00  1
1598.25  0
1598.50  0
1598.75  0
1599.00  1
1599.25  0
1599.50  0
1599.75  0
1600.00  1
1600.25  0
1600.50  0
1600.75  0
1601.00  1
1601.25  0
1601.50  0
1601.75  0
1602.00  1
1602.25  0
1602.50  0
1602.75  0
1603.00  1
1603.25  0
1603.50  0
1603.75  0
1604.00  1
1604.25  0
1604.50  0
1604.75  0
1605.00  1
1605.25  0
1605.50  0
1605.75  0
1606.00  1
1606.25  0
1606.50  0
1606.75  0
1607.00  1
1607.25  0
1607.50  0
1607.75  0
1608.00  1
1608.25  0
1608.50  0
1608.75  0
1609.00  1
1609.25  0
1609.50  0
1609.75  0
1610.00  1
1610.25  0
1610.50  0
1610.75  0
1611.00  1
1611.25  0
1611.50  0
1611.75  0
1612.00  1
1612.25  0
1612.50  0
1612.75  0
1613.00  1
1613.25  0
1613.50  0
1613.75  0
1614.00  1
1614.25  0
1614.50  0
1614.75  0
1615.00  1
1615.25  0
1615.50  0
1615.75  0
1616.00  1
1616.25  0
1616.50  0
1616.75  0
1617.00  1
1617.25  0
1617.50  0
1617.75  0
1618.00  1
1618.25  0
1618.50  0
1618.75  0
1619.00  1
1619.25  0
1619.50  0
1619.75  0
1620.00  1
1620.25  0
1620.50  0
1620.75  0
1621.00  1
1621.25  0
1621.50  0
1621.75  0
1622.00  1
1622.25  0
1622.50  0
1622.75  0
1623.00  1
1623.25  0
1623.50  0
1623.75  0
1624.00  1
1624.25  0
1624.50  0
1624.75  0
1625.00  1
1625.25  0
1625.50  0
1625.75  0
1626.00  1
1626.25  0
1626.50  0
1626.75  0
1627.00  1
1627.25  0
1627.50  0
1627.75  0
1628.00  1
1628.25  0
1628.50  0
1628.75  0
1629.00  1
1629.25  0
1629.50  0
1629.75  0
1630.00  1
1630.25  0
1630.50  0
1630.75  0
1631.00  1
1631.25  0
1631.50  0
1631.75  0
1632.00  1
1632.25  0
1632.50  0
1632.75  0
1633.00  1
1633.25  0
1633.50  0
1633.75  0
1634.00  1
1634.25  0
1634.50  0
1634.75  0
1635.00  1
1635.25  0
1635.50  0
1635.75  0
1636.00  1
1636.25  0
1636.50  0
1636.75  0
1637.00  1
1637.25  0
1637.50  0
1637.75  0
1638.00  1
1638.25  0
1638.50  0
1638.75  0
1639.00  1
1639.25  0
1639.50  0
1639.75  0
1640.00  1
1640.25  0
1640.50  0
1640.75  0
1641.00  1
1641.25  0
1641.50  0
1641.75  0
1642.00  1
1642.25  0
1642.50  0
1642.75  0
1643.00  1
1643.25  0
1643.50  0
1643.75  0
1644.00  1
1644.25  0
1644.50  0
1644.75  0
1645.00  1
1645.25  0
1645.50  0
1645.75  0
1646.00  1
1646.25  0
1646.50  0
1646.75  0
1647.00  1
1647.25  0
1647.50  0
1647.75  0
1648.00  1
1648.25  0
1648.50  0
1648.75  0
1649.00  1
1649.25  0
1649.50  0
1649.75  0
1650.00  1
1650.25  0
1650.50  0
1650.75  0
1651.00  1
1651.25  0
1651.50  0
1651.75  0
1652.00  1
1652.25  0
1652.50  0
1652.75  0
1653.00  1
1653.25  0
1653.50  0
1653.75  0
1654.00  1
1654.25  0
1654.50  0
1654.75  0
1655.00  1
1655.25  0
1655.50  0
1655.75  0
1656.00  1
1656.25  0
1656.50  0
1656.75  0
1657.00  1
1657.25  0
1657.50  0
1657.75  0
1658.00  1
1658.25  0
1658.50  0
1658.75  0
1659.00  1
1659.25  0
1659.50  0
1659.75  0
1660.00  1
1660.25  0
1660.50  0
1660.75  0
1661.00  1
1661.25  0
1661.50  0
1661.75  0
1662.00  1
1662.25  0
1662.50  0
1662.75  0
1663.00  1
1663.25  0
1663.50  0
1663.75  0
1664.00  1
1664.25  0
1664.50  0
1664.75  0
1665.00  1
1665.25  0
1665.50  0
1665.75  0
1666.00  1
1666.25  0
1666.50  0
1666.75  0
1667.00  1
1667.25  0
1667.50  0
1667.75  0
1668.00  1
1668.25  0
1668.50  0
1668.75  0
1669.00  1
1669.25  0
1669.50  0
1669.75  0
1670.00  1
1670.25  0
1670.50  0
1670.75  0
1671.00  1
1671.25  0
1671.50  0
1671.75  0
1672.00  1
1672.25  0
1672.50  0
1672.75  0
1673.00  1
1673.25  0
1673.50  0
1673.75  0
1674.00  1
1674.25  0
1674.50  0
1674.75  0
1675.00  1
1675.25  0
1675.50  0
1675.75  0
1676.00  1
1676.25  0
1676.50  0
1676.75  0
1677.00  1
1677.25  0
1677.50  0
1677.75  0
1678.00  1
1678.25  0
1678.50  0
1678.75  0
1679.00  1
1679.25  0
1679.50  0
1679.75  0
1680.00  1
1680.25  0
1680.50  0
1680.75  0
1681.00  1
1681.25  0
1681.50  0
1681.75  0
1682.00  1
1682.25  0
1682.50  0
1682.75  0
1683.00  1
1683.25  0
1683.50  0
1683.75  0
1684.00  1
1684.25  0
1684.50  0
1684.75  0
1685.00  1
1685.25  0
1685.50  0
1685.75  0
1686.00  1
1686.25  0
1686.50  0
1686.75  0
1687.00  1
1687.25  0
1687.50  0
1687.75  0
1688.00  1
1688.25  0
1688.50  0
1688.75  0
1689.00  1
1689.25  0
1689.50  0
1689.75  0
1690.00  1
1690.25  0
1690.50  0
1690.75  0
1691.00  1
1691.25  0
1691.50  0
1691.75  0
1692.00  1
1692.25  0
1692.50  0
1692.75  0
1693.00  1
1693.25  0
1693.50  0
1693.75  0
1694.00  1
1694.25  0
1694.50  0
1694.75  0
1695.00  1
1695.25  0
1695.50  0
1695.75  0
1696.00  1
1696.25  0
1696.50  0
1696.75  0
1697.00  1
1697.25  0
1697.50  0
1697.75  0
1698.00  1
1698.25  0
1698.50  0
1698.75  0
1699.00  1
1699.25  0
1699.50  0
1699.75  0
1700.00  1
1700.25  0
1700.50  0
1700.75  0
1701.00  1
1701.25  0
1701.50  0
1701.75  0
1702.00  1
1702.25  0
1702.50  0
1702.75  0
1703.00  1
1703.25  0
1703.50  0
1703.75  0
1704.00  1
1704.25  0
1704.50  0
1704.75  0
1705.00  1
1705.25  0
1705.50  0
1705.75  0
1706.00  1
1706.25  0
1706.50  0
1706.75  0
1707.00  1
1707.25  0
1707.50  0
1707.75  0
1708.00  1
1708.25  0
1708.50  0
1708.75  0
1709.00  1
1709.25  0
1709.50  0
1709.75  0
1710.00  1
1710.25  0
1710.50  0
1710.75  0
1711.00  1
1711.25  0
1711.50  0
1711.75  0
1712.00  1
1712.25  0
1712.50  0
1712.75  0
1713.00  1
1713.25  0
1713.50  0
1713.75  0
1714.00  1
1714.25  0
1714.50  0
1714.75  0
1715.00  1
1715.25  0
1715.50  0
1715.75  0
1716.00  1
1716.25  0
1716.50  0
1716.75  0
1717.00  1
1717.25  0
1717.50  0
1717.75  0
1718.00  1
1718.25  0
1718.50  0
1718.75  0
1719.00  1
1719.25  0
1719.50  0
1719.75  0
1720.00  1
1720.25  0
1720.50  0
1720.75  0
1721.00  1
1721.25  0
1721.50  0
1721.75  0
1722.00  1
1722.25  0
1722.50  0
1722.75  0
1723.00  1
1723.25  0
1723.50  0
1723.75  0
1724.00  1
1724.25  0
1724.50  0
1724.75  0
1725.00  1
1725.25  0
1725.50  0
1725.75  0
1726.00  1
1726.25  0
1726.50  0
1726.75  0
1727.00  1
1727.25  0
1727.50  0
1727.75  0
1728.00  1
1728.25  0
1728.50  0
1728.75  0
1729.00  1
1729.25  0
1729.50  0
1729.75  0
1730.00  1
1730.25  0
1730.50  0
1730.75  0
1731.00  1
1731.25  0
1731.50  0
1731.75  0
1732.00  1
1732.25  0
1732.50  0
1732.75  0
1733.00  1
1733.25  0
1733.50  0
1733.75  0
1734.00  1
1734.25  0
1734.50  0
1734.75  0
1735.00  1
1735.25  0
1735.50  0
1735.75  0
1736.00  1
1736.25  0
1736.50  0
1736.75  0
1737.00  1
1737.25  0
1737.50  0
1737.75  0
1738.00  1
1738.25  0
1738.50  0
1738.75  0
1739.00  1
1739.25  0
1739.50  0
1739.75  0
1740.00  1
1740.25  0
1740.50  0
1740.75  0
1741.00  1
1741.25  0
1741.50  0
1741.75  0
1742.00  1
1742.25  0
1742.50  0
1742.75  0
1743.00  1
1743.25  0
1743.50  0
1743.75  0
1744.00  1
1744.25  0
1744.50  0
1744.75  0
1745.00  1
1745.25  0
1745.50  0
1745.75  0
1746.00  1
1746.25  0
1746.50  0
1746.75  0
1747.00  1
1747.25  0
1747.50  0
1747.75  0
1748.00  1
1748.25  0
1748.50  0
1748.75  0
1749.00  1
1749.25  0
1749.50  0
1749.75  0
1750.00  1
1750.25  0
1750.50  0
1750.75  0
1751.00  1
1751.25  0
1751.50  0
1751.75  0
1752.00  1
1752.25  0
1752.50  0
1752.75  0
1753.00  1
1753.25  0
1753.50  0
1753.75  0
1754.00  1
1754.25  0
1754.50  0
1754.75  0
1755.00  1
1755.25  0
1755.50  0
1755.75  0
1756.00  1
1756.25  0
1756.50  0
1756.75  0
1757.00  1
1757.25  0
1757.50  0
1757.75  0
1758.00  1
1758.25  0
1758.50  0
1758.75  0
1759.00  1
1759.25  0
1759.50  0
1759.75  0
1760.00  1
1760.25  0
1760.50  0
1760.75  0
1761.00  1
1761.25  0
1761.50  0
1761.75  0
1762.00  1
1762.25  0
1762.50  0
1762.75  0
1763.00  1
1763.25  0
1763.50  0
1763.75  0
1764.00  1
1764.25  0
1764.50  0
1764.75  0
1765.00  1
1765.25  0
1765.50  0
1765.75  0
1766.00  1
1766.25  0
1766.50  0
1766.75  0
1767.00  1
1767.25  0
1767.50  0
1767.75  0
1768.00  1
1768.25  0
1768.50  0
1768.75  0
1769.00  1
1769.25  0
1769.50  0
1769.75  0
1770.00  1
1770.25  0
1770.50  0
1770.75  0
1771.00  1
1771.25  0
1771.50  0
1771.75  0
1772.00  1
1772.25  0
1772.50  0
1772.75  0
1773.00  1
1773.25  0
1773.50  0
1773.75  0
1774.00  1
1774.25  0
1774.50  0
1774.75  0
1775.00  1
1775.25  0
1775.50  0
1775.75  0
1776.00  1
1776.25  0
1776.50  0
1776.75  0
1777.00  1
1777.25  0
1777.50  0
1777.75  0
1778.00  1
1778.25  0
1778.50  0
1778.75  0
1779.00  1
1779.25  0
1779.50  0
1779.75  0
1780.00  1
1780.25  0
1780.50  0
1780.75  0
1781.00  1
1781.25  0
1781.50  0
1781.75  0
1782.00  1
1782.25  0
1782.50  0
1782.75  0
1783.00  1
1783.25  0
1783.50  0
1783.75  0
1784.00  1
1784.25  0
1784.50  0
1784.75  0
1785.00  1
1785.25  0
1785.50  0
1785.75  0
1786.00  1
1786.25  0
1786.50  0
1786.75  0
1787.00  1
1787.25  0
1787.50  0
1787.75  0
1788.00  1
1788.25  0
1788.50  0
1788.75  0
1789.00  1
1789.25  0
1789.50  0
1789.75  0
1790.00  1
1790.25  0
1790.50  0
1790.75  0
1791.00  1
1791.25  0
1791.50  0
1791.75  0
1792.00  1
1792.25  0
1792.50  0
1792.75  0
1793.00  1
1793.25  0
1793.50  0
1793.75  0
1794.00  1
1794.25  0
1794.50  0
1794.75  0
1795.00  1
1795.25  0
1795.50  0
1795.75  0
1796.00  1
1796.25  0
1796.50  0
1796.75  0
1797.00  1
1797.25  0
1797.50  0
1797.75  0
1798.00  1
1798.25  0
1798.50  0
1798.75  0
1799.00  1
1799.25  0
1799.50  0
1799.75  0
1800.00  1
1800.25  0
1800.50  0
1800.75  0
1801.00  1
1801.25  0
1801.50  0
1801.75  0
1802.00  1
1802.25  0
1802.50  0
1802.75  0
1803.00  1
1803.25  0
1803.50  0
1803.75  0
1804.00  1
1804.25  0
1804.50  0
1804.75  0
1805.00  1
1805.25  0
1805.50  0
1805.75  0
1806.00  1
1806.25  0
1806.50  0
1806.75  0
1807.00  1
1807.25  0
1807.50  0
1807.75  0
1808.00  1
1808.25  0
1808.50  0
1808.75  0
1809.00  1
1809.25  0
1809.50  0
1809.75  0
1810.00  1
1810.25  0
1810.50  0
1810.75  0
1811.00  1
1811.25  0
1811.50  0
1811.75  0
1812.00  1
1812.25  0
1812.50  0
1812.75  0
1813.00  1
1813.25  0
1813.50  0
1813.75  0
1814.00  1
1814.25  0
1814.50  0
1814.75  0
1815.00  1
1815.25  0
1815.50  0
1815.75  0
1816.00  1
1816.25  0
1816.50  0
1816.75  0
1817.00  1
1817.25  0
1817.50  0
1817.75  0
1818.00  1
1818.25  0
1818.50  0
1818.75  0
1819.00  1
1819.25  0
1819.50  0
1819.75  0
1820.00  1
1820.25  0
1820.50  0
1820.75  0
1821.00  1
1821.25  0
1821.50  0
1821.75  0
1822.00  1
1822.25  0
1822.50  0
1822.75  0
1823.00  1
1823.25  0
1823.50  0
1823.75  0
1824.00  1
1824.25  0
1824.50  0
1824.75  0
1825.00  1
1825.25  0
1825.50  0
1825.75  0
1826.00  1
1826.25  0
1826.50  0
1826.75  0
1827.00  1
1827.25  0
1827.50  0
1827.75  0
1828.00  1
1828.25  0
1828.50  0
1828.75  0
1829.00  1
1829.25  0
1829.50  0
1829.75  0
1830.00  1
1830.25  0
1830.50  0
1830.75  0
1831.00  1
1831.25  0
1831.50  0
1831.75  0
1832.00  1
1832.25  0
1832.50  0
1832.75  0
1833.00  1
1833.25  0
1833.50  0
1833.75  0
1834.00  1
1834.25  0
1834.50  0
1834.75  0
1835.00  1
1835.25  0
1835.50  0
1835.75  0
1836.00  1
1836.25  0
1836.50  0
1836.75  0
1837.00  1
1837.25  0
1837.50  0
1837.75  0
1838.00  1
1838.25  0
1838.50  0
1838.75  0
1839.00  1
1839.25  0
1839.50  0
1839.75  0
1840.00  1
1840.25  0
1840.50  0
1840.75  0
1841.00  1
1841.25  0
1841.50  0
1841.75  0
1842.00  1
1842.25  0
1842.50  0
1842.75  0
1843.00  1
1843.25  0
1843.50  0
1843.75  0
1844.00  1
1844.25  0
1844.50  0
1844.75  0
1845.00  1
1845.25  0
1845.50  0
1845.75  0
1846.00  1
1846.25  0
1846.50  0
1846.75  0
1847.00  1
1847.25  0
1847.50  0
1847.75  0
1848.00  1
1848.25  0
1848.50  0
1848.75  0
1849.00  1
1849.25  0
1849.50  0
1849.75  0
1850.00  1
1850.25  0
1850.50  0
1850.75  0
1851.00  1
1851.25  0
1851.50  0
1851.75  0
1852.00  1
1852.25  0
1852.50  0
1852.75  0
1853.00  1
1853.25  0
1853.50  0
1853.75  0
1854.00  1
1854.25  0
1854.50  0
1854.75  0
1855.00  1
1855.25  0
1855.50  0
1855.75  0
1856.00  1
1856.25  0
1856.50  0
1856.75  0
1857.00  1
1857.25  0
1857.50  0
1857.75  0
1858.00  1
1858.25  0
1858.50  0
1858.75  0
1859.00  1
1859.25  0
1859.50  0
1859.75  0
1860.00  1
1860.25  0
1860.50  0
1860.75  0
1861.00  1
1861.25  0
1861.50  0
1861.75  0
1862.00  1
1862.25  0
1862.50  0
1862.75  0
1863.00  1
1863.25  0
1863.50  0
1863.75  0
1864.00  1
1864.25  0
1864.50  0
1864.75  0
1865.00  1
1865.25  0
1865.50  0
1865.75  0
1866.00  1
1866.25  0
1866.50  0
1866.75  0
1867.00  1
1867.25  0
1867.50  0
1867.75  0
1868.00  1
1868.25  0
1868.50  0
1868.75  0
1869.00  1
1869.25  0
1869.50  0
1869.75  0
1870.00  1
1870.25  0
1870.50  0
1870.75  0
1871.00  1
1871.25  0
1871.50  0
1871.75  0
1872.00  1
1872.25  0
1872.50  0
1872.75  0
1873.00  1
1873.25  0
1873.50  0
1873.75  0
1874.00  1
1874.25  0
1874.50  0
1874.75  0
1875.00  1
1875.25  0
1875.50  0
1875.75  0
1876.00  1
1876.25  0
1876.50  0
1876.75  0
1877.00  1
1877.25  0
1877.50  0
1877.75  0
1878.00  1
1878.25  0
1878.50  0
1878.75  0
1879.00  1
1879.25  0
1879.50  0
1879.75  0
1880.00  1
1880.25  0
1880.50  0
1880.75  0
1881.00  1
1881.25  0
1881.50  0
1881.75  0
1882.00  1
1882.25  0
1882.50  0
1882.75  0
1883.00  1
1883.25  0
1883.50  0
1883.75  0
1884.00  1
1884.25  0
1884.50  0
1884.75  0
1885.00  1
1885.25  0
1885.50  0
1885.75  0
1886.00  1
1886.25  0
1886.50  0
1886.75  0
1887.00  1
1887.25  0
1887.50  0
1887.75  0
1888.00  1
1888.25  0
1888.50  0
1888.75  0
1889.00  1
1889.25  0
1889.50  0
1889.75  0
1890.00  1
1890.25  0
1890.50  0
1890.75  0
1891.00  1
1891.25  0
1891.50  0
1891.75  0
1892.00  1
1892.25  0
1892.50  0
1892.75  0
1893.00  1
1893.25  0
1893.50  0
1893.75  0
1894.00  1
1894.25  0
1894.50  0
1894.75  0
1895.00  1
1895.25  0
1895.50  0
1895.75  0
1896.00  1
1896.25  0
1896.50  0
1896.75  0
1897.00  1
1897.25  0
1897.50  0
1897.75  0
1898.00  1
1898.25  0
1898.50  0
1898.75  0
1899.00  1
1899.25  0
1899.50  0
1899.75  0
1900.00  1
1900.25  0
1900.50  0
1900.75  0
1901.00  1
1901.25  0
1901.50  0
1901.75  0
1902.00  1
1902.25  0
1902.50  0
1902.75  0
1903.00  1
1903.25  0
1903.50  0
1903.75  0
1904.00  1
1904.25  0
1904.50  0
1904.75  0
1905.00  1
1905.25  0
1905.50  0
1905.75  0
1906.00  1
1906.25  0
1906.50  0
1906.75  0
1907.00  1
1907.25  0
1907.50  0
1907.75  0
1908.00  1
1908.25  0
1908.50  0
1908.75  0
1909.00  1
1909.25  0
1909.50  0
1909.75  0
1910.00  1
1910.25  0
1910.50  0
1910.75  0
1911.00  1
1911.25  0
1911.50  0
1911.75  0
1912.00  1
1912.25  0
1912.50  0
1912.75  0
1913.00  1
1913.25  0
1913.50  0
1913.75  0
1914.00  1
1914.25  0
1914.50  0
1914.75  0
1915.00  1
1915.25  0
1915.50  0
1915.75  0
1916.00  1
1916.25  0
1916.50  0
1916.75  0
1917.00  1
1917.25  0
1917.50  0
1917.75  0
1918.00  1
1918.25  0
1918.50  0
1918.75  0
1919.00  1
1919.25  0
1919.50  0
1919.75  0
1920.00  1
1920.25  0
1920.50  0
1920.75  0
1921.00  1
1921.25  0
1921.50  0
1921.75  0
1922.00  1
1922.25  0
1922.50  0
1922.75  0
1923.00  1
1923.25  0
1923.50  0
1923.75  0
1924.00  1
1924.25  0
1924.50  0
1924.75  0
1925.00  1
1925.25  0
1925.50  0
1925.75  0
1926.00  1
1926.25  0
1926.50  0
1926.75  0
1927.00  1
1927.25  0
1927.50  0
1927.75  0
1928.00  1
1928.25  0
1928.50  0
1928.75  0
1929.00  1
1929.25  0
1929.50  0
1929.75  0
1930.00  1
1930.25  0
1930.50  0
1930.75  0
1931.00  1
1931.25  0
1931.50  0
1931.75  0
1932.00  1
1932.25  0
1932.50  0
1932.75  0
1933.00  1
1933.25  0
1933.50  0
1933.75  0
1934.00  1
1934.25  0
1934.50  0
1934.75  0
1935.00  1
1935.25  0
1935.50  0
1935.75  0
1936.00  1
1936.25  0
1936.50  0
1936.75  0
1937.00  1
1937.25  0
1937.50  0
1937.75  0
1938.00  1
1938.25  0
1938.50  0
1938.75  0
1939.00  1
1939.25  0
1939.50  0
1939.75  0
1940.00  1
1940.25  0
1940.50  0
1940.75  0
1941.00  1
1941.25  0
1941.50  0
1941.75  0
1942.00  1
1942.25  0
1942.50  0
1942.75  0
1943.00  1
1943.25  0
1943.50  0
1943.75  0
1944.00  1
1944.25  0
1944.50  0
1944.75  0
1945.00  1
1945.25  0
1945.50  0
1945.75  0
1946.00  1
1946.25  0
1946.50  0
1946.75  0
1947.00  1
1947.25  0
1947.50  0
1947.75  0
1948.00  1
1948.25  0
1948.50  0
1948.75  0
1949.00  1
1949.25  0
1949.50  0
1949.75  0
1950.00  1
1950.25  0
1950.50  0
1950.75  0
1951.00  1
1951.25  0
1951.50  0
1951.75  0
1952.00  1
1952.25  0
1952.50  0
1952.75  0
1953.00  1
1953.25  0
1953.50  0
1953.75  0
1954.00  1
1954.25  0
1954.50  0
1954.75  0
1955.00  1
1955.25  0
1955.50  0
1955.75  0
1956.00  1
1956.25  0
1956.50  0
1956.75  0
1957.00  1
1957.25  0
1957.50  0
1957.75  0
1958.00  1
1958.25  0
1958.50  0
1958.75  0
1959.00  1
1959.25  0
1959.50  0
1959.75  0
1960.00  1
1960.25  0
1960.50  0
1960.75  0
1961.00  1
1961.25  0
1961.50  0
1961.75  0
1962.00  1
1962.25  0
1962.50  0
1962.75  0
1963.00  1
1963.25  0
1963.50  0
1963.75  0
1964.00  1
1964.25  0
1964.50  0
1964.75  0
1965.00  1
1965.25  0
1965.50  0
1965.75  0
1966.00  1
1966.25  0
1966.50  0
1966.75  0
1967.00  1
1967.25  0
1967.50  0
1967.75  0
1968.00  1
1968.25  0
1968.50  0
1968.75  0
1969.00  1
1969.25  0
1969.50  0
1969.75  0
1970.00  1
1970.25  0
1970.50  0
1970.75  0
1971.00  1
1971.25  0
1971.50  0
1971.75  0
1972.00  1
1972.25  0
1972.50  0
1972.75  0
1973.00  1
1973.25  0
1973.50  0
1973.75  0
1974.00  1
1974.25  0
1974.50  0
1974.75  0
1975.00  1
1975.25  0
1975.50  0
1975.75  0
1976.00  1
1976.25  0
1976.50  0
1976.75  0
1977.00  1
1977.25  0
1977.50  0
1977.75  0
1978.00  1
1978.25  0
1978.50  0
1978.75  0
1979.00  1
1979.25  0
1979.50  0
1979.75  0
1980.00  1
1980.25  0
1980.50  0
1980.75  0
1981.00  1
1981.25  0
1981.50  0
1981.75  0
1982.00  1
1982.25  0
1982.50  0
1982.75  0
1983.00  1
1983.25  0
1983.50  0
1983.75  0
1984.00  1
1984.25  0
1984.50  0
1984.75  0
1985.00  1
1985.25  0
1985.50  0
1985.75  0
1986.00  1
1986.25  0
1986.50  0
1986.75  0
1987.00  1
1987.25  0
1987.50  0
1987.75  0
1988.00  1
1988.25  0
1988.50  0
1988.75  0
1989.00  1
1989.25  0
1989.50  0
1989.75  0
1990.00  1
1990.25  0
1990.50  0
1990.75  0
1991.00  1
1991.25  0
1991.50  0
1991.75  0
1992.00  1
1992.25  0
1992.50  0
1992.75  0
1993.00  1
1993.25  0
1993.50  0
1993.75  0
1994.00  1
1994.25  0
1994.50  0
1994.75  0
1995.00  1
1995.25  0
1995.50  0
1995.75  0
1996.00  1
1996.25  0
1996.50  0
1996.75  0
1997.00  1
1997.25  0
1997.50  0
1997.75  0
1998.00  1
1998.25  0
1998.50  0
1998.75  0
1999.00  1
1999.25  0
1999.50  0
1999.75  0
2000.00  1
2000.25  0
2000.50  0
2000.75  0
2001.00  1
2001.25  0
2001.50  0
2001.75  0
2002.00  1
2002.25  0
2002.50  0
2002.75  0
2003.00  1
2003.25  0
2003.50  0
2003.75  0
2004.00  1
2004.25  0
2004.50  0
2004.75  0
2005.00  1
2005.25  0
2005.50  0
2005.75  0
2006.00  1
2006.25  0
2006.50  0
2006.75  0
2007.00  1
2007.25  0
2007.50  0
2007.75  0
2008.00  1
2008.25  0
2008.50  0
2008.75  0
2009.00  1
2009.25  0
2009.50  0
2009.75  0
2010.00  1
2010.25  0
2010.50  0
2010.75  0
2011.00  1
2011.25  0
2011.50  0
2011.75  0
2012.00  1
2012.25  0
2012.50  0
2012.75  0
2013.00  1
2013.25  0
2013.50  0
2013.75  0
2014.00  1
2014.25  0
2014.50  0
2014.75  0
2015.00  1
2015.25  0
2015.50  0
2015.75  0
2016.00  1
2016.25  0
2016.50  0
2016.75  0
2017.00  1
2017.25  0
2017.50  0
2017.75  0
2018.00  1
2018.25  0
2018.50  0
2018.75  0
2019.00  1
2019.25  0
2019.50  0
2019.75  0
2020.00  1
2020.25  0
2020.50  0
2020.75  0
2021.00  1
2021.25  0
2021.50  0
2021.75  0
2022.00  1
2022.25  0
2022.50  0
2022.75  0
2023.00  1
2023.25  0
2023.50  0
2023.75  0
2024.00  1
2024.25  0
2024.50  0
2024.75  0
2025.00  1
2025.25  0
2025.50  0
2025.75  0
2026.00  1
2026.25  0
2026.50  0
2026.75  0
2027.00  1
2027.25  0
2027.50  0
2027.75  0
2028.00  1
2028.25  0
2028.50  0
2028.75  0
2029.00  1
2029.25  0
2029.50  0
2029.75  0
2030.00  1
2030.25  0
2030.50  0
2030.75  0
2031.00  1
2031.25  0
2031.50  0
2031.75  0
2032.00  1
2032.25  0
2032.50  0
2032.75  0
2033.00  1
2033.25  0
2033.50  0
2033.75  0
2034.00  1
2034.25  0
2034.50  0
2034.75  0
2035.00  1
2035.25  0
2035.50  0
2035.75  0
2036.00  1
2036.25  0
2036.50  0
2036.75  0
2037.00  1
2037.25  0
2037.50  0
2037.75  0
2038.00  1
2038.25  0
2038.50  0
2038.75  0
2039.00  1
2039.25  0
2039.50  0
2039.75  0
2040.00  1
2040.25  0
2040.50  0
2040.75  0
2041.00  1
2041.25  0
2041.50  0
2041.75  0
2042.00  1
2042.25  0
2042.50  0
2042.75  0
2043.00  1
2043.25  0
2043.50  0
2043.75  0
2044.00  1
2044.25  0
2044.50  0
2044.75  0
2045.00  1
2045.25  0
2045.50  0
2045.75  0
2046.00  1
2046.25  0
2046.50  0
2046.75  0
2047.00  1
2047.25  0
2047.50  0
2047.75  0
2048.00  1
2048.25  0
2048.50  0
2048.75  0
2049.00  1
2049.25  0
2049.50  0
2049.75  0
2050.00  1
2050.25  0
2050.50  0
2050.75  0
2051.00  1
2051.25  0
2051.50  0
2051.75  0
2052.00  1
2052.25  0
2052.50  0
2052.75  0
2053.00  1
2053.25  0
2053.50  0
2053.75  0
2054.00  1
2054.25  0
2054.50  0
2054.75  0
2055.00  1
2055.25  0
2055.50  0
2055.75  0
2056.00  1
2056.25  0
2056.50  0
2056.75  0
2057.00  1
2057.25  0
2057.50  0
2057.75  0
2058.00  1
2058.25  0
2058.50  0
2058.75  0
2059.00  1
2059.25  0
2059.50  0
2059.75  0
2060.00  1
2060.25  0
2060.50  0
2060.75  0
2061.00  1
2061.25  0
2061.50  0
2061.75  0
2062.00  1
2062.25  0
2062.50  0
2062.75  0
2063.00  1
2063.25  0
2063.50  0
2063.75  0
2064.00  1
2064.25  0
2064.50  0
2064.75  0
2065.00  1
2065.25  0
2065.50  0
2065.75  0
2066.00  1
2066.25  0
2066.50  0
2066.75  0
2067.00  1
2067.25  0
2067.50  0
2067.75  0
2068.00  1
2068.25  0
2068.50  0
2068.75  0
2069.00  1
2069.25  0
2069.50  0
2069.75  0
2070.00  1
2070.25  0
2070.50  0
2070.75  0
2071.00  1
2071.25  0
2071.50  0
2071.75  0
2072.00  1
2072.25  0
2072.50  0
2072.75  0
2073.00  1
2073.25  0
2073.50  0
2073.75  0
2074.00  1
2074.25  0
2074.50  0
2074.75  0
2075.00  1
2075.25  0
2075.50  0
2075.75  0
2076.00  1
2076.25  0
2076.50  0
2076.75  0
2077.00  1
2077.25  0
2077.50  0
2077.75  0
2078.00  1
2078.25  0
2078.50  0
2078.75  0
2079.00  1
2079.25  0
2079.50  0
2079.75  0
2080.00  1
2080.25  0
2080.50  0
2080.75  0
2081.00  1
2081.25  0
2081.50  0
2081.75  0
2082.00  1
2082.25  0
2082.50  0
2082.75  0
2083.00  1
2083.25  0
2083.50  0
2083.75  0
2084.00  1
2084.25  0
2084.50  0
2084.75  0
2085.00  1
2085.25  0
2085.50  0
2085.75  0
2086.00  1
2086.25  0
2086.50  0
2086.75  0
2087.00  1
2087.25  0
2087.50  0
2087.75  0
2088.00  1
2088.25  0
2088.50  0
2088.75  0
2089.00  1
2089.25  0
2089.50  0
2089.75  0
2090.00  1
2090.25  0
2090.50  0
2090.75  0
2091.00  1
2091.25  0
2091.50  0
2091.75  0
2092.00  1
2092.25  0
2092.50  0
2092.75  0
2093.00  1
2093.25  0
2093.50  0
2093.75  0
2094.00  1
2094.25  0
2094.50  0
2094.75  0
2095.00  1
2095.25  0
2095.50  0
2095.75  0
2096.00  1
2096.25  0
2096.50  0
2096.75  0
2097.00  1
2097.25  0
2097.50  0
2097.75  0
2098.00  1
2098.25  0
2098.50  0
2098.75  0
2099.00  1
2099.25  0
2099.50  0
2099.75  0
2100.00  1
2100.25  0
2100.50  0
2100.75  0
2101.00  1
2101.25  0
2101.50  0
2101.75  0
2102.00  1
2102.25  0
2102.50  0
2102.75  0
2103.00  1
2103.25  0
2103.50  0
2103.75  0
2104.00  1
2104.25  0
2104.50  0
2104.75  0
2105.00  1
2105.25  0
2105.50  0
2105.75  0
2106.00  1
2106.25  0
2106.50  0
2106.75  0
2107.00  1
2107.25  0
2107.50  0
2107.75  0
2108.00  1
2108.25  0
2108.50  0
2108.75  0
2109.00  1
2109.25  0
2109.50  0
2109.75  0
2110.00  1
2110.25  0
2110.50  0
2110.75  0
2111.00  1
2111.25  0
2111.50  0
2111.75  0
2112.00  1
2112.25  0
2112.50  0
2112.75  0
2113.00  1
2113.25  0
2113.50  0
2113.75  0
2114.00  1
2114.25  0
2114.50  0
2114.75  0
2115.00  1
2115.25  0
2115.50  0
2115.75  0
2116.00  1
2116.25  0
2116.50  0
2116.75  0
2117.00  1
2117.25  0
2117.50  0
2117.75  0
2118.00  1
2118.25  0
2118.50  0
2118.75  0
2119.00  1
2119.25  0
2119.50  0
2119.75  0
2120.00  1
2120.25  0
2120.50  0
2120.75  0
2121.00  1
2121.25  0
2121.50  0
2121.75  0
2122.00  1
2122.25  0
2122.50  0
2122.75  0
2123.00  1
2123.25  0
2123.50  0
2123.75  0
2124.00  1
2124.25  0
2124.50  0
2124.75  0
2125.00  1
2125.25  0
2125.50  0
2125.75  0
2126.00  1
2126.25  0
2126.50  0
2126.75  0
2127.00  1
2127.25  0
2127.50  0
2127.75  0
2128.00  1
2128.25  0
2128.50  0
2128.75  0
2129.00  1
2129.25  0
2129.50  0
2129.75  0
2130.00  1
2130.25  0
2130.50  0
2130.75  0
2131.00  1
2131.25  0
2131.50  0
2131.75  0
2132.00  1
2132.25  0
2132.50  0
2132.75  0
2133.00  1
2133.25  0
2133.50  0
2133.75  0
2134.00  1
2134.25  0
2134.50  0
2134.75  0
2135.00  1
2135.25  0
2135.50  0
2135.75  0
2136.00  1
2136.25  0
2136.50  0
2136.75  0
2137.00  1
2137.25  0
2137.50  0
2137.75  0
2138.00  1
2138.25  0
2138.50  0
2138.75  0
2139.00  1
2139.25  0
2139.50  0
2139.75  0
2140.00  1
2140.25  0
2140.50  0
2140.75  0
2141.00  1
2141.25  0
2141.50  0
2141.75  0
2142.00  1
2142.25  0
2142.50  0
2142.75  0
2143.00  1
2143.25  0
2143.50  0
2143.75  0
2144.00  1
2144.25  0
2144.50  0
2144.75  0
2145.00  1
2145.25  0
2145.50  0
2145.75  0
2146.00  1
2146.25  0
2146.50  0
2146.75  0
2147.00  1
2147.25  0
2147.50  0
2147.75  0
2148.00  1
2148.25  0
2148.50  0
2148.75  0
2149.00  1
2149.25  0
2149.50  0
2149.75  0
2150.00  1
2150.25  0
2150.50  0
2150.75  0
2151.00  1
2151.25  0
2151.50  0
2151.75  0
2152.00  1
2152.25  0
2152.50  0
2152.75  0
2153.00  1
2153.25  0
2153.50  0
2153.75  0
2154.00  1
2154.25  0
2154.50  0
2154.75  0
2155.00  1
2155.25  0
2155.50  0
2155.75  0
2156.00  1
2156.25  0
2156.50  0
2156.75  0
2157.00  1
2157.25  0
2157.50  0
2157.75  0
2158.00  1
2158.25  0
2158.50  0
2158.75  0
2159.00  1
2159.25  0
2159.50  0
2159.75  0
2160.00  1
2160.25  0
2160.50  0
2160.75  0
2161.00  1
2161.25  0
2161.50  0
2161.75  0
2162.00  1
2162.25  0
2162.50  0
2162.75  0
2163.00  1
2163.25  0
2163.50  0
2163.75  0
2164.00  1
2164.25  0
2164.50  0
2164.75  0
2165.00  1
2165.25  0
2165.50  0
2165.75  0
2166.00  1
2166.25  0
2166.50  0
2166.75  0
2167.00  1
2167.25  0
2167.50  0
2167.75  0
2168.00  1
2168.25  0
2168.50  0
2168.75  0
2169.00  1
2169.25  0
2169.50  0
2169.75  0
2170.00  1
2170.25  0
2170.50  0
2170.75  0
2171.00  1
2171.25  0
2171.50  0
2171.75  0
2172.00  1
2172.25  0
2172.50  0
2172.75  0
2173.00  1
2173.25  0
2173.50  0
2173.75  0
2174.00  1
2174.25  0
2174.50  0
2174.75  0
2175.00  1
2175.25  0
2175.50  0
2175.75  0
2176.00  1
2176.25  0
2176.50  0
2176.75  0
2177.00  1
2177.25  0
2177.50  0
2177.75  0
2178.00  1
2178.25  0
2178.50  0
2178.75  0
2179.00  1
2179.25  0
2179.50  0
2179.75  0
2180.00  1
2180.25  0
2180.50  0
2180.75  0
2181.00  1
2181.25  0
2181.50  0
2181.75  0
2182.00  1
2182.25  0
2182.50  0
2182.75  0
2183.00  1
2183.25  0
2183.50  0
2183.75  0
2184.00  1
2184.25  0
2184.50  0
2184.75  0
2185.00  1
2185.25  0
2185.50  0
2185.75  0
2186.00  1
2186.25  0
2186.50  0
2186.75  0
2187.00  1
2187.25  0
2187.50  0
2187.75  0
2188.00  1
2188.25  0
2188.50  0
2188.75  0
2189.00  1
2189.25  0
2189.50  0
2189.75  0
2190.00  1
2190.25  0
2190.50  0
2190.75  0
2191.00  1
2191.25  0
2191.50  0
2191.75  0
2192.00  1
2192.25  0
2192.50  0
2192.75  0
2193.00  1
2193.25  0
2193.50  0
2193.75  0
2194.00  1
2194.25  0
2194.50  0
2194.75  0
2195.00  1
2195.25  0
2195.50  0
2195.75  0
2196.00  1
2196.25  0
2196.50  0
2196.75  0
2197.00  1
2197.25  0
2197.50  0
2197.75  0
2198.00  1
2198.25  0
2198.50  0
2198.75  0
2199.00  1
2199.25  0
2199.50  0
2199.75  0
2200.00  1
2200.25  0
2200.50  0
2200.75  0
2201.00  1
2201.25  0
2201.50  0
2201.75  0
2202.00  1
2202.25  0
2202.50  0
2202.75  0
2203.00  1
2203.25  0
2203.50  0
2203.75  0
2204.00  1
2204.25  0
2204.50  0
2204.75  0
2205.00  1
2205.25  0
2205.50  0
2205.75  0
2206.00  1
2206.25  0
2206.50  0
2206.75  0
2207.00  1
2207.25  0
2207.50  0
2207.75  0
2208.00  1
2208.25  0
2208.50  0
2208.75  0
2209.00  1
2209.25  0
2209.50  0
2209.75  0
2210.00  1
2210.25  0
2210.50  0
2210.75  0
2211.00  1
2211.25  0
2211.50  0
2211.75  0
2212.00  1
2212.25  0
2212.50  0
2212.75  0
2213.00  1
2213.25  0
2213.50  0
2213.75  0
2214.00  1
2214.25  0
2214.50  0
2214.75  0
2215.00  1
2215.25  0
2215.50  0
2215.75  0
2216.00  1
2216.25  0
2216.50  0
2216.75  0
2217.00  1
2217.25  0
2217.50  0
2217.75  0
2218.00  1
2218.25  0
2218.50  0
2218.75  0
2219.00  1
2219.25  0
2219.50  0
2219.75  0
2220.00  1
2220.25  0
2220.50  0
2220.75  0
2221.00  1
2221.25  0
2221.50  0
2221.75  0
2222.00  1
2222.25  0
2222.50  0
2222.75  0
2223.00  1
2223.25  0
2223.50  0
2223.75  0
2224.00  1
2224.25  0
2224.50  0
2224.75  0
2225.00  1
2225.25  0
2225.50  0
2225.75  0
2226.00  1
2226.25  0
2226.50  0
2226.75  0
2227.00  1
2227.25  0
2227.50  0
2227.75  0
2228.00  1
2228.25  0
2228.50  0
2228.75  0
2229.00  1
2229.25  0
2229.50  0
2229.75  0
2230.00  1
2230.25  0
2230.50  0
2230.75  0
2231.00  1
2231.25  0
2231.50  0
2231.75  0
2232.00  1
2232.25  0
2232.50  0
2232.75  0
2233.00  1
2233.25  0
2233.50  0
2233.75  0
2234.00  1
2234.25  0
2234.50  0
2234.75  0
2235.00  1
2235.25  0
2235.50  0
2235.75  0
2236.00  1
2236.25  0
2236.50  0
2236.75  0
2237.00  1
2237.25  0
2237.50  0
2237.75  0
2238.00  1
2238.25  0
2238.50  0
2238.75  0
2239.00  1
2239.25  0
2239.50  0
2239.75  0
2240.00  1
2240.25  0
2240.50  0
2240.75  0
2241.00  1
2241.25  0
2241.50  0
2241.75  0
2242.00  1
2242.25  0
2242.50  0
2242.75  0
2243.00  1
2243.25  0
2243.50  0
2243.75  0
2244.00  1
2244.25  0
2244.50  0
2244.75  0
2245.00  1
2245.25  0
2245.50  0
2245.75  0
2246.00  1
2246.25  0
2246.50  0
2246.75  0
2247.00  1
2247.25  0
2247.50  0
2247.75  0
2248.00  1
2248.25  0
2248.50  0
2248.75  0
2249.00  1
2249.25  0
2249.50  0
2249.75  0
2250.00  1
2250.25  0
2250.50  0
2250.75  0
2251.00  1
2251.25  0
2251.50  0
2251.75  0
2252.00  1
2252.25  0
2252.50  0
2252.75  0
2253.00  1
2253.25  0
2253.50  0
2253.75  0
2254.00  1
2254.25  0
2254.50  0
2254.75  0
2255.00  1
2255.25  0
2255.50  0
2255.75  0
2256.00  1
2256.25  0
2256.50  0
2256.75  0
2257.00  1
2257.25  0
2257.50  0
2257.75  0
2258.00  1
2258.25  0
2258.50  0
2258.75  0
2259.00  1
2259.25  0
2259.50  0
2259.75  0
2260.00  1
2260.25  0
2260.50  0
2260.75  0
2261.00  1
2261.25  0
2261.50  0
2261.75  0
2262.00  1
2262.25  0
2262.50  0
2262.75  0
2263.00  1
2263.25  0
2263.50  0
2263.75  0
2264.00  1
2264.25  0
2264.50  0
2264.75  0
2265.00  1
2265.25  0
2265.50  0
2265.75  0
2266.00  1
2266.25  0
2266.50  0
2266.75  0
2267.00  1
2267.25  0
2267.50  0
2267.75  0
2268.00  1
2268.25  0
2268.50  0
2268.75  0
2269.00  1
2269.25  0
2269.50  0
2269.75  0
2270.00  1
2270.25  0
2270.50  0
2270.75  0
2271.00  1
2271.25  0
2271.50  0
2271.75  0
2272.00  1
2272.25  0
2272.50  0
2272.75  0
2273.00  1
2273.25  0
2273.50  0
2273.75  0
2274.00  1
2274.25  0
2274.50  0
2274.75  0
2275.00  1
2275.25  0
2275.50  0
2275.75  0
2276.00  1
2276.25  0
2276.50  0
2276.75  0
2277.00  1
2277.25  0
2277.50  0
2277.75  0
2278.00  1
2278.25  0
2278.50  0
2278.75  0
2279.00  1
2279.25  0
2279.50  0
2279.75  0
2280.00  1
2280.25  0
2280.50  0
2280.75  0
2281.00  1
2281.25  0
2281.50  0
2281.75  0
2282.00  1
2282.25  0
2282.50  0
2282.75  0
2283.00  1
2283.25  0
2283.50  0
2283.75  0
2284.00  1
2284.25  0
2284.50  0
2284.75  0
2285.00  1
2285.25  0
2285.50  0
2285.75  0
2286.00  1
2286.25  0
2286.50  0
2286.75  0
2287.00  1
2287.25  0
2287.50  0
2287.75  0
2288.00  1
2288.25  0
2288.50  0
2288.75  0
2289.00  1
2289.25  0
2289.50  0
2289.75  0
2290.00  1
2290.25  0
2290.50  0
2290.75  0
2291.00  1
2291.25  0
2291.50  0
2291.75  0
2292.00  1
2292.25  0
2292.50  0
2292.75  0
2293.00  1
2293.25  0
2293.50  0
2293.75  0
2294.00  1
2294.25  0
2294.50  0
2294.75  0
2295.00  1
2295.25  0
2295.50  0
2295.75  0
2296.00  1
2296.25  0
2296.50  0
2296.75  0
2297.00  1
2297.25  0
2297.50  0
2297.75  0
2298.00  1
2298.25  0
2298.50  0
2298.75  0
2299.00  1
2299.25  0
2299.50  0
2299.75  0
2300.00  1
2300.25  0
2300.50  0
2300.75  0
2301.00  1
2301.25  0
2301.50  0
2301.75  0
2302.00  1
2302.25  0
2302.50  0
2302.75  0
2303.00  1
2303.25  0
2303.50  0
2303.75  0
2304.00  1
2304.25  0
2304.50  0
2304.75  0
2305.00  1
2305.25  0
2305.50  0
2305.75  0
2306.00  1
2306.25  0
2306.50  0
2306.75  0
2307.00  1
2307.25  0
2307.50  0
2307.75  0
2308.00  1
2308.25  0
2308.50  0
2308.75  0
2309.00  1
2309.25  0
2309.50  0
2309.75  0
2310.00  1
2310.25  0
2310.50  0
2310.75  0
2311.00  1
2311.25  0
2311.50  0
2311.75  0
2312.00  1
2312.25  0
2312.50  0
2312.75  0
2313.00  1
2313.25  0
2313.50  0
2313.75  0
2314.00  1
2314.25  0
2314.50  0
2314.75  0
2315.00  1
2315.25  0
2315.50  0
2315.75  0
2316.00  1
2316.25  0
2316.50  0
2316.75  0
2317.00  1
2317.25  0
2317.50  0
2317.75  0
2318.00  1
2318.25  0
2318.50  0
2318.75  0
2319.00  1
2319.25  0
2319.50  0
2319.75  0
2320.00  1
2320.25  0
2320.50  0
2320.75  0
2321.00  1
2321.25  0
2321.50  0
2321.75  0
2322.00  1
2322.25  0
2322.50  0
2322.75  0
2323.00  1
2323.25  0
2323.50  0
2323.75  0
2324.00  1
2324.25  0
2324.50  0
2324.75  0
2325.00  1
2325.25  0
2325.50  0
2325.75  0
2326.00  1
2326.25  0
2326.50  0
2326.75  0
2327.00  1
2327.25  0
2327.50  0
2327.75  0
2328.00  1
2328.25  0
2328.50  0
2328.75  0
2329.00  1
2329.25  0
2329.50  0
2329.75  0
2330.00  1
2330.25  0
2330.50  0
2330.75  0
2331.00  1
2331.25  0
2331.50  0
2331.75  0
2332.00  1
2332.25  0
2332.50  0
2332.75  0
2333.00  1
2333.25  0
2333.50  0
2333.75  0
2334.00  1
2334.25  0
2334.50  0
2334.75  0
2335.00  1
2335.25  0
2335.50  0
2335.75  0
2336.00  1
2336.25  0
2336.50  0
2336.75  0
2337.00  1
2337.25  0
2337.50  0
2337.75  0
2338.00  1
2338.25  0
2338.50  0
2338.75  0
2339.00  1
2339.25  0
2339.50  0
2339.75  0
2340.00  1
2340.25  0
2340.50  0
2340.75  0
2341.00  1
2341.25  0
2341.50  0
2341.75  0
2342.00  1
2342.25  0
2342.50  0
2342.75  0
2343.00  1
2343.25  0
2343.50  0
2343.75  0
2344.00  1
2344.25  0
2344.50  0
2344.75  0
2345.00  1
2345.25  0
2345.50  0
2345.75  0
2346.00  1
2346.25  0
2346.50  0
2346.75  0
2347.00  1
2347.25  0
2347.50  0
2347.75  0
2348.00  1
2348.25  0
2348.50  0
2348.75  0
2349.00  1
2349.25  0
2349.50  0
2349.75  0
2350.00  1
2350.25  0
2350.50  0
2350.75  0
2351.00  1
2351.25  0
2351.50  0
2351.75  0
2352.00  1
2352.25  0
2352.50  0
2352.75  0
2353.00  1
2353.25  0
2353.50  0
2353.75  0
2354.00  1
2354.25  0
2354.50  0
2354.75  0
2355.00  1
2355.25  0
2355.50  0
2355.75  0
2356.00  1
2356.25  0
2356.50  0
2356.75  0
2357.00  1
2357.25  0
2357.50  0
2357.75  0
2358.00  1
2358.25  0
2358.50  0
2358.75  0
2359.00  1
2359.25  0
2359.50  0
2359.75  0
2360.00  1
2360.25  0
2360.50  0
2360.75  0
2361.00  1
2361.25  0
2361.50  0
2361.75  0
2362.00  1
2362.25  0
2362.50  0
2362.75  0
2363.00  1
2363.25  0
2363.50  0
2363.75  0
2364.00  1
2364.25  0
2364.50  0
2364.75  0
2365.00  1
2365.25  0
2365.50  0
2365.75  0
2366.00  1
2366.25  0
2366.50  0
2366.75  0
2367.00  1
2367.25  0
2367.50  0
2367.75  0
2368.00  1
2368.25  0
2368.50  0
2368.75  0
2369.00  1
2369.25  0
2369.50  0
2369.75  0
2370.00  1
2370.25  0
2370.50  0
2370.75  0
2371.00  1
2371.25  0
2371.50  0
2371.75  0
2372.00  1
2372.25  0
2372.50  0
2372.75  0
2373.00  1
2373.25  0
2373.50  0
2373.75  0
2374.00  1
2374.25  0
2374.50  0
2374.75  0
2375.00  1
2375.25  0
2375.50  0
2375.75  0
2376.00  1
2376.25  0
2376.50  0
2376.75  0
2377.00  1
2377.25  0
2377.50  0
2377.75  0
2378.00  1
2378.25  0
2378.50  0
2378.75  0
2379.00  1
2379.25  0
2379.50  0
2379.75  0
2380.00  1
2380.25  0
2380.50  0
2380.75  0
2381.00  1
2381.25  0
2381.50  0
2381.75  0
2382.00  1
2382.25  0
2382.50  0
2382.75  0
2383.00  1
2383.25  0
2383.50  0
2383.75  0
2384.00  1
2384.25  0
2384.50  0
2384.75  0
2385.00  1
2385.25  0
2385.50  0
2385.75  0
2386.00  1
2386.25  0
2386.50  0
2386.75  0
2387.00  1
2387.25  0
2387.50  0
2387.75  0
2388.00  1
2388.25  0
2388.50  0
2388.75  0
2389.00  1
2389.25  0
2389.50  0
2389.75  0
2390.00  1
2390.25  0
2390.50  0
2390.75  0
2391.00  1
2391.25  0
2391.50  0
2391.75  0
2392.00  1
2392.25  0
2392.50  0
2392.75  0
2393.00  1
2393.25  0
2393.50  0
2393.75  0
2394.00  1
2394.25  0
2394.50  0
2394.75  0
2395.00  1
2395.25  0
2395.50  0
2395.75  0
2396.00  1
2396.25  0
2396.50  0
2396.75  0
2397.00  1
2397.25  0
2397.50  0
2397.75  0
2398.00  1
2398.25  0
2398.50  0
2398.75  0
2399.00  1
2399.25  0
2399.50  0
2399.75  0
2400.00  1
2400.25  0
2400.50  0
2400.75  0
2401.00  1
2401.25  0
2401.50  0
2401.75  0
2402.00  1
2402.25  0
2402.50  0
2402.75  0
2403.00  1
2403.25  0
2403.50  0
2403.75  0
2404.00  1
2404.25  0
2404.50  0
2404.75  0
2405.00  1
2405.25  0
2405.50  0
2405.75  0
2406.00  1
2406.25  0
2406.50  0
2406.75  0
2407.00  1
2407.25  0
2407.50  0
2407.75  0
2408.00  1
2408.25  0
2408.50  0
2408.75  0
2409.00  1
2409.25  0
2409.50  0
2409.75  0
2410.00  1
2410.25  0
2410.50  0
2410.75  0
2411.00  1
2411.25  0
2411.50  0
2411.75  0
2412.00  1
2412.25  0
2412.50  0
2412.75  0
2413.00  1
2413.25  0
2413.50  0
2413.75  0
2414.00  1
2414.25  0
2414.50  0
2414.75  0
2415.00  1
2415.25  0
2415.50  0
2415.75  0
2416.00  1
2416.25  0
2416.50  0
2416.75  0
2417.00  1
2417.25  0
2417.50  0
2417.75  0
2418.00  1
2418.25  0
2418.50  0
2418.75  0
2419.00  1
2419.25  0
2419.50  0
2419.75  0
2420.00  1
2420.25  0
2420.50  0
2420.75  0
2421.00  1
2421.25  0
2421.50  0
2421.75  0
2422.00  1
2422.25  0
2422.50  0
2422.75  0
2423.00  1
2423.25  0
2423.50  0
2423.75  0
2424.00  1
2424.25  0
2424.50  0
2424.75  0
2425.00  1
2425.25  0
2425.50  0
2425.75  0
2426.00  1
2426.25  0
2426.50  0
2426.75  0
2427.00  1
2427.25  0
2427.50  0
2427.75  0
2428.00  1
2428.25  0
2428.50  0
2428.75  0
2429.00  1
2429.25  0
2429.50  0
2429.75  0
2430.00  1
2430.25  0
2430.50  0
2430.75  0
2431.00  1
2431.25  0
2431.50  0
2431.75  0
2432.00  1
2432.25  0
2432.50  0
2432.75  0
2433.00  1
2433.25  0
2433.50  0
2433.75  0
2434.00  1
2434.25  0
2434.50  0
2434.75  0
2435.00  1
2435.25  0
2435.50  0
2435.75  0
2436.00  1
2436.25  0
2436.50  0
2436.75  0
2437.00  1
2437.25  0
2437.50  0
2437.75  0
2438.00  1
2438.25  0
2438.50  0
2438.75  0
2439.00  1
2439.25  0
2439.50  0
2439.75  0
2440.00  1
2440.25  0
2440.50  0
2440.75  0
2441.00  1
2441.25  0
2441.50  0
2441.75  0
2442.00  1
2442.25  0
2442.50  0
2442.75  0
2443.00  1
2443.25  0
2443.50  0
2443.75  0
2444.00  1
2444.25  0
2444.50  0
2444.75  0
2445.00  1
2445.25  0
2445.50  0
2445.75  0
2446.00  1
2446.25  0
2446.50  0
2446.75  0
2447.00  1
2447.25  0
2447.50  0
2447.75  0
2448.00  1
2448.25  0
2448.50  0
2448.75  0
2449.00  1
2449.25  0
2449.50  0
2449.75  0
2450.00  1
2450.25  0
2450.50  0
2450.75  0
2451.00  1
2451.25  0
2451.50  0
2451.75  0
2452.00  1
2452.25  0
2452.50  0
2452.75  0
2453.00  1
2453.25  0
2453.50  0
2453.75  0
2454.00  1
2454.25  0
2454.50  0
2454.75  0
2455.00  1
2455.25  0
2455.50  0
2455.75  0
2456.00  1
2456.25  0
2456.50  0
2456.75  0
2457.00  1
2457.25  0
2457.50  0
2457.75  0
2458.00  1
2458.25  0
2458.50  0
2458.75  0
2459.00  1
2459.25  0
2459.50  0
2459.75  0
2460.00  1
2460.25  0
2460.50  0
2460.75  0
2461.00  1
2461.25  0
2461.50  0
2461.75  0
2462.00  1
2462.25  0
2462.50  0
2462.75  0
2463.00  1
2463.25  0
2463.50  0
2463.75  0
2464.00  1
2464.25  0
2464.50  0
2464.75  0
2465.00  1
2465.25  0
2465.50  0
2465.75  0
2466.00  1
2466.25  0
2466.50  0
2466.75  0
2467.00  1
2467.25  0
2467.50  0
2467.75  0
2468.00  1
2468.25  0
2468.50  0
2468.75  0
2469.00  1
2469.25  0
2469.50  0
2469.75  0
2470.00  1
2470.25  0
2470.50  0
2470.75  0
2471.00  1
2471.25  0
2471.50  0
2471.75  0
2472.00  1
2472.25  0
2472.50  0
2472.75  0
2473.00  1
2473.25  0
2473.50  0
2473.75  0
2474.00  1
2474.25  0
2474.50  0
2474.75  0
2475.00  1
2475.25  0
2475.50  0
2475.75  0
2476.00  1
2476.25  0
2476.50  0
2476.75  0
2477.00  1
2477.25  0
2477.50  0
2477.75  0
2478.00  1
2478.25  0
2478.50  0
2478.75  0
2479.00  1
2479.25  0
2479.50  0
2479.75  0
2480.00  1
2480.25  0
2480.50  0
2480.75  0
2481.00  1
2481.25  0
2481.50  0
2481.75  0
2482.00  1
2482.25  0
2482.50  0
2482.75  0
2483.00  1
2483.25  0
2483.50  0
2483.75  0
2484.00  1
2484.25  0
2484.50  0
2484.75  0
2485.00  1
2485.25  0
2485.50  0
2485.75  0
2486.00  1
2486.25  0
2486.50  0
2486.75  0
2487.00  1
2487.25  0
2487.50  0
2487.75  0
2488.00  1
2488.25  0
2488.50  0
2488.75  0
2489.00  1
2489.25  0
2489.50  0
2489.75  0
2490.00  1
2490.25  0
2490.50  0
2490.75  0
2491.00  1
2491.25  0
2491.50  0
2491.75  0
2492.00  1
2492.25  0
2492.50  0
2492.75  0
2493.00  1
2493.25  0
2493.50  0
2493.75  0
2494.00  1
2494.25  0
2494.50  0
2494.75  0
2495.00  1
2495.25  0
2495.50  0
2495.75  0
2496.00  1
2496.25  0
2496.50  0
2496.75  0
2497.00  1
2497.25  0
2497.50  0
2497.75  0
2498.00  1
2498.25  0
2498.50  0
2498.75  0
2499.00  1
2499.25  0
2499.50  0
2499.75  0
2500.00  1
2500.25  0
2500.50  0
2500.75  0
2501.00  1
2501.25  0
2501.50  0
2501.75  0
2502.00  1
2502.25  0
2502.50  0
2502.75  0
2503.00  1
2503.25  0
2503.50  0
2503.75  0
2504.00  1
2504.25  0
2504.50  0
2504.75  0
2505.00  1
2505.25  0
2505.50  0
2505.75  0
2506.00  1
2506.25  0
2506.50  0
2506.75  0
2507.00  1
2507.25  0
2507.50  0
2507.75  0
2508.00  1
2508.25  0
2508.50  0
2508.75  0
2509.00  1
2509.25  0
2509.50  0
2509.75  0
2510.00  1
2510.25  0
2510.50  0
2510.75  0
2511.00  1
2511.25  0
2511.50  0
2511.75  0
2512.00  1
2512.25  0
2512.50  0
2512.75  0
2513.00  1
2513.25  0
2513.50  0
2513.75  0
2514.00  1
2514.25  0
2514.50  0
2514.75  0
2515.00  1
2515.25  0
2515.50  0
2515.75  0
2516.00  1
2516.25  0
2516.50  0
2516.75  0
2517.00  1
2517.25  0
2517.50  0
2517.75  0
2518.00  1
2518.25  0
2518.50  0
2518.75  0
2519.00  1
2519.25  0
2519.50  0
2519.75  0
2520.00  1
2520.25  0
2520.50  0
2520.75  0
2521.00  1
2521.25  0
2521.50  0
2521.75  0
2522.00  1
2522.25  0
2522.50  0
2522.75  0
2523.00  1
2523.25  0
2523.50  0
2523.75  0
2524.00  1
2524.25  0
2524.50  0
2524.75  0
2525.00  1
2525.25  0
2525.50  0
2525.75  0
2526.00  1
2526.25  0
2526.50  0
2526.75  0
2527.00  1
2527.25  0
2527.50  0
2527.75  0
2528.00  1
2528.25  0
2528.50  0
2528.75  0
2529.00  1
2529.25  0
2529.50  0
2529.75  0
2530.00  1
2530.25  0
2530.50  0
2530.75  0
2531.00  1
2531.25  0
2531.50  0
2531.75  0
2532.00  1
2532.25  0
2532.50  0
2532.75  0
2533.00  1
2533.25  0
2533.50  0
2533.75  0
2534.00  1
2534.25  0
2534.50  0
2534.75  0
2535.00  1
2535.25  0
2535.50  0
2535.75  0
2536.00  1
2536.25  0
2536.50  0
2536.75  0
2537.00  1
2537.25  0
2537.50  0
2537.75  0
2538.00  1
2538.25  0
2538.50  0
2538.75  0
2539.00  1
2539.25  0
2539.50  0
2539.75  0
2540.00  1
2540.25  0
2540.50  0
2540.75  0
2541.00  1
2541.25  0
2541.50  0
2541.75  0
2542.00  1
2542.25  0
2542.50  0
2542.75  0
2543.00  1
2543.25  0
2543.50  0
2543.75  0
2544.00  1
2544.25  0
2544.50  0
2544.75  0
2545.00  1
2545.25  0
2545.50  0
2545.75  0
2546.00  1
2546.25  0
2546.50  0
2546.75  0
2547.00  1
2547.25  0
2547.50  0
2547.75  0
2548.00  1
2548.25  0
2548.50  0
2548.75  0
2549.00  1
2549.25  0
2549.50  0
2549.75  0
2550.00  1
2550.25  0
2550.50  0
2550.75  0
2551.00  1
2551.25  0
2551.50  0
2551.75  0
2552.00  1
2552.25  0
2552.50  0
2552.75  0
2553.00  1
2553.25  0
2553.50  0
2553.75  0
2554.00  1
2554.25  0
2554.50  0
2554.75  0
2555.00  1
2555.25  0
2555.50  0
2555.75  0
2556.00  1
2556.25  0
2556.50  0
2556.75  0
2557.00  1
2557.25  0
2557.50  0
2557.75  0
2558.00  1
2558.25  0
2558.50  0
2558.75  0
2559.00  1
2559.25  0
2559.50  0
2559.75  0
2560.00  1
2560.25  0
2560.50  0
2560.75  0
2561.00  1
2561.25  0
2561.50  0
2561.75  0
2562.00  1
2562.25  0
2562.50  0
2562.75  0
2563.00  1
2563.25  0
2563.50  0
2563.75  0
2564.00  1
2564.25  0
2564.50  0
2564.75  0
2565.00  1
2565.25  0
2565.50  0
2565.75  0
2566.00  1
2566.25  0
2566.50  0
2566.75  0
2567.00  1
2567.25  0
2567.50  0
2567.75  0
2568.00  1
2568.25  0
2568.50  0
2568.75  0
2569.00  1
2569.25  0
2569.50  0
2569.75  0
2570.00  1
2570.25  0
2570.50  0
2570.75  0
2571.00  1
2571.25  0
2571.50  0
2571.75  0
2572.00  1
2572.25  0
2572.50  0
2572.75  0
2573.00  1
2573.25  0
2573.50  0
2573.75  0
2574.00  1
2574.25  0
2574.50  0
2574.75  0
2575.00  1
2575.25  0
2575.50  0
2575.75  0
2576.00  1
2576.25  0
2576.50  0
2576.75  0
2577.00  1
2577.25  0
2577.50  0
2577.75  0
2578.00  1
2578.25  0
2578.50  0
2578.75  0
2579.00  1
2579.25  0
2579.50  0
2579.75  0
2580.00  1
2580.25  0
2580.50  0
2580.75  0
2581.00  1
2581.25  0
2581.50  0
2581.75  0
2582.00  1
2582.25  0
2582.50  0
2582.75  0
2583.00  1
2583.25  0
2583.50  0
2583.75  0
2584.00  1
2584.25  0
2584.50  0
2584.75  0
2585.00  1
2585.25  0
2585.50  0
2585.75  0
2586.00  1
2586.25  0
2586.50  0
2586.75  0
2587.00  1
2587.25  0
2587.50  0
2587.75  0
2588.00  1
2588.25  0
2588.50  0
2588.75  0
2589.00  1
2589.25  0
2589.50  0
2589.75  0
2590.00  1
2590.25  0
2590.50  0
2590.75  0
2591.00  1
2591.25  0
2591.50  0
2591.75  0
2592.00  1
2592.25  0
2592.50  0
2592.75  0
2593.00  1
2593.25  0
2593.50  0
2593.75  0
2594.00  1
2594.25  0
2594.50  0
2594.75  0
2595.00  1
2595.25  0
2595.50  0
2595.75  0
2596.00  1
2596.25  0
2596.50  0
2596.75  0
2597.00  1
2597.25  0
2597.50  0
2597.75  0
2598.00  1
2598.25  0
2598.50  0
2598.75  0
2599.00  1
2599.25  0
2599.50  0
2599.75  0
2600.00  1
2600.25  0
2600.50  0
2600.75  0
2601.00  1
2601.25  0
2601.50  0
2601.75  0
2602.00  1
2602.25  0
2602.50  0
2602.75  0
2603.00  1
2603.25  0
2603.50  0
2603.75  0
2604.00  1
2604.25  0
2604.50  0
2604.75  0
2605.00  1
2605.25  0
2605.50  0
2605.75  0
2606.00  1
2606.25  0
2606.50  0
2606.75  0
2607.00  1
2607.25  0
2607.50  0
2607.75  0
2608.00  1
2608.25  0
2608.50  0
2608.75  0
2609.00  1
2609.25  0
2609.50  0
2609.75  0
2610.00  1
2610.25  0
2610.50  0
2610.75  0
2611.00  1
2611.25  0
2611.50  0
2611.75  0
2612.00  1
2612.25  0
2612.50  0
2612.75  0
2613.00  1
2613.25  0
2613.50  0
2613.75  0
2614.00  1
2614.25  0
2614.50  0
2614.75  0
2615.00  1
2615.25  0
2615.50  0
2615.75  0
2616.00  1
2616.25  0
2616.50  0
2616.75  0
2617.00  1
2617.25  0
2617.50  0
2617.75  0
2618.00  1
2618.25  0
2618.50  0
2618.75  0
2619.00  1
2619.25  0
2619.50  0
2619.75  0
2620.00  1
2620.25  0
2620.50  0
2620.75  0
2621.00  1
2621.25  0
2621.50  0
2621.75  0
2622.00  1
2622.25  0
2622.50  0
2622.75  0
2623.00  1
2623.25  0
2623.50  0
2623.75  0
2624.00  1
2624.25  0
2624.50  0
2624.75  0
2625.00  1
2625.25  0
2625.50  0
2625.75  0
2626.00  1
2626.25  0
2626.50  0
2626.75  0
2627.00  1
2627.25  0
2627.50  0
2627.75  0
2628.00  1
2628.25  0
2628.50  0
2628.75  0
2629.00  1
2629.25  0
2629.50  0
2629.75  0
2630.00  1
2630.25  0
2630.50  0
2630.75  0
2631.00  1
2631.25  0
2631.50  0
2631.75  0
2632.00  1
2632.25  0
2632.50  0
2632.75  0
2633.00  1
2633.25  0
2633.50  0
2633.75  0
2634.00  1
2634.25  0
2634.50  0
2634.75  0
2635.00  1
2635.25  0
2635.50  0
2635.75  0
2636.00  1
2636.25  0
2636.50  0
2636.75  0
2637.00  1
2637.25  0
2637.50  0
2637.75  0
2638.00  1
2638.25  0
2638.50  0
2638.75  0
2639.00  1
2639.25  0
2639.50  0
2639.75  0
2640.00  1
2640.25  0
2640.50  0
2640.75  0
2641.00  1
2641.25  0
2641.50  0
2641.75  0
2642.00  1
2642.25  0
2642.50  0
2642.75  0
2643.00  1
2643.25  0
2643.50  0
2643.75  0
2644.00  1
2644.25  0
2644.50  0
2644.75  0
2645.00  1
2645.25  0
2645.50  0
2645.75  0
2646.00  1
2646.25  0
2646.50  0
2646.75  0
2647.00  1
2647.25  0
2647.50  0
2647.75  0
2648.00  1
2648.25  0
2648.50  0
2648.75  0
2649.00  1
2649.25  0
2649.50  0
2649.75  0
2650.00  1
2650.25  0
2650.50  0
2650.75  0
2651.00  1
2651.25  0
2651.50  0
2651.75  0
2652.00  1
2652.25  0
2652.50  0
2652.75  0
2653.00  1
2653.25  0
2653.50  0
2653.75  0
2654.00  1
2654.25  0
2654.50  0
2654.75  0
2655.00  1
2655.25  0
2655.50  0
2655.75  0
2656.00  1
2656.25  0
2656.50  0
2656.75  0
2657.00  1
2657.25  0
2657.50  0
2657.75  0
2658.00  1
2658.25  0
2658.50  0
2658.75  0
2659.00  1
2659.25  0
2659.50  0
2659.75  0
2660.00  1
2660.25  0
2660.50  0
2660.75  0
2661.00  1
2661.25  0
2661.50  0
2661.75  0
2662.00  1
2662.25  0
2662.50  0
2662.75  0
2663.00  1
2663.25  0
2663.50  0
2663.75  0
2664.00  1
2664.25  0
2664.50  0
2664.75  0
2665.00  1
2665.25  0
2665.50  0
2665.75  0
2666.00  1
2666.25  0
2666.50  0
2666.75  0
2667.00  1
2667.25  0
2667.50  0
2667.75  0
2668.00  1
2668.25  0
2668.50  0
2668.75  0
2669.00  1
2669.25  0
2669.50  0
2669.75  0
2670.00  1
2670.25  0
2670.50  0
2670.75  0
2671.00  1
2671.25  0
2671.50  0
2671.75  0
2672.00  1
2672.25  0
2672.50  0
2672.75  0
2673.00  1
2673.25  0
2673.50  0
2673.75  0
2674.00  1
2674.25  0
2674.50  0
2674.75  0
2675.00  1
2675.25  0
2675.50  0
2675.75  0
2676.00  1
2676.25  0
2676.50  0
2676.75  0
2677.00  1
2677.25  0
2677.50  0
2677.75  0
2678.00  1
2678.25  0
2678.50  0
2678.75  0
2679.00  1
2679.25  0
2679.50  0
2679.75  0
2680.00  1
2680.25  0
2680.50  0
2680.75  0
2681.00  1
2681.25  0
2681.50  0
2681.75  0
2682.00  1
2682.25  0
2682.50  0
2682.75  0
2683.00  1
2683.25  0
2683.50  0
2683.75  0
2684.00  1
2684.25  0
2684.50  0
2684.75  0
2685.00  1
2685.25  0
2685.50  0
2685.75  0
2686.00  1
2686.25  0
2686.50  0
2686.75  0
2687.00  1
2687.25  0
2687.50  0
2687.75  0
2688.00  1
2688.25  0
2688.50  0
2688.75  0
2689.00  1
2689.25  0
2689.50  0
2689.75  0
2690.00  1
2690.25  0
2690.50  0
2690.75  0
2691.00  1
2691.25  0
2691.50  0
2691.75  0
2692.00  1
2692.25  0
2692.50  0
2692.75  0
2693.00  1
2693.25  0
2693.50  0
2693.75  0
2694.00  1
2694.25  0
2694.50  0
2694.75  0
2695.00  1
2695.25  0
2695.50  0
2695.75  0
2696.00  1
2696.25  0
2696.50  0
2696.75  0
2697.00  1
2697.25  0
2697.50  0
2697.75  0
2698.00  1
2698.25  0
2698.50  0
2698.75  0
2699.00  1
2699.25  0
2699.50  0
2699.75  0
2700.00  1
2700.25  0
2700.50  0
2700.75  0
2701.00  1
2701.25  0
2701.50  0
2701.75  0
2702.00  1
2702.25  0
2702.50  0
2702.75  0
2703.00  1
2703.25  0
2703.50  0
2703.75  0
2704.00  1
2704.25  0
2704.50  0
2704.75  0
2705.00  1
2705.25  0
2705.50  0
2705.75  0
2706.00  1
2706.25  0
2706.50  0
2706.75  0
2707.00  1
2707.25  0
2707.50  0
2707.75  0
2708.00  1
2708.25  0
2708.50  0
2708.75  0
2709.00  1
2709.25  0
2709.50  0
2709.75  0
2710.00  1
2710.25  0
2710.50  0
2710.75  0
2711.00  1
2711.25  0
2711.50  0
2711.75  0
2712.00  1
2712.25  0
2712.50  0
2712.75  0
2713.00  1
2713.25  0
2713.50  0
2713.75  0
2714.00  1
2714.25  0
2714.50  0
2714.75  0
2715.00  1
2715.25  0
2715.50  0
2715.75  0
2716.00  1
2716.25  0
2716.50  0
2716.75  0
2717.00  1
2717.25  0
2717.50  0
2717.75  0
2718.00  1
2718.25  0
2718.50  0
2718.75  0
2719.00  1
2719.25  0
2719.50  0
2719.75  0
2720.00  1
2720.25  0
2720.50  0
2720.75  0
2721.00  1
2721.25  0
2721.50  0
2721.75  0
2722.00  1
2722.25  0
2722.50  0
2722.75  0
2723.00  1
2723.25  0
2723.50  0
2723.75  0
2724.00  1
2724.25  0
2724.50  0
2724.75  0
2725.00  1
2725.25  0
2725.50  0
2725.75  0
2726.00  1
2726.25  0
2726.50  0
2726.75  0
2727.00  1
2727.25  0
2727.50  0
2727.75  0
2728.00  1
2728.25  0
2728.50  0
2728.75  0
2729.00  1
2729.25  0
2729.50  0
2729.75  0
2730.00  1
2730.25  0
2730.50  0
2730.75  0
2731.00  1
2731.25  0
2731.50  0
2731.75  0
2732.00  1
2732.25  0
2732.50  0
2732.75  0
2733.00  1
2733.25  0
2733.50  0
2733.75  0
2734.00  1
2734.25  0
2734.50  0
2734.75  0
2735.00  1
2735.25  0
2735.50  0
2735.75  0
2736.00  1
2736.25  0
2736.50  0
2736.75  0
2737.00  1
2737.25  0
2737.50  0
2737.75  0
2738.00  1
2738.25  0
2738.50  0
2738.75  0
2739.00  1
2739.25  0
2739.50  0
2739.75  0
2740.00  1
2740.25  0
2740.50  0
2740.75  0
2741.00  1
2741.25  0
2741.50  0
2741.75  0
2742.00  1
2742.25  0
2742.50  0
2742.75  0
2743.00  1
2743.25  0
2743.50  0
2743.75  0
2744.00  1
2744.25  0
2744.50  0
2744.75  0
2745.00  1
2745.25  0
2745.50  0
2745.75  0
2746.00  1
2746.25  0
2746.50  0
2746.75  0
2747.00  1
2747.25  0
2747.50  0
2747.75  0
2748.00  1
2748.25  0
2748.50  0
2748.75  0
2749.00  1
2749.25  0
2749.50  0
2749.75  0
2750.00  1
2750.25  0
2750.50  0
2750.75  0
2751.00  1
2751.25  0
2751.50  0
2751.75  0
2752.00  1
2752.25  0
2752.50  0
2752.75  0
2753.00  1
2753.25  0
2753.50  0
2753.75  0
2754.00  1
2754.25  0
2754.50  0
2754.75  0
2755.00  1
2755.25  0
2755.50  0
2755.75  0
2756.00  1
2756.25  0
2756.50  0
2756.75  0
2757.00  1
2757.25  0
2757.50  0
2757.75  0
2758.00  1
2758.25  0
2758.50  0
2758.75  0
2759.00  1
2759.25  0
2759.50  0
2759.75  0
2760.00  1
2760.25  0
2760.50  0
2760.75  0
2761.00  1
2761.25  0
2761.50  0
2761.75  0
2762.00  1
2762.25  0
2762.50  0
2762.75  0
2763.00  1
2763.25  0
2763.50  0
2763.75  0
2764.00  1
2764.25  0
2764.50  0
2764.75  0
2765.00  1
2765.25  0
2765.50  0
2765.75  0
2766.00  1
2766.25  0
2766.50  0
2766.75  0
2767.00  1
2767.25  0
2767.50  0
2767.75  0
2768.00  1
2768.25  0
2768.50  0
2768.75  0
2769.00  1
2769.25  0
2769.50  0
2769.75  0
2770.00  1
2770.25  0
2770.50  0
2770.75  0
2771.00  1
2771.25  0
2771.50  0
2771.75  0
2772.00  1
2772.25  0
2772.50  0
2772.75  0
2773.00  1
2773.25  0
2773.50  0
2773.75  0
2774.00  1
2774.25  0
2774.50  0
2774.75  0
2775.00  1
2775.25  0
2775.50  0
2775.75  0
2776.00  1
2776.25  0
2776.50  0
2776.75  0
2777.00  1
2777.25  0
2777.50  0
2777.75  0
2778.00  1
2778.25  0
2778.50  0
2778.75  0
2779.00  1
2779.25  0
2779.50  0
2779.75  0
2780.00  1
2780.25  0
2780.50  0
2780.75  0
2781.00  1
2781.25  0
2781.50  0
2781.75  0
2782.00  1
2782.25  0
2782.50  0
2782.75  0
2783.00  1
2783.25  0
2783.50  0
2783.75  0
2784.00  1
2784.25  0
2784.50  0
2784.75  0
2785.00  1
2785.25  0
2785.50  0
2785.75  0
2786.00  1
2786.25  0
2786.50  0
2786.75  0
2787.00  1
2787.25  0
2787.50  0
2787.75  0
2788.00  1
2788.25  0
2788.50  0
2788.75  0
2789.00  1
2789.25  0
2789.50  0
2789.75  0
2790.00  1
2790.25  0
2790.50  0
2790.75  0
2791.00  1
2791.25  0
2791.50  0
2791.75  0
2792.00  1
2792.25  0
2792.50  0
2792.75  0
2793.00  1
2793.25  0
2793.50  0
2793.75  0
2794.00  1
2794.25  0
2794.50  0
2794.75  0
2795.00  1
2795.25  0
2795.50  0
2795.75  0
2796.00  1
2796.25  0
2796.50  0
2796.75  0
2797.00  1
2797.25  0
2797.50  0
2797.75  0
2798.00  1
2798.25  0
2798.50  0
2798.75  0
2799.00  1
2799.25  0
2799.50  0
2799.75  0
2800.00  1
2800.25  0
2800.50  0
2800.75  0
2801.00  1
2801.25  0
2801.50  0
2801.75  0
2802.00  1
2802.25  0
2802.50  0
2802.75  0
2803.00  1
2803.25  0
2803.50  0
2803.75  0
2804.00  1
2804.25  0
2804.50  0
2804.75  0
2805.00  1
2805.25  0
2805.50  0
2805.75  0
2806.00  1
2806.25  0
2806.50  0
2806.75  0
2807.00  1
2807.25  0
2807.50  0
2807.75  0
2808.00  1
2808.25  0
2808.50  0
2808.75  0
2809.00  1
2809.25  0
2809.50  0
2809.75  0
2810.00  1
2810.25  0
2810.50  0
2810.75  0
2811.00  1
2811.25  0
2811.50  0
2811.75  0
2812.00  1
2812.25  0
2812.50  0
2812.75  0
2813.00  1
2813.25  0
2813.50  0
2813.75  0
2814.00  1
2814.25  0
2814.50  0
2814.75  0
2815.00  1
2815.25  0
2815.50  0
2815.75  0
2816.00  1
2816.25  0
2816.50  0
2816.75  0
2817.00  1
2817.25  0
2817.50  0
2817.75  0
2818.00  1
2818.25  0
2818.50  0
2818.75  0
2819.00  1
2819.25  0
2819.50  0
2819.75  0
2820.00  1
2820.25  0
2820.50  0
2820.75  0
2821.00  1
2821.25  0
2821.50  0
2821.75  0
2822.00  1
2822.25  0
2822.50  0
2822.75  0
2823.00  1
2823.25  0
2823.50  0
2823.75  0
2824.00  1
2824.25  0
2824.50  0
2824.75  0
2825.00  1
2825.25  0
2825.50  0
2825.75  0
2826.00  1
2826.25  0
2826.50  0
2826.75  0
2827.00  1
2827.25  0
2827.50  0
2827.75  0
2828.00  1
2828.25  0
2828.50  0
2828.75  0
2829.00  1
2829.25  0
2829.50  0
2829.75  0
2830.00  1
2830.25  0
2830.50  0
2830.75  0
2831.00  1
2831.25  0
2831.50  0
2831.75  0
2832.00  1
2832.25  0
2832.50  0
2832.75  0
2833.00  1
2833.25  0
2833.50  0
2833.75  0
2834.00  1
2834.25  0
2834.50  0
2834.75  0
2835.00  1
2835.25  0
2835.50  0
2835.75  0
2836.00  1
2836.25  0
2836.50  0
2836.75  0
2837.00  1
2837.25  0
2837.50  0
2837.75  0
2838.00  1
2838.25  0
2838.50  0
2838.75  0
2839.00  1
2839.25  0
2839.50  0
2839.75  0
2840.00  1
2840.25  0
2840.50  0
2840.75  0
2841.00  1
2841.25  0
2841.50  0
2841.75  0
2842.00  1
2842.25  0
2842.50  0
2842.75  0
2843.00  1
2843.25  0
2843.50  0
2843.75  0
2844.00  1
2844.25  0
2844.50  0
2844.75  0
2845.00  1
2845.25  0
2845.50  0
2845.75  0
2846.00  1
2846.25  0
2846.50  0
2846.75  0
2847.00  1
2847.25  0
2847.50  0
2847.75  0
2848.00  1
2848.25  0
2848.50  0
2848.75  0
2849.00  1
2849.25  0
2849.50  0
2849.75  0
2850.00  1
2850.25  0
2850.50  0
2850.75  0
2851.00  1
2851.25  0
2851.50  0
2851.75  0
2852.00  1
2852.25  0
2852.50  0
2852.75  0
2853.00  1
2853.25  0
2853.50  0
2853.75  0
2854.00  1
2854.25  0
2854.50  0
2854.75  0
2855.00  1
2855.25  0
2855.50  0
2855.75  0
2856.00  1
2856.25  0
2856.50  0
2856.75  0
2857.00  1
2857.25  0
2857.50  0
2857.75  0
2858.00  1
2858.25  0
2858.50  0
2858.75  0
2859.00  1
2859.25  0
2859.50  0
2859.75  0
2860.00  1
2860.25  0
2860.50  0
2860.75  0
2861.00  1
2861.25  0
2861.50  0
2861.75  0
2862.00  1
2862.25  0
2862.50  0
2862.75  0
2863.00  1
2863.25  0
2863.50  0
2863.75  0
2864.00  1
2864.25  0
2864.50  0
2864.75  0
2865.00  1
2865.25  0
2865.50  0
2865.75  0
2866.00  1
2866.25  0
2866.50  0
2866.75  0
2867.00  1
2867.25  0
2867.50  0
2867.75  0
2868.00  1
2868.25  0
2868.50  0
2868.75  0
2869.00  1
2869.25  0
2869.50  0
2869.75  0
2870.00  1
2870.25  0
2870.50  0
2870.75  0
2871.00  1
2871.25  0
2871.50  0
2871.75  0
2872.00  1
2872.25  0
2872.50  0
2872.75  0
2873.00  1
2873.25  0
2873.50  0
2873.75  0
2874.00  1
2874.25  0
2874.50  0
2874.75  0
2875.00  1
2875.25  0
2875.50  0
2875.75  0
2876.00  1
2876.25  0
2876.50  0
2876.75  0
2877.00  1
2877.25  0
2877.50  0
2877.75  0
2878.00  1
2878.25  0
2878.50  0
2878.75  0
2879.00  1
2879.25  0
2879.50  0
2879.75  0
2880.00  1
2880.25  0
2880.50  0
2880.75  0
2881.00  1
2881.25  0
2881.50  0
2881.75  0
2882.00  1
2882.25  0
2882.50  0
2882.75  0
2883.00  1
2883.25  0
2883.50  0
2883.75  0
2884.00  1
2884.25  0
2884.50  0
2884.75  0
2885.00  1
2885.25  0
2885.50  0
2885.75  0
2886.00  1
2886.25  0
2886.50  0
2886.75  0
2887.00  1
2887.25  0
2887.50  0
2887.75  0
2888.00  1
2888.25  0
2888.50  0
2888.75  0
2889.00  1
2889.25  0
2889.50  0
2889.75  0
2890.00  1
2890.25  0
2890.50  0
2890.75  0
2891.00  1
2891.25  0
2891.50  0
2891.75  0
2892.00  1
2892.25  0
2892.50  0
2892.75  0
2893.00  1
2893.25  0
2893.50  0
2893.75  0
2894.00  1
2894.25  0
2894.50  0
2894.75  0
2895.00  1
2895.25  0
2895.50  0
2895.75  0
2896.00  1
2896.25  0
2896.50  0
2896.75  0
2897.00  1
2897.25  0
2897.50  0
2897.75  0
2898.00  1
2898.25  0
2898.50  0
2898.75  0
2899.00  1
2899.25  0
2899.50  0
2899.75  0
2900.00  1
2900.25  0
2900.50  0
2900.75  0
2901.00  1
2901.25  0
2901.50  0
2901.75  0
2902.00  1
2902.25  0
2902.50  0
2902.75  0
2903.00  1
2903.25  0
2903.50  0
2903.75  0
2904.00  1
2904.25  0
2904.50  0
2904.75  0
2905.00  1
2905.25  0
2905.50  0
2905.75  0
2906.00  1
2906.25  0
2906.50  0
2906.75  0
2907.00  1
2907.25  0
2907.50  0
2907.75  0
2908.00  1
2908.25  0
2908.50  0
2908.75  0
2909.00  1
2909.25  0
2909.50  0
2909.75  0
2910.00  1
2910.25  0
2910.50  0
2910.75  0
2911.00  1
2911.25  0
2911.50  0
2911.75  0
2912.00  1
2912.25  0
2912.50  0
2912.75  0
2913.00  1
2913.25  0
2913.50  0
2913.75  0
2914.00  1
2914.25  0
2914.50  0
2914.75  0
2915.00  1
2915.25  0
2915.50  0
2915.75  0
2916.00  1
2916.25  0
2916.50  0
2916.75  0
2917.00  1
2917.25  0
2917.50  0
2917.75  0
2918.00  1
2918.25  0
2918.50  0
2918.75  0
2919.00  1
2919.25  0
2919.50  0
2919.75  0
2920.00  1
2920.25  0
2920.50  0
2920.75  0
2921.00  1
2921.25  0
2921.50  0
2921.75  0
2922.00  1
2922.25  0
2922.50  0
2922.75  0
2923.00  1
2923.25  0
2923.50  0
2923.75  0
2924.00  1
2924.25  0
2924.50  0
2924.75  0
2925.00  1
2925.25  0
2925.50  0
2925.75  0
2926.00  1
2926.25  0
2926.50  0
2926.75  0
2927.00  1
2927.25  0
2927.50  0
2927.75  0
2928.00  1
2928.25  0
2928.50  0
2928.75  0
2929.00  1
2929.25  0
2929.50  0
2929.75  0
2930.00  1
2930.25  0
2930.50  0
2930.75  0
2931.00  1
2931.25  0
2931.50  0
2931.75  0
2932.00  1
2932.25  0
2932.50  0
2932.75  0
2933.00  1
2933.25  0
2933.50  0
2933.75  0
2934.00  1
2934.25  0
2934.50  0
2934.75  0
2935.00  1
2935.25  0
2935.50  0
2935.75  0
2936.00  1
2936.25  0
2936.50  0
2936.75  0
2937.00  1
2937.25  0
2937.50  0
2937.75  0
2938.00  1
2938.25  0
2938.50  0
2938.75  0
2939.00  1
2939.25  0
2939.50  0
2939.75  0
2940.00  1
2940.25  0
2940.50  0
2940.75  0
2941.00  1
2941.25  0
2941.50  0
2941.75  0
2942.00  1
2942.25  0
2942.50  0
2942.75  0
2943.00  1
2943.25  0
2943.50  0
2943.75  0
2944.00  1
2944.25  0
2944.50  0
2944.75  0
2945.00  1
2945.25  0
2945.50  0
2945.75  0
2946.00  1
2946.25  0
2946.50  0
2946.75  0
2947.00  1
2947.25  0
2947.50  0
2947.75  0
2948.00  1
2948.25  0
2948.50  0
2948.75  0
2949.00  1
2949.25  0
2949.50  0
2949.75  0
2950.00  1
2950.25  0
2950.50  0
2950.75  0
2951.00  1
2951.25  0
2951.50  0
2951.75  0
2952.00  1
2952.25  0
2952.50  0
2952.75  0
2953.00  1
2953.25  0
2953.50  0
2953.75  0
2954.00  1
2954.25  0
2954.50  0
2954.75  0
2955.00  1
2955.25  0
2955.50  0
2955.75  0
2956.00  1
2956.25  0
2956.50  0
2956.75  0
2957.00  1
2957.25  0
2957.50  0
2957.75  0
2958.00  1
2958.25  0
2958.50  0
2958.75  0
2959.00  1
2959.25  0
2959.50  0
2959.75  0
2960.00  1
2960.25  0
2960.50  0
2960.75  0
2961.00  1
2961.25  0
2961.50  0
2961.75  0
2962.00  1
2962.25  0
2962.50  0
2962.75  0
2963.00  1
2963.25  0
2963.50  0
2963.75  0
2964.00  1
2964.25  0
2964.50  0
2964.75  0
2965.00  1
2965.25  0
2965.50  0
2965.75  0
2966.00  1
2966.25  0
2966.50  0
2966.75  0
2967.00  1
2967.25  0
2967.50  0
2967.75  0
2968.00  1
2968.25  0
2968.50  0
2968.75  0
2969.00  1
2969.25  0
2969.50  0
2969.75  0
2970.00  1
2970.25  0
2970.50  0
2970.75  0
2971.00  1
2971.25  0
2971.50  0
2971.75  0
2972.00  1
2972.25  0
2972.50  0
2972.75  0
2973.00  1
2973.25  0
2973.50  0
2973.75  0
2974.00  1
2974.25  0
2974.50  0
2974.75  0
2975.00  1
2975.25  0
2975.50  0
2975.75  0
2976.00  1
2976.25  0
2976.50  0
2976.75  0
2977.00  1
2977.25  0
2977.50  0
2977.75  0
2978.00  1
2978.25  0
2978.50  0
2978.75  0
2979.00  1
2979.25  0
2979.50  0
2979.75  0
2980.00  1
2980.25  0
2980.50  0
2980.75  0
2981.00  1
2981.25  0
2981.50  0
2981.75  0
2982.00  1
2982.25  0
2982.50  0
2982.75  0
2983.00  1
2983.25  0
2983.50  0
2983.75  0
2984.00  1
2984.25  0
2984.50  0
2984.75  0
2985.00  1
2985.25  0
2985.50  0
2985.75  0
2986.00  1
2986.25  0
2986.50  0
2986.75  0
2987.00  1
2987.25  0
2987.50  0
2987.75  0
2988.00  1
2988.25  0
2988.50  0
2988.75  0
2989.00  1
2989.25  0
2989.50  0
2989.75  0
2990.00  1
2990.25  0
2990.50  0
2990.75  0
2991.00  1
2991.25  0
2991.50  0
2991.75  0
2992.00  1
2992.25  0
2992.50  0
2992.75  0
2993.00  1
2993.25  0
2993.50  0
2993.75  0
2994.00  1
2994.25  0
2994.50  0
2994.75  0
2995.00  1
2995.25  0
2995.50  0
2995.75  0
2996.00  1
2996.25  0
2996.50  0
2996.75  0
2997.00  1
2997.25  0
2997.50  0
2997.75  0
2998.00  1
2998.25  0
2998.50  0
2998.75  0
2999.00  1
2999.25  0
2999.50  0
2999.75  0
3000.00  1
